cusip,ticker,stock_cik,permno
000360206,AAON,824142,
000361105,AIR,1750,
00081T108,ACCO,712034,
000868109,ACNB,715579,
00090Q103,ADT,1703056,
00091G104,ACVA,1637873,
000957100,ABM,771497,
001055102,AFL,4977,
001084102,AGCO,880266,
00108J109,ACMR,1680062,
00109K105,AFCG,1822523,
00123Q104,AGNC,1423689,
00130H105,AES,874761,
00166B105,ALXO,1810182,
001744101,AMN,1142750,
00175J107,POWW,1015383,
00181T107,GOLD,1591588,
00187Y100,APG,1796209,
00191U102,EFOR,890564,
00206R102,T,732717,
002120202,ATYR,1339970,
002121101,ATEN,1580808,
00215F107,ATNI,879585,
00215W100,ASX,1122411,
00246W103,AXTI,1051627,
002474104,AZZ,8947,
002824100,ABT,1800,
00287Y109,ABBV,1551152,
002896207,ANF,1018840,
003881307,ACTG,934549,
00402L107,ASO,1817358,
00404A109,ACHC,1520697,
004225108,ACAD,1070494,
004239109,AKR,899629,
00436Q106,ACEL,1698991,
004816104,ACU,2098,
00486H105,ADTN,926282,
00508Y102,AYI,1144215,
005098108,GOLF,1672013,
00650F109,ADPT,1478320,
00653Q102,AHCO,1725255,
006739106,ADUS,1468328,
00676P107,ADEA,1803696,
00724F101,ADBE,796343,
00737L103,CVSA,730464,
00751Y106,AAP,1158449,
00760J108,AEHR,1040470,
00766T100,ACM,868857,
00773T101,ASIX,1673985,
007903107,AMD,2488,
00790R104,WMS,1604028,
00791N102,ADV,1776661,
007973100,AEIS,927003,
008252108,AMG,1004434,
00832E103,AFBI,1823406,
008474108,AEM,2809,
00847J105,AGYS,78749,
00847X104,AGIO,1439222,
008492100,ADC,917251,
009158106,APD,2969,
009207101,AIRT,353184,
00938A104,AIRG,1272842,
00971T101,AKAM,1086222,
00972D105,AKBA,1517022,
011311107,ALG,897077,
011532108,AGI,1178819,
011642105,ALRM,1459200,
011659109,ALK,766421,
012348108,AIN,819793,
012653101,ALB,915913,
013872106,AA,1675149,
01438T106,ALDX,1341235,
014442107,ALEC,1653087,
01446U103,ALRS,903419,
015271109,ARE,1035443,
015857105,AQN,1174169,
01609W102,BABA,1577552,
016230104,ALCO,3545,
01625V104,ALHC,1832466,
01644J108,ALKT,1529274,
01748X102,ALGT,1362468,
01749D105,ALGM,866291,
018581108,BFH,1101215,
01877R108,ARLP,1086600,
018802108,LNT,352541,
019330109,ALNT,46129,
01973R101,ALSN,1411207,
020002101,ALL,899051,
02005N100,ALLY,40729,
02043Q107,ALNY,1178670,
020764106,AMR,1704715,
021513106,ALTO,778164,
02156K103,OPTU,1702780,
02209S103,MO,764180,
022671101,AMAL,1823608,
023135106,AMZN,1018724,
023139884,OSG,874501,
02319V103,ABEV,1565025,
02341Q205,DIT,928465,
023576101,AMTB,1734342,
023586100,UHAL,4457,
023608102,AEE,1002910,
02376R102,AAL,6201,
024013104,AAT,1500217,
024061103,DCH,1062231,
025537101,AEP,4904,
02553E106,AEO,919012,
025816109,AXP,4962,
025932104,AFG,1042046,
026874784,AIG,5272,
02875D109,AOUT,1808997,
02913V103,APEI,1201792,
029595105,AMS,744825,
029899101,AWR,1056903,
030111207,AMSC,880807,
03027X100,AMT,1053507,
030371108,AVD,5981,
03062T105,CRMT,799850,
03064D108,COLD,1455863,
03073E105,ABG,1144980,
03073E105,COR,1140859,
03074A102,ASRV,707605,
03076C106,AMP,820027,
03076K108,ABCB,351569,
031001100,ATLO,1132651,
031100100,AME,1037868,
031162100,AMGN,318154,
031652100,AMKR,1047127,
032037103,AP,6176,
032095101,APH,820313,
03209R103,AMPH,1297184,
03214Q108,AMPX,1899287,
032159105,AXR,6207,
032332504,ASYS,720500,
032654105,ADI,6281,
032724106,ANAB,1370053,
034164103,ANDE,821026,
03464Y108,AOMR,1766478,
03475V101,ANGO,1275187,
035128206,AU,1973832,
03524A108,BUD,1668717,
035255108,ANIK,898437,
035710839,NLY,1043219,
03674X106,AR,1433270,
036752103,ELV,1156039,
03676B102,AM,1623925,
03676C100,ATEX,1304492,
03743Q108,APA,1841666,
03748R747,AIV,922864,
037598109,APOG,6845,
03762U105,ARI,1467760,
03763A207,ASTH,1083446,
03769M106,APO,1858681,
037833100,AAPL,320193,
03820C105,AIT,109563,
038222105,AMAT,6951,
03823U102,AAOI,1158114,
038336103,ATR,896622,
03837C106,APYX,719135,
03852U106,ARMK,1584509,
038923108,ABR,1253986,
03937C105,ARCB,894405,
03938L203,MT,1243429,
039483102,ADM,7084,
03957W106,AROC,1389050,
039653100,ACA,1739445,
039697107,ARDX,1437402,
03969F109,RCUS,1724521,
03969K108,ARQT,1787306,
03990B101,ARES,1176948,
04010E109,AGX,100591,
04013V108,ACRE,1529377,
04016X101,ARGX,1697862,
040413205,ANET,1596532,
040712101,ARKR,779544,
041242108,ARKO,1823794,
042068205,ARM,1973239,
04206A101,ARLO,1736946,
04208T108,AHRT,1569187,
04247X102,AWI,7431,
04271T100,ARRY,1820721,
042735100,ARW,7536,
042744102,AROW,717538,
04280A100,ARWR,879407,
043113208,ARTNA,863110,
043168103,ARTW,7623,
04335A105,ARVN,1655759,
043436104,ABG,1144980,
044186104,ASH,1674862,
04523Y105,ASPN,1145986,
045487105,ASB,7789,
04621X108,AIZ,1267238,
046224101,ASTE,792987,
04626A103,ALAB,1736297,
04638F108,ALOT,8146,
046433108,ATRO,8063,
046433207,ATROB,8063,
04681Y103,ASIC,2040491,
047649108,ATKR,1666138,
048209100,AAME,8177,
04911A107,AUB,883948,
04914Y102,ATLC,1464343,
049560105,ATO,731802,
04956D107,ATMU,1921963,
04963C209,ATRC,1323885,
050473107,AUBN,750574,
05156V102,AUPH,1600620,
051774107,AUR,1828108,
052769106,ADSK,769397,
05278C107,ATHM,1527636,
052800109,ALV,1034670,
053015103,ADP,8670,
05329W102,AN,350698,
053332102,AZO,866787,
053484101,AVB,915912,
05350V106,AVNS,1606498,
05352A100,AVTR,1722482,
05356F105,AVAH,1832332,
053604104,AVPT,1777921,
053611109,AVY,8818,
05366Y201,AVNW,1377789,
05368V106,AVNT,1122976,
053774105,CAR,723612,
05379B107,AVA,104918,
053807103,AVT,8858,
05453N100,AWRE,1015739,
054540208,ACLS,1113232,
05463X106,AXGN,805928,
05464C101,AXON,1069183,
05464T104,AXSM,1579428,
05508R106,DHR,313616,
055298103,BCBP,1228454,
05534B760,BCE,718940,
05550J101,BJ,1531152,
05561Q201,BOKF,875357,
05580M108,RILY,1464790,
05589G102,BWIN,1781755,
05605H100,BWXT,1486957,
05637B105,BLZE,1462056,
056525108,BMI,9092,
05722G100,BKR,1701605,
057665200,BCPC,9326,
058498106,BALL,9389,
05875B106,BALY,1747079,
05945F103,BANF,760498,
059460303,BBD,1160330,
05946K101,BBVA,842180,
059520106,BCH,1161125,
05964H105,SAN,891478,
05969A105,TBBK,1295401,
05990K106,BANC,1169770,
060505104,BAC,70858,
06211J100,BFC,1746109,
062540109,BOH,46195,
063425102,BMRC,1403475,
063671101,BMO,927971,
064058100,BNY,1390777,
064149107,BNS,9631,
064520109,BPRN,1913971,
065066102,BKSC,1007273,
06652K103,BKU,1504008,
06652N107,BSVN,1746129,
06652V208,BANR,946673,
06654A103,BWFG,1505732,
066849100,BHB,743367,
06684L103,BZUN,1625414,
06738E204,BCS,312069,
067901108,GOLD,1591588,
067901108,ABX,1814287,
068463108,BBSI,902791,
070203104,BSET,10329,
070830104,BBWI,701985,
07134L107,BATL,1282648,
071734107,BHC,885590,
071813109,BAX,10456,
07272M107,BCML,1730984,
07373V105,BEAM,1745999,
07556Q881,BZH,915840,
075887109,BDX,10795,
077347201,BELFA,729580,
077347300,BELFB,729580,
077454106,BDC,913142,
07831C103,BRBR,1772016,
08160H101,BHE,863436,
084423102,WRB,11544,
084680107,BBT,1108134,
086516101,BBY,764478,
088606108,BHP,811809,
08986R309,BH,1726173,
090043100,BILL,1786352,
09058V103,BCRX,882796,
09061G101,BMRN,1048477,
09062W204,BLFS,834365,
09062X103,BIIB,875045,
09073M104,TECH,842023,
09075V102,BNTX,1776985,
09180C106,BJRI,1013488,
092113109,BKH,1130464,
09227Q100,BLKB,1280058,
09239B109,BL,1666134,
09247X101,BLK,2012383,
09257W100,BXMT,1061630,
09260D107,BX,1393818,
09290D101,BLK,2012383,
093671105,HRB,12659,
093712107,BE,1664703,
094235108,BLMN,1546417,
095306106,BLBD,1589526,
095825105,BRBS,842717,
09624H208,BXC,1301787,
097023105,BA,12927,
09739D100,BCC,1328581,
09857L108,BKNG,1075531,
099406100,BOOT,1610250,
099502106,BAH,1443646,
099724106,BWA,908255,
101044105,BOC,1494582,
101121101,BXP,1037540,
101137107,BSX,885725,
103304101,BYD,906553,
105368203,BDN,790816,
105532105,BAK,1071438,
10576N102,BRZE,1676238,
10806X102,BBIO,1743881,
10807Q700,BLIN,1378590,
108621103,BWB,1341317,
108763103,BRID,14177,
109194100,BFAM,1437578,
10922N103,BHF,1685040,
10948C107,BV,1734713,
10948W103,AAMI,1748824,
10949T109,BRSP,1717547,
10950A106,BTSG,1865782,
109641100,EAT,703351,
109696104,BCO,78890,
110122108,BMY,14272,
11040G103,VTOL,1525221,
11120U105,BRX,1581068,
11133T103,BR,1383312,
11135E203,BNL,1424182,
11135F101,AVGO,1730168,
111444105,BYFC,1001171,
11161T207,BWEN,1120370,
11284V105,BEPC,1791863,
114340102,AZTA,933974,
115236101,BRO,79282,
116794108,BRKR,1109354,
117043109,BC,14930,
118440106,BKE,885245,
120076104,BBW,1113809,
12008R107,BLDR,1316835,
12047B105,BMBL,1830043,
122017106,BURL,1579298,
12326C105,BFST,1624322,
124411109,BY,1702750,
12466Q104,CFFI,913341,
124765108,CAE,1173382,
12479G101,CBFV,1605301,
124805102,CBZ,944148,
12503M108,CBOE,1374310,
12504L109,CBRE,1138118,
12510Q100,CCC,1818201,
125141101,CECO,3197,
12514G108,CDW,1402057,
12520L109,CFBK,1070680,
125269100,CF,1324404,
12541W209,CHRW,1043277,
125523100,CI,1739940,
12562N104,CKX,352955,
12572Q105,CME,1156375,
125896100,CMS,811156,
126117100,CNA,21175,
126128107,CCNE,736772,
12618T105,CRAI,1053706,
126389105,CSPI,356037,
126402106,CSW,1624794,
126408103,CSX,277948,
126501105,CTS,26058,
12653C108,CNX,1070412,
126600105,CVBF,354647,
126650100,CVS,64803,
12685J105,CABO,1632127,
127055101,CBT,16040,
127387108,CDNS,813672,
12769G100,CZR,1590895,
128030202,CALM,16160,
129500104,CAL,14707,
130788102,CWT,1035201,
13100M509,CALX,1406666,
131193104,CALY,837465,
133034108,CAC,750686,
133131102,CPT,906345,
13321L108,CCO,1334978,
134429109,CPB,16732,
136069101,CM,1045520,
136375102,CNI,16868,
136375102,CNR,1710366,
136385101,CRC,1609253,
136385101,CNQ,1017413,
13646K108,CP,16875,
13765N107,CNNE,1704720,
138035100,CGC,1737927,
13811E101,CPHC,1672909,
139674105,CCBG,726601,
139737100,CBNK,1419536,
14040H105,COF,927628,
14057J101,CFFN,1490906,
14149Y108,CAH,721371,
14161W105,CDLX,1666071,
14167L103,CDNA,1217234,
14174T107,CTRE,1590717,
142152107,CAI,2019410,
142339100,CSL,790051,
143130102,KMX,1170010,
14316J108,CG,1527166,
143658300,CCL,815097,
143905107,CSV,1016281,
144285103,CRS,17843,
14448C104,CARR,1783180,
14575E105,CARS,1683606,
146103106,CARE,1829576,
146229109,CRI,1060822,
146875604,CARV,1016178,
147528103,CASY,726958,
14808P109,CASS,708781,
14817C107,FLNA,1069530,
14843C105,CSTL,1447362,
148929102,CAVA,1639438,
149123101,CAT,18230,
149150104,CATY,861842,
149568107,CVCO,278166,
150870103,CE,1306830,
15101Q207,CLS,1030894,
15118V207,CELH,1341766,
15126Q208,CPAC,1221029,
15135B101,CNC,1071739,
15135U109,CVE,1475260,
15189T107,CNP,1130310,
152006102,CG,1527166,
15202L107,CSR,798359,
154760409,CPF,701347,
156431108,CENX,949157,
156492100,CNTY,911147,
156504300,CCS,1576940,
156727109,CRNC,1768267,
157085101,CERS,1020214,
157210105,CEVA,1173489,
159864107,CRL,1100682,
16119P108,CHTR,1091667,
16208T102,CLDT,1476045,
163072101,CAKE,887596,
163086101,CHEF,1517175,
163092109,CHGG,1364954,
16359R103,CHE,19584,
163851108,CC,1627223,
164024101,CHMG,763563,
16411R208,LNG,3570,
165303108,CPK,19745,
166764100,CVX,93410,
168088102,CVR,19871,
168905107,PLCE,1041859,
16936R105,CAAS,2037400,
169656105,CMG,1058090,
16965P202,IMOS,1123134,
169905106,CHH,1046311,
170386106,COFS,803164,
171077407,NAGE,1386570,
171340102,CHD,313927,
171484108,CHR,1738758,
171779309,CIEN,936395,
172062101,CINF,20286,
17243V102,CNK,1385280,
172755100,CRUS,772406,
17275R102,CSCO,858877,
172908105,CTAS,723254,
172922106,CZNC,810958,
172967424,C,831001,
17306X102,CTRN,1318484,
174610105,CFG,759944,
174715102,CIZN,1075706,
174903104,CZWI,1367859,
177835105,CHCO,726854,
17878Y207,CVEO,1590584,
178867107,CIVB,944745,
18270D106,CMTG,1666291,
18270P109,CLAR,913277,
184496107,CLH,822818,
184499101,CLNE,1368265,
18453H106,CCO,1334978,
18482P103,CLFD,796505,
18507C103,CLPT,1285550,
18538R103,CLW,1441236,
185899101,CLF,764065,
189054109,CLX,21076,
189763105,CODX,1692415,
19046P209,CCB,1437958,
191098102,COKE,317540,
191216100,KO,21344,
19188U206,CODA,1334325,
192005106,CDXS,1200375,
192108504,CDE,215466,
192176105,JVA,1007019,
19240Q201,COGT,1622229,
192422103,CGNX,851205,
192446102,CTSH,1058290,
19247A100,CNS,1284812,
19247G107,COHR,820318,
19249M102,COHN,1270436,
192576106,COHU,21535,
192667103,GCL,2002045,
194014502,ENOV,1420800,
194162103,CL,21665,
19459J104,COLL,1267565,
194693107,CIGI,913353,
19623P101,CBAN,711669,
197236102,COLB,887343,
197641103,CLBK,1723596,
198516106,COLM,1050797,
199333105,CMCO,1005229,
199908104,FIX,1035983,
20030N101,CMCSA,1166691,
200525103,CBSH,22356,
201723103,CMC,22444,
202608105,CVGI,1290900,
20337X109,VISN,1517228,
203607106,CBU,723188,
203668108,CYH,1108109,
20369C106,CHCT,1631569,
204149108,CTBI,350852,
204157101,CWBC,1127371,
204166102,CVLT,1169561,
20440W105,SID,1049659,
204429104,CCU,888746,
204448104,BVN,1013131,
20451N101,CMP,1227654,
20451Q104,CODI,1345126,
20563P101,CIX,1049606,
20564W105,SCOR,1158172,
205768302,CRK,23194,
205826209,CMTL,23197,
205887102,CAG,23217,
20602D101,CNXC,1803599,
206704108,BBCP,1703956,
206787103,CNDT,1677703,
207410101,CNMD,816956,
20786W107,CNOB,712771,
20825C104,COP,1163165,
20848V105,CCSI,1866633,
209115104,ED,1047862,
21037T109,CEG,1868275,
210502100,CPSS,889609,
21077F100,CTGO,1502377,
216648402,COO,711404,
21676P103,CPS,1320461,
217204106,CPRT,900075,
218683100,CMT,1026655,
21871X109,CRBG,1889539,
219350105,GLW,24741,
219618907,CCU,888746,
219948106,CPAY,1175454,
22002T108,CDP,860546,
22041X102,CRSR,1743759,
22052L104,CTVA,1755672,
221006109,CRVL,874866,
221015100,CRVS,1626971,
22160K105,COST,909832,
22160N109,CSGP,1057352,
222070203,COTY,1024305,
222795502,CUZ,25232,
22410J106,CBRL,1067294,
224408104,CR,1944013,
224441105,CXT,25445,
225310101,CACC,885550,
22662X100,CWGL,1562151,
22663K107,CRNX,1658247,
227046109,CROX,1334036,
22717L101,CRON,1656472,
22788C105,CRWD,1535527,
228309100,CRWS,25895,
228368106,CCK,1219601,
228903100,AORT,784199,
229050307,CYRX,1124524,
22948Q101,CTO,23795,
229663109,CUBE,1298675,
229899109,CFR,39263,
230215105,CULP,723603,
230770109,CPIX,1087294,
231021106,CMI,26172,
231082801,CMLSQ,1058623,
231082801,CMLS,1058623,
23130Q107,CURI,1776909,
231561101,CW,26324,
23204G100,CUBI,1488813,
23282W605,CYTK,1061983,
23284F105,CTMX,1501989,
23291C103,BOOM,34067,
23331A109,DHI,882184,
23331S100,DHX,1393883,
233331107,DTE,936340,
233377407,DXPE,1020710,
23345M107,DTM,1842022,
23355L106,DXC,1688568,
233912104,DJCO,783412,
234264109,DAKT,915779,
235851102,DHR,313616,
237194105,DRI,940944,
237266101,DAR,916540,
237690102,DAIO,351998,
238337109,PLAY,1525769,
23918K108,DVA,927066,
239360100,DWSN,799165,
243537107,DECK,910521,
244199105,DE,315189,
24665A103,DK,1694426,
247361702,DAL,27904,
248019101,DLX,27996,
24823R105,DNLI,1714899,
24906P109,XRAY,818479,
249906108,DSGX,1050140,
25179M103,DVN,1090012,
252131107,DXCM,1093557,
252784301,DRH,1298946,
25278X109,FANG,1539838,
253651202,DBD,28823,
253798102,DGII,854775,
253868103,DLR,1297996,
25400Q105,DJT,1849635,
25400W102,APPS,317788,
25402D102,DOCN,1582961,
25432X102,DCOM,846617,
254543101,DIOD,29002,
254687106,DIS,1744489,
25609L105,DCBO,1829959,
256135203,RDY,1135951,
256163106,DOCU,1261333,
256677105,DG,29534,
256746108,DLTR,935703,
25746U109,D,715957,
25754A201,DPZ,1286681,
257651109,DCI,29644,
25787G100,DFIN,1669811,
258278100,DORM,868780,
25862V105,DV,1819928,
25960P109,DEI,1364250,
25960R105,PLOW,1287213,
25961D105,DOUG,1878897,
25985W105,DOYU,1762417,
260003108,DOV,29905,
260557103,DOW,1751788,
264147109,DCO,30305,
26441C204,DUK,1326160,
26614N102,DD,1666700,
26745T101,DYAI,1213809,
267475101,DY,67215,
268150109,DT,1773383,
26856L103,ELF,1600033,
268603107,LOCO,1606366,
26875P101,EOG,821189,
26884L109,EQT,33213,
26884U109,EPR,1045450,
268948106,EGBN,1050441,
26929N102,EVI,65312,
26942G100,EBMT,1478454,
26969P108,EXP,918646,
27579R104,EWBC,1069157,
27627N105,EBC,1810546,
276317104,EML,31107,
277276101,EGP,49600,
277432100,EMN,915389,
278642103,EBAY,1065088,
278865100,ECL,31462,
27923Q109,ECVT,1708035,
28035Q102,EPC,1096752,
28036F105,EWTX,1710072,
281020107,EIX,827052,
28106W103,EDIT,1650664,
281479105,EDUC,31667,
28176E108,EW,1099800,
28225C806,EGAN,1066194,
28238P109,EHTH,1333493,
28414H103,ELAN,1739104,
285409108,ELMD,1488917,
285512109,EA,712515,
28852N109,EFC,1411342,
29082A107,EMBJ,1355444,
29084Q100,EME,105634,
29089Q105,EBS,1367644,
291011104,EMR,32604,
292218104,EIG,1379041,
29249E109,ACT,1823529,
29250N105,ENB,895728,
29251M106,ENTA,1177648,
292554102,ECPG,1084961,
29261A100,EHC,785161,
29269R105,EFX,33185,
29270J100,ERII,1421517,
29272W109,ENR,1632790,
29273V100,ET,1276187,
29275Y102,ENS,1289308,
292765104,EPAC,6955,
29278D105,ENIC,1659939,
293389102,EBF,33002,
29355A107,ENPH,1463101,
29355X107,NPO,1164863,
29357K103,ENVA,1529864,
29358P101,ENSG,1125376,
29364G103,ETR,65984,
293712105,EFSC,1025835,
293792107,EPD,1061219,
29414B104,EPAM,1352010,
29415F104,NVST,1757073,
294268107,PLUS,1022408,
294375209,EPSN,1726126,
294429105,EFX,33185,
29444U700,EQIX,1101239,
29446M102,EQNR,1140625,
29446Y502,EQX,1756607,
29452E101,EQH,1333986,
29460X109,EQBK,1227500,
29472R108,ELS,895417,
29476L107,EQR,906107,
296056104,ESCA,33488,
296315104,ESE,866706,
296650104,ESP,33533,
29667J101,ESQ,1531031,
29670E107,EPRT,1728951,
29670G102,WTRG,78128,
297178105,ESS,920522,
297602104,ETD,896156,
29786A106,ETSY,1370637,
298736109,EEFT,1029199,
29977X105,EVCM,1853145,
30034W106,EVRG,1711269,
30040P103,EVTC,1559865,
30040W108,ES,72741,
30049A107,EPM,1006655,
30050B101,EVH,1628908,
30052C107,EOLS,1570562,
30063P105,EXK,1277866,
30161N101,EXC,1109357,
30161Q104,EXEL,939767,
30190A104,FG,1934850,
302081104,EXLS,1297989,
302130109,EXPD,746515,
30214U102,EXPO,851520,
30225T102,EXR,1289490,
30226D106,EXTR,1078271,
302491303,FMC,37785,
302520101,FNB,37808,
30257X104,FBK,1649749,
30263Y104,FSBW,1530249,
30292L107,FRPH,844059,
302941109,FCN,887936,
303075105,FDS,1013237,
303250104,FICO,814547,
30779N105,FMAO,792966,
309627107,FMNB,709337,
311900104,FAST,815556,
313745101,FRT,34903,
313855108,FSS,277509,
31428X106,FDX,1048911,
31488V107,FERG,2011641,
315616102,FFIV,1048695,
31609R100,FDBC,1098151,
31620M106,FIS,1136893,
31620R303,FNF,1331875,
316773100,FITB,35527,
317585404,FISI,862831,
31847R102,FAF,1472787,
31866P102,FNLC,765207,
318672706,FBP,1057706,
318910106,FBNC,811589,
319383204,BUSE,314489,
319390100,FBIZ,1521951,
31942S104,FCAP,1070296,
319829107,FCF,712537,
319835104,FCCO,932781,
31983A103,FCBC,859070,
320209109,FFBC,708955,
32020R109,FFIN,36029,
320218100,THFF,714562,
32043P106,FGBI,1408534,
320517105,FHN,36966,
32051X108,FHB,36377,
32054K103,FR,921825,
320557101,INBK,1562463,
32055Y201,FIBK,860413,
320817109,FRME,712534,
320866106,FMBH,700565,
32106V107,FXNC,719402,
335834107,FNWB,1556727,
336433107,FSLR,1274494,
336901103,SRCE,34782,
33741H107,FUNC,763907,
33744V103,FUSB,717806,
33751L105,MYFW,1327607,
33767E202,FSV,1637810,
33768G107,FCFS,840489,
337738108,FISV,798354,
337932107,FE,1031296,
33829M101,FIVE,1177609,
338307101,FIVN,1288847,
33830T103,FSBC,1275168,
338517105,BDL,12040,
339382103,FLXS,37472,
339750101,FND,1507079,
343412102,FLR,1124198,
343498101,FLO,1128928,
34354P105,FLS,30625,
344437405,FOA,1828937,
345370860,F,37996,
346232101,FOR,1406587,
346563109,FORR,1023313,
349553107,FTS,1666175,
34959E109,FTNT,1262039,
34959J108,FTV,1659166,
34962K100,FTCO,1828377,
34964C106,FBIN,1519751,
34984V209,FET,1401257,
34988V106,FOSL,883569,
350060109,FSTR,352825,
35086T109,FCPT,1650132,
35138V102,FOXF,1424929,
351858105,FNV,1456346,
35243J101,FBRT,1562528,
353469109,FC,886206,
353514102,FELE,38725,
353525108,FRAF,723646,
354613101,BEN,38777,
35471R106,FSP,1031316,
356390104,FRHC,924805,
35671D857,FCX,831259,
357023100,RAIL,1320854,
358010106,FEIM,39020,
358039105,FRPT,1611647,
358435105,FRD,39092,
35905A109,FTDR,1727263,
359664109,FLGT,1674930,
359678109,FLL,891482,
359694106,FUL,39368,
360271100,FULT,700564,
36116M106,FF,1337298,
36120Q101,FVCB,1675644,
361448103,GATX,40211,
36237H101,GIII,821002,
36241U106,GSIT,1126741,
36262G101,GXO,1852244,
36266G107,GEHC,1932393,
36352H100,GAU,1377757,
363576109,AJG,354190,
36467W109,GME,1326380,
36472T109,TDAY,1579684,
364760108,GAP,39911,
366651107,IT,749251,
36828A101,GEV,1996810,
368678108,GENC,64472,
36872P103,GNSS,924383,
368736104,GNRC,1474735,
369550108,GD,40533,
369604301,GE,40545,
370334104,GIS,40704,
37045V100,GM,1467858,
371532102,GCO,18498,
371901109,GNTX,355811,
372460105,GPC,40987,
37247D106,GNW,1276520,
37364X109,GEOS,1001115,
373737105,GGB,1073404,
373865104,GABC,714395,
374297109,GTY,1052752,
374396406,GEVO,1392380,
374689107,ROCK,912562,
375558103,GILD,882095,
375916103,GIL,1061894,
37637Q105,GBCI,868671,
377322102,GKOS,1192448,
37940X102,GPN,1123360,
37946R109,GLP,1323468,
379577208,GMED,1237831,
37959E102,GL,320335,
380237107,GDDY,1609711,
38059T106,GFI,1172724,
38068T105,GORO,1160791,
38141G104,GS,886982,
382140879,GTIM,825324,
382550101,GT,42582,
38267D109,GSHD,1726978,
383082104,GRC,42682,
384109104,GGG,42888,
384556106,GHM,716314,
384802104,GWW,277135,
38500T101,GTE,1273441,
387328107,GVA,861459,
388689101,GPK,1408075,
39037G109,GEG,1831096,
390905107,GSBC,854560,
392709101,GRBK,1373670,
39304D102,GDOT,1386278,
393657101,GBX,923120,
394357107,GCBC,1070524,
395330103,GNLN,1743745,
398182303,AHR,1632970,
398433102,GFF,50725,
39874R101,GO,1771515,
398905109,GPI,1031203,
39986L109,GRWG,1604868,
400491106,SIM,887153,
40051E202,ASR,1123452,
40053W101,AVAL,1504764,
40131M109,GH,1576280,
40171V100,GWRE,1528396,
402635502,GPOR,874499,
403949100,DINO,1915657,
404111106,HBT,775215,
40412C101,HCA,860730,
40415F101,HDB,1144967,
40416E103,HCI,1400810,
404251100,HNI,48287,
40434L105,HPQ,47217,
404609109,HCKT,1057379,
405024100,HAE,313143,
405217100,HAIN,910406,
405552100,HLN,1900304,
40609P105,HNRG,788965,
406216101,HAL,45012,
40637H109,HALO,1159036,
410120109,HWC,750577,
410495204,HAFC,1109242,
41068X100,HASI,1561894,
410867105,THG,944695,
412822108,HOG,793952,
413160102,HLIT,851310,
413216300,HMY,1023514,
414933903,BDX,10795,
415858109,HROW,1360214,
416515104,HIG,874766,
418056107,HAS,46080,
419596101,HVT,216085,
419870100,HE,354707,
420261109,HWKN,46250,
420476103,HWBK,893847,
421298100,HAYW,1834622,
421906108,HCSG,731012,
42222N103,HSTM,1095565,
42226A107,HQY,1428336,
42226K105,HR,1360604,
422347104,HTLD,799233,
42238D107,HTFL,1464521,
42250P103,DOC,765880,
422704106,HL,719413,
422806109,HEI,46619,
42328H109,HLIO,1024795,
42330P107,HLX,866829,
423452101,HP,46765,
425229903,DBC,1328237,
425885100,HNNA,1145255,
426281101,JKHY,779152,
42704L104,HRI,1364479,
42722X106,HFWA,1046025,
42727J102,HRTG,1598665,
427866108,HSY,47111,
42824C109,HPE,1645590,
428291108,HXL,717605,
431284108,HIW,921082,
432748101,HTH,1265131,
43283X105,HGV,1674168,
43300A203,HLT,1585689,
433539202,HIPO,1828105,
436893200,HOMB,1331520,
43689E107,HBCP,1436425,
437076102,HD,354950,
43785V102,MCHB,1518715,
437872104,HTB,1538263,
438128308,HMC,715153,
438516106,HON,773840,
439038100,HOFT,1077688,
43940T109,HOPE,1128361,
440327104,HMN,850141,
440407104,HBNC,706129,
44107P104,HST,1070750,
443201108,HWM,4281,
443320106,HUBG,940942,
44332N106,HTHT,1483994,
443510607,HUBB,48898,
443573100,HUBS,1404655,
443628102,HBM,1322422,
444097109,HPP,1482512,
444144109,HDSN,925528,
444859102,HUM,49071,
445658107,JBHT,728535,
446150104,HBAN,49196,
446413106,HII,1501585,
447011107,HUN,1307954,
447324104,HURC,315374,
447462102,HURN,1289848,
44852D108,HUYA,1728190,
44888K209,HYFM,1695295,
44925C103,ICFI,1362004,
44930G107,ICUI,883984,
44951W106,IESC,1048268,
44955L106,IAU,1278680,
44980X109,IPGP,1111928,
450056106,IRTC,1388658,
45073V108,ITT,216228,
45075E104,IAG,1203464,
450913108,IAG,1203464,
451107106,IDA,1057877,
45167R104,IEX,832101,
45168D104,IDXX,874716,
452308109,ITW,49826,
452327109,ILMN,1110803,
45245E109,IMA,1835579,
452521107,IMMR,1058811,
45258D105,IMCR,1671927,
453038408,IMO,49938,
453204109,PI,1114995,
45337C102,INCY,879169,
45378A106,IRT,1466085,
453836108,INDB,776901,
453838609,IBCP,39311,
45675Y104,III,1371489,
456788108,INFY,1067491,
456837103,ING,1039765,
45685K102,INFU,1337013,
45687V106,IR,1699150,
45688C107,NGVT,1653477,
457152106,INGM,1897762,
457187102,INGR,1046257,
457642205,INOD,903651,
45765U103,NSIT,932696,
45765Y204,TULP,875355,
45768S105,IOSP,1054905,
45769N105,ISSC,836690,
457730109,INSP,1609550,
45774W108,IIIN,764401,
45778Q107,NSP,1000753,
45780L104,INGN,1294133,
45780R101,IBP,1580905,
45781M101,INVA,1080014,
45781V101,IIPR,1677576,
45784P101,PODD,1145197,
457985208,IART,917520,
458140100,INTC,50863,
45826H109,ITGR,1114483,
45826J105,NTLA,1652130,
45827U109,INTA,1565687,
458334109,IPAR,822663,
45841N107,IBKR,1381197,
45857P806,IHG,858446,
458665304,TILE,715787,
45866F104,ICE,1571949,
459044103,IBOC,315709,
459200101,IBM,51143,
459506101,IFF,51253,
46005L101,IMXI,1683695,
460146103,IP,51434,
46062X303,IDXG,1054102,
461147100,INTT,1036262,
461202103,INTU,896878,
46120E602,ISRG,1035267,
46121Y201,IPI,1421461,
46124J201,IVT,1307748,
46125A100,LUNR,1844452,
46131B704,IVR,1437071,
46134L105,ISTR,1602658,
461804106,ITIC,720858,
46187W107,INVH,1687229,
462222100,IONS,874015,
46266A109,IRMD,1325618,
46266C105,IQV,1478242,
462684101,IRIX,1006045,
46269C102,IRDM,1418819,
46284V101,IRM,1020569,
46333X108,IRWD,1446847,
46520M204,ACCS,843006,
465741106,ITRI,780571,
46590V100,JBGS,1689796,
466032109,JJSF,785956,
46625H100,JPM,19617,
466313103,JBL,898293,
466367109,JACK,807882,
46817M107,JXN,1822993,
46982L108,J,52988,
47012E403,JAKK,1009829,
470299108,BOTJ,1275101,
47103J105,JANX,1817713,
47233W109,JEF,96223,
47580P103,JELD,1674335,
477143101,JBLU,1158463,
47759T100,JKS,1481513,
478160104,JNJ,200406,
47973J102,JYNT,1612630,
48020Q107,JLL,1037976,
48238T109,OPLN,1395942,
482480100,KLAC,319201,
48251K100,KREF,1631596,
48251W104,KKR,1404912,
48253L205,KLXE,1738827,
48268K101,KT,892450,
482738101,KVHI,1007587,
48282T104,KAI,886346,
483007704,KALU,811596,
483709101,KNDI,1720250,
48563L101,KRT,1758021,
48581R205,KSPI,1985487,
48666K109,KBH,795266,
48716P108,KRNY,1617242,
489170100,KMT,55242,
491292108,KFFB,1297341,
49177J102,KVUE,1944048,
492327101,KROS,1664710,
49271V100,KDP,1418135,
492854104,KEQU,55529,
493144109,KTCC,719733,
493267108,KEY,91576,
49338L103,KEYS,1601046,
49427F108,KRC,1025996,
49428J109,KE,1606757,
494368103,KMB,55785,
49446R109,KIM,879101,
49456B101,KMI,1506307,
496719105,KINS,33992,
496902404,KGC,701818,
49714P108,KNSL,1669162,
497266106,KEX,56047,
49803T300,KRG,1286043,
498894104,KNF,1955520,
499049104,KNX,1492691,
49926D109,KN,1587523,
500255104,KSS,885639,
500472303,PHG,313216,
50050N103,KTB,1760965,
50060P106,KOP,1315257,
500631106,KEP,887225,
500643200,KFY,56679,
500688106,KOS,1509991,
500754106,KHC,1637459,
50077B207,KTOS,1069258,
501044101,KR,56873,
50105F105,KRO,1257640,
501147102,KRYS,1711279,
501242101,KLIC,56978,
50127T109,KURA,1422143,
50155Q100,KD,1867072,
50181P100,LCNB,1074902,
50186A108,LGL,61004,
50186V102,LPL,1290109,
50187T106,LGIH,1580670,
501889208,LKQ,1065696,
50189K103,LCII,763744,
50212V100,LPLA,1397911,
502160104,LXU,60714,
50216C108,LYTS,763532,
502431109,LHX,202058,
504922105,LH,920148,
505160903,HTO,766829,
505336107,LZB,57131,
511656100,LKFN,721994,
511795106,LAKE,798081,
512807108,LRCX,707549,
512807306,LRCX,707549,
513272104,LW,1679273,
513847103,MZTI,57515,
51504L107,LARK,1141688,
515098101,LSTR,853816,
51509F105,LE,799288,
516544103,LNTH,1521036,
516548203,LTRX,1114925,
517097101,LGO,1400438,
517834107,LVS,1300514,
518415104,LSCC,855658,
518613203,LAUR,912766,
520776105,DSGR,703604,
521865204,LEA,842162,
524660107,LEG,58492,
52466B103,LZ,1286139,
52472M101,LEGH,1436208,
52490G102,LEGN,1801198,
525327102,LDOS,1336920,
525558201,LMAT,1158895,
52567D107,LMND,1691421,
52603A208,HAPN,1409970,
526107107,LII,1069202,
52634L108,LNSR,1320350,
52736R102,LEVI,94845,
53190C102,LTH,1869198,
531914109,LWAY,814586,
53220K504,LGND,886163,
53222K205,LFVN,849146,
53222Q103,LCUT,874396,
532457108,LLY,59478,
53263P105,LMB,1606163,
532746104,LMNR,1342423,
533535100,LINC,1286613,
533900106,LECO,59527,
534187109,LNC,59558,
535219109,LIND,1512499,
535555106,LNN,836157,
53566V106,LINE,1868159,
536797103,LAD,1023128,
537008104,LFUS,889331,
538034109,LYV,1335258,
53803X105,LOB,1462120,
538142308,LIVE,1045742,
53815P108,RAMP,733269,
539439109,LYG,1160106,
539481101,L,60086,
53960E205,LOCL,1840780,
539830109,LMT,936468,
540424108,L,60086,
546347105,LPX,60519,
54738L109,LOVE,1701758,
548661107,LOW,60667,
550021109,LULU,1397187,
550241103,LUMN,18926,
55024U109,LITE,1633978,
55087P104,LYFT,1759509,
55261F104,MTB,36270,
55262C100,MBI,814585,
552690109,MDU,67716,
55272X607,MFA,1055160,
552848103,MTG,876437,
552953101,MGM,789570,
55303J106,MGPI,835011,
55305B101,MHO,799292,
55306N104,MKSI,1049502,
553498106,MSA,66570,
553530106,MSM,1003078,
55354G100,MSCI,1408198,
553810102,MVBF,1277902,
55405W104,MYRG,700923,
55405Y100,MTSI,1493594,
554382101,MAC,912242,
556099109,MGNX,1125345,
55616P104,M,794367,
556269108,SHOO,913241,
558868105,MDGL,1157601,
559222401,MGA,749098,
55933J203,MX,1325702,
55955D100,MGNI,1595974,
559663109,MGY,1698990,
56064Y100,MNSB,1693577,
56146T103,MAMA,1520358,
562750109,MANH,1056696,
563571405,MTW,61986,
563771203,MTEX,1056358,
56418H100,MAN,871763,
565394103,CART,1579091,
56585A102,MPC,1510295,
566324109,MMI,1578732,
566330106,MCS,62234,
567908108,HZO,1057060,
570535104,MKL,1096343,
57060D108,MKTX,1278021,
57164Y107,VAC,1524358,
571748102,MRSH,62709,
571903202,MAR,1048286,
573075108,MRTN,799167,
573284106,MLM,916076,
573874104,MRVL,1835632,
574599106,MAS,62996,
576323109,MTZ,15615,
57633B100,MHH,1437226,
57636Q104,MA,1141391,
57637H103,MCFT,1638290,
57638P104,MBC,1941365,
576485205,MTDR,1520006,
57667L107,MTCH,891103,
576690101,MTRN,1104657,
576853105,MTRX,866273,
57686G105,MATX,3453,
577081102,MAT,63276,
577128101,MATW,63296,
577345101,MLP,63330,
57776J100,MXL,1288469,
577933104,MMS,1032220,
578605107,MEC,1766368,
580135101,MCD,63908,
580589109,MGRC,752714,
58155Q103,MCK,927653,
58463J304,MPT,1287865,
58470H101,MED,910329,
58502B106,MD,893949,
58506Q109,MEDP,1668397,
585464100,MLCO,1381640,
58733R102,MELI,1099590,
587376104,MBWM,1042729,
588056101,MERC,1333274,
58844R108,MBIN,1629019,
58933Y105,MRK,310158,
589378108,MRCY,1049521,
589400100,MCY,64996,
58958P104,MRBK,1750735,
589889104,MMSI,856982,
59001A102,MTH,833079,
59064R109,MLAB,724004,
59100U108,CASH,907471,
59151K108,MEOH,886977,
591520200,MEI,65270,
59156R108,MET,1099219,
59165J105,MCBS,1747068,
591774104,MCB,1476034,
592688105,MTD,1037646,
594918104,MSFT,789019,
595017104,MCHP,827054,
595112103,MU,723125,
59522J103,MAA,912595,
59540G107,MPB,879635,
596278101,MIDD,769520,
596680108,MSEX,66004,
597742105,MSBI,1466026,
600544100,MLKN,66382,
600551204,MLR,924822,
602496101,MDXG,1376339,
603158106,MTX,891014,
604112904,ARI,1467760,
604749101,MIRM,1759425,
60510V108,AVO,1802974,
606100907,SNT,1993727,
60649T107,MG,1436126,
606710200,MITK,807863,
606822104,MUFG,67088,
60741F104,MBLY,1910139,
60770K107,MRNA,1682852,
607828100,MOD,67347,
608190104,MHK,851968,
608462909,BAK,1071438,
60855R100,MOH,1179929,
609027107,MCRI,907242,
609207105,MDLZ,1103982,
60937P106,MDB,1441816,
609839105,MPWR,1280452,
610236101,MNRO,876427,
610557902,CLS,1030894,
611348905,TRU,1552033,
611474909,TCOM,1269238,
61174X109,MNST,865752,
612149906,SAIL,2030781,
613599901,PG,80424,
613607902,SI,1699350,
614710903,AGI,1178819,
615059904,BOOT,1610250,
615369105,MCO,1059556,
617446448,MS,895421,
617700109,MORN,1289419,
618286900,CMS,811156,
61945C103,MOS,1285785,
620071100,MPAA,918251,
620076307,MSI,68505,
624756102,MLI,89439,
626717102,MUR,717423,
626755102,MUSA,1573516,
627248909,DMC,1047340,
628464109,MYE,69488,
62855J104,MYGN,899923,
628778102,NBTB,790359,
62878D100,NABL,1834488,
62886E108,VYX,70866,
628877201,NCSM,1692427,
629007907,TRST,357301,
629156407,NL,72162,
629209305,NMIH,1547903,
629337106,NNBR,918541,
629445206,NVEC,724910,
62944T105,NVR,906163,
62955J103,NOV,1021860,
630402105,NSSC,69633,
631103108,NDAQ,1120193,
632307104,NTRA,1604821,
632347100,NATH,69733,
633653902,TDC,816761,
633707104,NBHC,1475841,
634283907,ARL,1102238,
634865109,NKSH,796534,
635017106,FIZZ,69891,
635906100,NHC,1047335,
636180101,NFG,70145,
636274409,NGG,1004315,
63633D104,NHI,877860,
637215104,NPK,80172,
637372202,NRC,70487,
637417106,NNN,751364,
637870106,NSA,1618563,
63845R107,EYE,1710155,
638842302,NAII,787253,
63886Q109,NGS,1084991,
63888P406,NHTC,912061,
63888U108,NGVC,1547459,
639027101,NATR,275053,
63938C108,NAVI,1593538,
64046G106,NEO,1077183,
640491106,NEOG,711377,
64049M209,NEO,1077183,
64110D104,NTAP,1002047,
64110L106,NFLX,1065280,
64110W102,NTES,1110646,
64111Q104,NTGR,1122904,
64115A402,NTWK,1039280,
64115T104,NTCT,1078075,
64121N109,NTIP,1065078,
64125C109,NBIX,914475,
641288105,NPCE,1528287,
646025106,NJR,356309,
64828T201,RITM,1556593,
649604840,ADAM,1273685,
651229106,NWL,814453,
651587107,NEU,1282637,
651639106,NEM,1164727,
651718504,NPKI,71829,
65290E101,NXT,1852131,
65336K103,NXST,1142417,
65339F101,NEE,753308,
65341D102,NXRT,1620393,
65342K105,NEXT,1612720,
65342T106,NODK,1681206,
653656108,NICE,1003935,
65406E102,NIC,1174850,
654106103,NKE,320187,
65473P105,NI,1111711,
65487K100,LASR,1124796,
65487X102,NOAH,1499543,
654892108,NOBH,72205,
65535H208,NMR,1163653,
655663102,NDSN,72331,
655844108,NSC,702165,
656320900,MTN,812011,
656374907,CAT,18230,
656811106,NOA,1368519,
658001904,CBK,1981546,
664121100,NECB,1847398,
665531307,NOG,1104485,
665809109,NTIC,875582,
665859104,NTRS,73124,
66611T108,NFBK,1493225,
666762109,NRIM,1163370,
666807102,NOC,1133421,
667340103,NWBI,1471265,
66765N105,NWN,1733998,
667746101,NWPX,1001385,
668074305,NWE,1993004,
668166002,PEP,77476,
668413909,PCOR,1611052,
668771108,GEN,849399,
669549107,NWFL,1013272,
66987V109,NVS,1114448,
67011P100,DNOW,1599617,
67018T105,NUS,1021561,
670346105,NUE,73309,
67059N108,NTNX,1618732,
67066G104,NVDA,1045810,
67072Q104,NVA,1852551,
67077M108,NTR,1725964,
67079U306,NUTX,1479681,
670837103,OGE,1021635,
67103H107,ORLY,898173,
67103X102,OFG,1030469,
671044105,OSIS,1039065,
67109R109,OPBK,1722010,
671807105,OVLY,1431567,
673089900,SF,720672,
674103908,HMN,850141,
674215207,CHRD,1486159,
674399902,MSS,1892292,
674599105,OXY,797468,
675232102,OII,73756,
675234108,OCFC,1004702,
675746606,ONIT,873860,
676100902,AMS,744825,
677700908,SAP,1000184,
677719106,OVBC,894671,
678026105,OIS,1121484,
679580100,ODFL,878927,
680033107,ONB,707179,
680223104,ORI,74260,
680277100,OSBC,357173,
680665205,OLN,74303,
681116109,OLLI,1639300,
681919106,OMC,29989,
681936100,OHI,888491,
682095104,OFLX,1317945,
68213N109,OMCL,926326,
682189105,ON,1097864,
68235P108,OGS,1587732,
68236H204,ONDS,1646188,
68247W109,OSS,1394056,
682680103,OKE,1039684,
68268W103,OMF,1584207,
68287N100,OSPN,1044777,
683344105,ONTO,704532,
68373J104,LPRO,1806201,
68376D104,OPRT,1538716,
683827208,OCC,1000230,
68389X105,ORCL,1341439,
68401U204,OPRX,1448431,
68404L201,OPCH,1014739,
684060106,ORANY,1038143,
68620P101,OGI,1620737,
68621T102,OBK,1516912,
68628V308,ORN,1402829,
686839002,T,732717,
687380105,ORRF,826154,
68752L100,KIDS,1425450,
68752M108,OFIX,884624,
688239201,OSK,775158,
68902V107,OTIS,1781335,
689648103,OTTR,1466593,
69036R863,OSG,874501,
690469101,OVID,1636651,
69047Q102,OVV,1792580,
690732102,ACH,75252,
690742101,OC,1370946,
691497309,OXM,75288,
693149106,PAMT,798287,
69320M109,PCB,1423869,
69325Q105,PEW,2051380,
693282105,PDFS,1120914,
69331C108,PCG,1004980,
69343T107,PJT,1626115,
69344D408,PHI,78150,
693475105,PNC,713676,
693483109,PKX,889132,
69349H107,TXNM,1108426,
693506107,PPG,79879,
69351T106,PPL,922224,
69354N106,PRAA,1185348,
693656100,PVH,78239,
69366J200,PTCT,1070081,
69370C100,PTC,857005,
693718108,PCAR,75362,
695127100,PCRX,1396814,
695156109,PKG,75677,
697435105,PANW,1327567,
69753M105,PLMR,1761312,
697900108,PAAS,771992,
697947109,PVLA,1583648,
698813102,PZZA,901491,
698884103,PAR,708821,
69888T207,PARR,821483,
70014A104,PKE,76267,
700517105,PK,1617406,
700658107,PRK,805676,
700666100,PKOH,76282,
700885106,PKBK,1315399,
701094104,PH,76334,
70202L102,PSN,275880,
703343103,PATK,76605,
70336F203,PNBK,1098146,
703481101,PTEN,889900,
704326107,PAYX,723531,
70432V102,PAYC,1590955,
70438V106,PCTY,1591698,
70450Y103,PYPL,1633917,
70451A104,PAYS,1496443,
70451X104,PAYO,1845815,
704551100,BTU,1064728,
704699107,PGC,1050743,
705015105,PSO,938323,
70509V100,PEB,1474098,
70532Y303,PED,1141197,
705573103,PEGA,1013857,
706327103,PPL,922224,
707569109,PENN,921738,
70805E109,PNTG,1766400,
70931T103,PMT,1464423,
70932M107,PFSI,1745916,
70959W103,PAG,1019849,
70975L107,PEN,1321732,
709789101,PEBO,318300,
710577107,PEBK,1093672,
711040105,PFIS,1056943,
713317105,PEPG,1835597,
713448108,PEP,77476,
71363P106,PRDO,1046568,
71377A103,PFGC,1618673,
71385M107,PRM,1880319,
714046109,RVTY,31791,
714157203,PESI,891532,
714167103,PPIH,914122,
71424F105,PR,1658566,
71535D106,PSNL,1527753,
716382106,PETS,1040130,
71654V408,PBR,1119639,
717081103,PFE,78003,
718172109,PM,1413329,
718252109,TEL,1385157,
71844V201,PECO,1476204,
718546104,PSX,1534701,
719405102,PLAB,810136,
71944F106,PHR,1412408,
72147K108,PPC,802481,
723484101,PNW,764622,
723561106,PBFS,1769663,
723836300,PPSI,1449792,
724479100,PBI,78814,
72815L107,PLTK,1828016,
729132100,PLXS,785786,
729273102,PLBC,1168455,
731068102,PII,931015,
732344106,PDLB,1874071,
73278L105,POOL,945841,
733174700,BPOP,763901,
736508847,POR,784977,
737446104,POST,1530950,
739128106,POWL,80420,
73933G202,PSIX,1137091,
74006W207,PRAX,1689548,
74022D407,PDS,1013605,
740444104,PLPC,80035,
74065P101,PRLD,1678660,
74144T108,TROW,1113169,
741511109,PSMT,1041803,
74158E104,PNRG,56868,
741623102,PRMB,2042694,
74164F103,PRIM,1361538,
74164M108,PRI,1475922,
74167B109,FRST,1325670,
74251V102,PFG,1126328,
74265M205,PDEX,788920,
742718109,PG,80424,
74275K108,PCOR,1611052,
74319R101,PRG,1808834,
743312100,PRGS,876167,
743315103,PGR,80661,
74340W103,PLD,1045609,
74347M108,PUMP,1680247,
743606105,PB,1068851,
74366E102,PTGX,1377121,
743713109,PRLB,1443669,
743868101,PROV,1010470,
74386T105,PFS,1178970,
744320102,PRU,1137774,
744573106,PEG,788784,
74460D109,PSA,1393311,
745867101,PHM,822416,
74587B101,PLSE,1625101,
746228303,PCYO,276720,
74624M102,P,1474432,
74640Y106,PRPL,1643953,
74727A104,QCRH,906465,
747316107,KWR,81362,
74736K101,QRVO,1604778,
74736L109,QTWO,1410384,
747525103,QCOM,804328,
74758T303,QLYS,1107843,
747619104,NX,1423221,
74762E102,PWR,1050915,
74766Q101,QTRX,1503274,
74834L100,DGX,1022079,
74837P405,QUIK,882508,
74874Q100,QNST,1117297,
74930B105,RBB,1499422,
74934Q108,RICK,935419,
749360400,RCMT,700841,
749552105,RFIL,740664,
74955L103,RGCO,1069533,
749607107,RLI,84246,
749655205,AGRO,1499505,
74965L101,RLJ,1511337,
749660106,RES,742278,
74967X103,RH,1528849,
749685103,RPM,110621,
750236101,RDN,890926,
75025X100,RLGT,1171155,
750491102,RDNT,790526,
75134P303,METC,1687187,
75281A109,RRC,315852,
75321W103,PACK,1712463,
754730109,RJF,720005,
754907103,RYN,52827,
75508B104,RYAM,1597672,
75513E101,RTX,101829,
75524B104,RBC,1324948,
75574U101,RC,1527590,
75585H206,REAX,1862461,
756109104,O,726728,
75629V104,RXRX,1601830,
75686R202,RRBI,1071236,
75704L104,RDVT,1720116,
758075402,RWT,930236,
758750103,RRX,82811,
758849103,REG,910606,
75886F107,REGN,872589,
75901B107,RGNX,1590877,
75902K106,RM,1519401,
7591EP100,RF,1281761,
759351604,RGA,898174,
75943R102,RLAY,1812364,
759509102,RS,861884,
759530108,RELX,929869,
75960P104,RELY,1782170,
75970E107,RNST,715072,
759916109,RGEN,730272,
76009N100,UPBD,933036,
76029N106,REPL,1737953,
760759100,RSG,1060391,
761152107,RMD,943819,
76118Y104,REZI,1740332,
76131D103,QSR,1618756,
76155X100,RVMD,1628171,
761624105,REX,744187,
76169C100,REXR,1571283,
76171L106,REYN,1786431,
762093102,RBKB,1751783,
76243J105,RYTM,1649904,
762544104,RBBN,1708055,
763165107,RELL,355948,
76525P100,RMBI,1767837,
76665T102,REPX,1001614,
76680V108,REI,1384195,
767204100,RIO,863064,
769397100,RVSB,1041368,
770323103,RHI,315213,
773121108,RKLB,1819994,
77313F106,RCKT,1281895,
773903109,ROK,1024478,
774515100,RCKY,895456,
77467X101,RMCF,1616262,
775711104,ROL,84839,
776696106,ROP,882835,
778296103,ROST,745732,
780087102,RY,1000275,
780259305,SHEL,1306965,
780287108,RGLD,85535,
781386305,RDNW,1596961,
781846308,RUN,1469367,
783513203,RYAAY,1038683,
78351F107,RYAN,1849253,
783549108,R,85961,
783754104,RYZ,1481582,
78377T107,RHP,1040829,
783859101,STBA,719220,
78408D105,SBFG,767405,
78409V104,SPGI,64040,
78410G104,SBAC,1034054,
784117103,SEIC,350894,
78413P101,SMHI,1690334,
784305104,HTO,766829,
78442P106,SLM,1032033,
78454L100,SM,893538,
78463M107,SPSC,1092699,
78467J100,SSNC,1402436,
78473E103,SPXC,88205,
784933103,SGRP,1004989,
78573L106,SBC,1930313,
78573M104,SABR,1597033,
78648T100,SAFT,1172052,
786598300,SGA,886136,
78709Y105,SAIA,1177702,
78781J109,SAIL,2030781,
790148100,JOE,745308,
79466L302,CRM,1108524,
80007P869,SD,1349436,
800422107,JBSS,880117,
801056102,SANM,897723,
80105N105,SNY,1121404,
80303D305,SNWV,1417663,
803054204,SAP,1000184,
803607100,SRPT,873303,
804395101,BFS,907254,
806037107,SCSC,918965,
806407102,HSIC,1000228,
806857108,SLB,87347,
807066105,SCHL,866729,
808513105,SCHW,316709,
808541106,MATV,1000623,
808625107,SAIC,1571123,
80874P109,LNWO,750004,
810186106,SMG,825542,
811543107,SEB,88121,
81282V100,PRKS,1564902,
814785309,SNFCA,318673,
816300107,SIGI,230557,
81642T209,SLS,1390478,
81663L200,WGS,1818331,
816850101,SMTC,88941,
816851109,SRE,1032208,
817070105,SENEB,88948,
817070501,SENEA,88948,
817565104,SCI,89089,
81762P102,NOW,1373715,
81768T108,SFBS,1430723,
82312B106,SHEN,354963,
824348106,SHW,89800,
82452J109,FOUR,1794669,
824596100,SHG,1263043,
824889109,SHOE,895447,
825107105,SHBI,1035092,
82536T107,SSTI,1351636,
825690100,SSTK,1549346,
825704109,SIBN,1459839,
82575P107,SBSW,1786909,
82620P102,BSRR,1130144,
826546103,SIF,90168,
826917106,SIGA,1010086,
826919102,SLAB,1038074,
827048109,SLGN,849869,
82706C108,SIMO,1329394,
828730200,SFNC,90498,
828806109,SPG,1063761,
82900L102,SMPL,1702744,
829073105,SSD,920371,
829214105,SLP,1023459,
82982L103,SITE,1650729,
82982T106,SITM,1451809,
83001C108,FUN,1999001,
83066P309,SKIL,1774675,
830830105,SKY,90896,
830879102,SKYW,793733,
83088M102,SWKS,4127,
830940102,SKWD,1519449,
831754106,SWBI,1092796,
831865209,AOS,91142,
83190L208,SMBK,1038773,
83191H107,SND,1529628,
832156103,SMID,924719,
832696405,SJM,91419,
833034101,SNA,91440,
833445109,SNOW,1640147,
833635105,SQM,909037,
83368E200,SCKT,944075,
83406F102,SOFI,1818874,
83410S108,SOHU,1734107,
83417M104,SEDG,1419612,
83444M101,SOLV,1964738,
835495102,SON,91767,
835699307,SONY,313838,
83570H108,SONO,1314727,
83607A100,SFBC,1541119,
83946P107,SPFI,1163668,
842587107,SO,92122,
84265V105,SCCO,1001838,
842873101,SFST,1090009,
843380106,SMBC,916907,
84470P109,SBSI,705432,
84472E102,SSB,764038,
844741108,LUV,92380,
844895102,SWX,1692115,
84790A105,SPB,109177,
84833T103,SPRO,1701108,
84857L101,SR,1126956,
84863T106,SPOK,1289945,
84920Y106,SPWH,1132105,
852066208,SII,1512920,
85208M102,SFM,1575515,
852312305,STAA,718937,
85254J102,STAG,1479094,
853666105,SMP,93389,
854231107,SXI,310354,
854502101,SWK,93556,
85472N109,STN,1131383,
855244109,SBUX,829224,
85571B105,STWD,1465128,
857477103,STT,93751,
858119100,STLD,1022671,
858586100,SCL,94049,
859241101,STRL,874238,
860372101,STC,94344,
860630102,SF,720672,
861012102,STM,932787,
861025104,SYBT,835324,
86150R107,STOK,1623526,
86183P102,SRI,1043337,
861896108,SNEX,913760,
86272C103,STRA,1013934,
863111100,STRT,933034,
863167201,STRS,885508,
86333M108,LRN,1157408,
863667101,SYK,310764,
86562M209,SMFG,1022837,
866082100,INN,1497645,
866674104,SUI,912593,
867224107,SU,311337,
86722A103,SXC,1514705,
86771W105,RUN,1469367,
867892101,SHO,1295810,
86800U104,SMCI,1375365,
868358102,SGC,95574,
868459108,SUPN,1356576,
86881A100,SGRY,1638833,
86959K105,SUZ,909327,
87043Q108,SG,1477815,
871332102,SLVM,1856485,
871565107,ACNT,95953,
87157D109,SYNA,817720,
871607107,SNPS,883241,
87162W100,SNX,1177394,
87164F105,SNDX,1395937,
87165B103,SYF,1601712,
871829107,SYY,96021,
87240R107,TFSL,1381668,
87241L109,TFII,1588823,
872540109,TJX,109198,
872590104,TMUS,1283699,
87266M107,TRTX,1630472,
87305R109,TTMI,1116942,
87357P100,TCMD,1027838,
874039100,TSM,1046179,
874054109,TTWO,946581,
874060205,TAK,1395064,
87484T108,TALO,1724965,
875372203,TNDM,1438133,
87538X105,TLF,909724,
875465106,SKT,899715,
876030107,TPR,1116132,
87612E106,TGT,27419,
87612G101,TRGP,1389170,
87615L107,TH,1712189,
87650L103,TARS,1819790,
877163105,TAYD,96536,
87724P106,TMHC,1562476,
87807B107,TRP,1232384,
87874R308,TTGT,2018064,
879080109,TRC,96869,
87918A105,TDOC,1477449,
879360105,TDY,1094285,
879369106,TFX,96943,
87936R205,VIV,1066119,
879382208,TELFY,814052,
879433829,TDS,1051512,
87971M103,T,732717,
88025T102,TENB,1660280,
88031M109,TS,1190723,
88033G407,THC,70318,
88034P109,TME,1744676,
88076W103,TDC,816761,
880770102,TER,97210,
880779103,TEX,97216,
88146M101,TRNO,1476150,
88160R101,TSLA,1318605,
881624209,TEVA,818686,
88162G103,TTEK,831641,
88224Q107,TCBI,1077428,
882508104,TXN,97476,
882681109,TXRH,1289460,
883203101,TXT,217346,
88322Q108,TGTX,1001316,
883556102,TMO,97745,
885160101,THO,730263,
88554D205,DDD,910638,
88557W101,QFIN,1741530,
88579Y101,MMM,66740,
886029206,THRY,1556739,
88642R109,TDW,98222,
886885102,TLYS,1524025,
88706T108,TIMB,1826168,
887098101,TSBK,1046050,
887389104,TKR,98362,
887399103,MTUS,1598428,
88822Q103,TIPT,1393726,
88830M102,TWI,899751,
88830R101,TITN,1409171,
889478103,TOL,794170,
890110109,TMP,1005817,
89072T102,TOI,1799191,
891092108,TTC,737758,
891160509,TD,947263,
892231101,TSQ,1499832,
892331307,TM,1094517,
892356106,TSCO,916365,
892918103,TACT,1017303,
89346D107,TAC,1144800,
893529107,TRNS,99302,
89377M109,TMDX,1756262,
89400J107,TRU,1552033,
894164102,TNL,1361658,
89417E109,TRV,86312,
89422G107,TVTX,1438533,
894650100,TG,850429,
89531P105,TREX,1069878,
896095106,TCBK,356171,
896215209,TRS,842633,
896239100,TRMB,864749,
896288107,TNET,937098,
896522109,TRN,99780,
896712205,TRT,732026,
89677Q107,TCOM,1269238,
89679E300,TFIN,1539638,
89785X101,TBI,768899,
898202106,TRUP,1371285,
89832Q109,TFC,92230,
898349204,TRST,357301,
898402102,TRMK,36146,
89854H102,TTEC,1013880,
900111204,TKC,1071321,
90041L105,TPB,1290677,
900450206,TBCH,1493761,
901109108,TPC,77543,
90138F102,TWLO,1447669,
901476101,TWIN,100378,
90187B804,TWO,1465740,
902252105,TYL,860731,
902653104,UDR,74208,
902673102,UFPT,914156,
902681105,UGI,884614,
902788108,UMBF,101382,
90278Q108,UFPI,912767,
90291C201,USAU,27093,
902952100,GROW,754811,
902973304,USB,36104,
903002103,UMH,752642,
90328M107,USNA,896264,
90337L108,USPH,885978,
90353T100,UBER,1543151,
90353W103,UI,1511737,
90384S303,ULTA,1403568,
90385V107,UCTT,1275014,
903899102,ULBI,875657,
90400D108,RARE,1515673,
904677200,UFI,100726,
904708104,UNF,717954,
905400107,UNB,706863,
907818108,UNP,100885,
909214306,UIS,746838,
909458101,UBOH,1087456,
90984P303,UCB,857855,
909907107,UBSI,729986,
909911109,UBCP,731653,
910047109,UAL,100517,
910340108,UFCS,101199,
910571108,UG,101295,
910710102,ACIC,1401521,
911163103,UNFI,1020859,
911312106,UPS,1090727,
911363109,URI,1067701,
911684108,AD,821130,
911922102,USLM,82020,
912008109,USFD,1665918,
91307C102,UTHR,1082554,
91324P102,UNH,731766,
913259107,UTL,755001,
913290102,UNTY,920427,
91332U101,U,1810806,
913456109,UVV,102037,
91347P105,OLED,1005284,
913483103,UEIC,101984,
91359V107,UVE,891166,
913821302,UUU,102109,
91388P105,ULH,1308208,
913915104,UTI,1261654,
915271100,UVSP,102212,
91529Y106,UNM,5513,
91680M107,UPST,1647639,
91688F104,UPWK,1627475,
917047102,URBN,912615,
91704F104,UE,1611547,
917313108,USIO,1088034,
918204108,VFC,103379,
91823B109,UWMC,1783398,
918284100,VSEC,102752,
91851C201,EGY,894627,
91879Q109,MTN,812011,
918905209,VHI,59255,
91913Y100,VLO,1035002,
919794107,VLY,714310,
920253101,VMI,102729,
920437100,VALU,717720,
92047W101,VVV,1674910,
921659108,VNDA,1347178,
92214X106,VREX,1681622,
922417100,VECO,103145,
92242T101,VVX,1601548,
92243G108,PCVX,1649094,
922475108,VEEV,1393052,
92262D101,VEL,1692376,
92276F100,VTR,740260,
922DBM908,PI,1114995,
92335C106,VRA,1495320,
92337F107,VCYT,1384101,
92337R101,VERA,1831828,
92338C103,VLTO,1967680,
92343E102,VRSN,1014473,
92343V104,VZ,732712,
92343V104,BAC,70858,
92345Y106,VRSK,1442145,
92346J108,VCEL,887359,
923725105,VET,1293135,
92511U102,VRRM,1682745,
92512J106,VBNK,1690639,
92532F100,VRTX,875320,
92537N108,VRT,1674101,
92538J106,VERX,1806837,
92540K109,VTMX,1969373,
92552R406,PRSU,884219,
92552V100,VSAT,797721,
925550105,VIAV,912093,
92556V106,VTRS,1792044,
925652109,VICI,1705696,
925815102,VICR,751978,
92645B103,VCTR,1570827,
92686J106,VKTX,1607678,
92707Y108,VFF,1584549,
927107409,VLGEA,103595,
92719W207,VNCE,1579157,
92763W103,VIPS,1529192,
927651109,VIRC,751365,
92790C104,VRDN,1590750,
928031103,VABK,1572334,
92826C839,V,1403161,
92828Q109,VRTS,883237,
928298108,VSH,103730,
92835K103,VPG,1487952,
92837L109,VIST,1762506,
92839U206,VC,1111335,
92840M102,VST,1692819,
92846Q107,COCO,1482981,
92852X103,VTS,1944558,
92857W308,VOD,839923,
928881101,VNT,1786842,
929042109,VNO,899689,
929089100,VOYA,1535929,
92915B106,VYGR,1640266,
929160109,VMC,1396009,
929236107,WDFC,105132,
929328102,WSFS,828944,
92937A102,WPP,806968,
92939U106,WEC,783325,
929566107,WNC,879526,
929740108,WAB,943452,
931142103,WMT,104169,
93148P102,WD,1497770,
934423104,WBD,1437107,
93627C101,HCC,1691303,
938824109,WAFD,936528,
939653101,ELME,104894,
940610108,WASH,737468,
94106B101,WCN,1318220,
94106L109,WM,823768,
941848103,WAT,1000697,
94188P101,WSBF,1569994,
946760105,CLMB,945983,
94724R108,WEAV,1609151,
947890109,WBS,801337,
948849104,WMK,105418,
949746101,WFC,72971,
95040Q104,WELL,766704,
95058W100,WEN,30697,
950755108,WERN,793074,
950810101,WSBC,203596,
95082P105,WCC,929008,
95123P106,WTBA,1166928,
955306105,WST,105770,
957090103,WABC,311094,
958102105,WDC,106040,
958892101,WNEB,1157647,
960413102,WLK,1262823,
961765104,WHG,1165002,
96208T104,WEX,1309108,
962149100,WEYS,106532,
962166104,WY,106535,
962879102,WPM,1323404,
963320106,WHR,106640,
968223206,WLY,107140,
968223305,WLYB,107140,
969457100,WMB,107263,
969904101,WSM,719955,
970646105,WLFC,1018164,
971378104,WSC,1647088,
974155103,WING,1636222,
974637100,WGO,107687,
97717P104,WT,880631,
978097103,WWW,110471,
980745103,WWD,108312,
981064108,WF,1264136,
98138H101,WDAY,1327811,
981419104,WRLD,108385,
981475106,WKC,789460,
98311A105,WH,1722684,
983134107,WYNN,1174922,
983793100,XPO,1166003,
98387E205,FIVE,1177609,
98389B100,XEL,72903,
98400H102,XBIT,1626878,
98400M101,XELB,1083220,
984017103,XHR,1616000,
98401F105,XNCR,1326732,
98419M100,XYL,1524472,
98420N105,XENE,1582313,
98421M106,XRX,1770450,
985817105,YELP,1345016,
98585L100,YRD,1631761,
98585X104,YETI,1670592,
987184108,YORW,108985,
988498101,YUM,1041061,
98850P109,YUMC,1673358,
98887Q104,ZLAB,1704292,
989207105,ZBRA,877212,
98923T104,ZDGE,1667313,
98943L107,ZNTL,1725160,
98956P102,ZBH,1136869,
989701107,ZION,109380,
98978V103,ZTS,1555280,
98980F104,GTM,1794515,
98980G102,ZS,1713683,
989817101,ZUMZ,1318008,
98983L108,ZWS,1439288,
98985Y108,ZYME,1937653,
ACI012VT2,SPG,1063761,
ACI02IJW3,PPC,802481,
ACI0T1NN6,BHE,863436,
ACI0Y5L37,HTFL,1464521,
ACI13J008,AVNT,1122976,
ACI15JDH5,EAT,703351,
B012W4901,PBK,2011053,
B018DT904,CAR,723612,
B03KTQ904,CPBI,1979332,
B04QR1907,CCC,1818201,
B068DB908,SM,893538,
B0L675905,SLM,1032033,
B0N3K5905,MUR,717423,
B0XPSB904,TRP,1232384,
B1KKXG900,FSOL,2063380,
B1Q2LT909,MTA,1722606,
B1SFSX902,INBK,1562463,
B1VJS6909,PAG,1019849,
B1VZ5G906,SCI,89089,
B1Z9Q9903,AP,6176,
B2QRCM907,CPS,1320461,
B56DTZ906,SMC,2024218,
B621DY904,MPT,1287865,
B65B4D905,VOD,839923,
B73H51907,POOL,945841,
B800MQ901,ASII,1464865,
BC4DPZ907,RCL,884887,
BDRN3H902,MTH,833079,
BFX05H908,ABG,1144980,
BSBML9906,GP,1584547,
BWXTK3902,ECL,31462,
E11805103,BBVXF,842180,
F97982106,VIV,1066119,
G0450A105,ACGL,947484,
G1151C101,ACN,1467373,
G16962105,BG,1996862,
G2519Y108,BAP,1001290,
G2717B108,CWK,1628369,
G29183103,ETN,1551182,
G4232K100,HLNCF,1900304,
G4705A100,ICLR,1060955,
G5960L103,MDT,1613103,
G6700G107,NVT,1720635,
G75754104,RTPPF,863064,
G80827101,RYDAF,1306965,
G81276100,SIG,832988,
H1467J104,CB,896159,
H5820Q150,NVSEF,1114448,
J76379106,SNEJF,313838,
N07059202,ASMLF,937966,
Y1867K124,CERT,1827090,
