analysis_status,model_id,horizon,weighting,estimand,coefficient,coefficient_units,relative_percent,analytic_occupation_cluster_se,wild_score_ci_lower,wild_score_ci_upper,wild_score_p_value,wild_score_critical,normal_theory_MDE80,lineage_component_clusters,lineage_component_cluster_se,lineage_wild_ci_lower,lineage_wild_ci_upper,lineage_wild_p_value,bootstrap_draws,bootstrap_seed,occupations_on_input,event_contributing_occupations,fitted_occupation_months,iterations,months,first_month,last_month,december_2022_excluded,annual_straddling_origins_excluded,comparison_age_group
POST-OUTCOME EXPLORATORY -- NOT PART OF CONFIRMATORY YAX v1.1,adjacent_month__employment_exit__official,adjacent_month,official,beta_Q5_vs_Q1_x_young_x_post,0.13247544228335112,log relative rate/allocation ratio,14.165097940366355,0.09081494864675134,-0.04236560012850765,0.3073164846952099,0.1459,1.9252451828382247,0.2544258177124269,405,0.09196013539687849,-0.04322771393067773,0.30817859849737994,0.1537,9999,2026090524,468,458,21475,4,111,2017-01,2026-06,True,False,
POST-OUTCOME EXPLORATORY -- NOT PART OF CONFIRMATORY YAX v1.1,adjacent_month__employment_exit__unweighted,adjacent_month,unweighted,beta_Q5_vs_Q1_x_young_x_post,0.19952632028122122,log relative rate/allocation ratio,22.08243414481168,0.0727739558601213,0.05773606815985338,0.34131657240258906,0.0045,1.9483653244562198,0.20388243900132144,405,0.07373583548622471,0.05700746285615449,0.34204517770628795,0.0053,9999,2026090524,468,458,21475,5,111,2017-01,2026-06,True,False,
POST-OUTCOME EXPLORATORY -- NOT PART OF CONFIRMATORY YAX v1.1,adjacent_month__employment_exit__origin_WTFINL,adjacent_month,origin_WTFINL,beta_Q5_vs_Q1_x_young_x_post,0.1332158039204885,log relative rate/allocation ratio,14.249652695867754,0.09025103924911311,-0.039938556589728835,0.30637016443070586,0.1407,1.9185857797412447,0.2528459774796486,405,0.09131480825526744,-0.04152548389445851,0.3079570917354355,0.1477,9999,2026090524,468,458,21475,4,111,2017-01,2026-06,True,False,
POST-OUTCOME EXPLORATORY -- NOT PART OF CONFIRMATORY YAX v1.1,adjacent_month__unemployment_entry__official,adjacent_month,official,beta_Q5_vs_Q1_x_young_x_post,0.054644001439487735,log relative rate/allocation ratio,5.61645546799272,0.16981062032290797,-0.2718466157990278,0.38113461867800325,0.7544,1.9226748987646853,0.47573892377525256,376,0.1694668755282216,-0.27534334661681914,0.3846313494957946,0.749,9999,2026090524,468,429,12016,4,111,2017-01,2026-06,True,False,
POST-OUTCOME EXPLORATORY -- NOT PART OF CONFIRMATORY YAX v1.1,adjacent_month__unemployment_entry__unweighted,adjacent_month,unweighted,beta_Q5_vs_Q1_x_young_x_post,0.17943744034834877,log relative rate/allocation ratio,19.654404634724386,0.1789016920641069,-0.15430479082867724,0.5131796715253748,0.3433,1.8655062863096576,0.5012083359821999,376,0.17722389309836217,-0.14737368302150453,0.506248563718202,0.343,9999,2026090524,468,429,12016,6,111,2017-01,2026-06,True,False,
POST-OUTCOME EXPLORATORY -- NOT PART OF CONFIRMATORY YAX v1.1,adjacent_month__unemployment_entry__origin_WTFINL,adjacent_month,origin_WTFINL,beta_Q5_vs_Q1_x_young_x_post,0.061414276853654366,log relative rate/allocation ratio,6.333933982789275,0.16948006644143912,-0.26304887613050865,0.38587742983781737,0.7242,1.9144620355472635,0.4748128489071396,376,0.16916513545456224,-0.2677926121330474,0.3906211658403561,0.7199,9999,2026090524,468,429,12016,4,111,2017-01,2026-06,True,False,
POST-OUTCOME EXPLORATORY -- NOT PART OF CONFIRMATORY YAX v1.1,adjacent_month__labor_force_exit__official,adjacent_month,official,beta_Q5_vs_Q1_x_young_x_post,0.13454859273756994,log relative rate/allocation ratio,14.40202487274771,0.10228873405945742,-0.06387442579972896,0.33297161127486885,0.1915,1.9398325764982238,0.2865706053204644,399,0.10315923429043444,-0.06520423807755801,0.3343014235526979,0.1996,9999,2026090524,468,452,18873,4,111,2017-01,2026-06,True,False,
POST-OUTCOME EXPLORATORY -- NOT PART OF CONFIRMATORY YAX v1.1,adjacent_month__labor_force_exit__unweighted,adjacent_month,unweighted,beta_Q5_vs_Q1_x_young_x_post,0.19718018577732357,log relative rate/allocation ratio,21.796348063184734,0.08532100041207873,0.031074626372006697,0.36328574518264045,0.0184,1.9468308927821907,0.23903405354909024,399,0.08510931362186179,0.032237788364451375,0.36212258319019575,0.0192,9999,2026090524,468,452,18873,5,111,2017-01,2026-06,True,False,
POST-OUTCOME EXPLORATORY -- NOT PART OF CONFIRMATORY YAX v1.1,adjacent_month__labor_force_exit__origin_WTFINL,adjacent_month,origin_WTFINL,beta_Q5_vs_Q1_x_young_x_post,0.13279838814536263,log relative rate/allocation ratio,14.20197304034232,0.10198774567661455,-0.06530700300438305,0.3309037792951083,0.1968,1.9424430830925856,0.2857273607162681,399,0.10283945147337238,-0.06579411783421718,0.33139089412494244,0.2049,9999,2026090524,468,452,18873,4,111,2017-01,2026-06,True,False,
POST-OUTCOME EXPLORATORY -- NOT PART OF CONFIRMATORY YAX v1.1,adjacent_month__occupational_outflow__official,adjacent_month,official,beta_Q5_vs_Q1_x_young_x_post,0.002545899473616475,log relative rate/allocation ratio,0.25491430276847193,0.062031613320020135,-0.11816569059342871,0.12325748954066165,0.971,1.9459688956386796,0.17378685093306792,407,0.0622024416021315,-0.11686862086053258,0.12196041980776552,0.9682,9999,2026090524,468,460,26848,3,111,2017-01,2026-06,True,False,
POST-OUTCOME EXPLORATORY -- NOT PART OF CONFIRMATORY YAX v1.1,adjacent_month__occupational_outflow__unweighted,adjacent_month,unweighted,beta_Q5_vs_Q1_x_young_x_post,-0.05146171293061691,log relative rate/allocation ratio,-5.015998414338673,0.05557949807583303,-0.15950894803054494,0.056585522169311106,0.3693,1.9440124297723533,0.15571070023939199,407,0.05586968771683599,-0.1588915589665661,0.055968133105332274,0.3592,9999,2026090524,468,460,26848,5,111,2017-01,2026-06,True,False,
POST-OUTCOME EXPLORATORY -- NOT PART OF CONFIRMATORY YAX v1.1,adjacent_month__occupational_outflow__origin_WTFINL,adjacent_month,origin_WTFINL,beta_Q5_vs_Q1_x_young_x_post,-0.00019810085519471923,log relative rate/allocation ratio,-0.01980812345159233,0.06269939358316412,-0.121948010584287,0.12155180887389758,0.9969,1.9418036247448534,0.1756576942472397,407,0.06294178873543159,-0.12079753033452295,0.12040132862413352,0.9978,9999,2026090524,468,460,26848,3,111,2017-01,2026-06,True,False,
POST-OUTCOME EXPLORATORY -- NOT PART OF CONFIRMATORY YAX v1.1,adjacent_month__entry_destination__official,adjacent_month,official,beta_Q5_vs_Q1_x_young_x_post,-0.0703991942059196,log relative rate/allocation ratio,-6.797831202319671,0.09266922311074148,-0.2504652227988403,0.1096668343870011,0.4649,1.9431049764789587,0.259620725641066,413,0.09047113354390862,-0.24664282398870718,0.10584443557686797,0.4444,9999,2026090524,466,466,23666,4,111,2017-01,2026-06,True,False,
POST-OUTCOME EXPLORATORY -- NOT PART OF CONFIRMATORY YAX v1.1,adjacent_month__entry_destination__unweighted,adjacent_month,unweighted,beta_Q5_vs_Q1_x_young_x_post,-0.07787204604982205,log relative rate/allocation ratio,-7.491721303212994,0.08013684279164772,-0.23424137310293575,0.07849728100329166,0.339,1.9512788575869793,0.22451019419132304,413,0.08002490025354514,-0.23298403423024583,0.07723994213060174,0.3351,9999,2026090524,466,466,23666,5,111,2017-01,2026-06,True,False,
POST-OUTCOME EXPLORATORY -- NOT PART OF CONFIRMATORY YAX v1.1,adjacent_month__entry_destination__origin_WTFINL,adjacent_month,origin_WTFINL,beta_Q5_vs_Q1_x_young_x_post,-0.06530658840632193,log relative rate/allocation ratio,-6.321978660680205,0.09193405149065936,-0.24418283685532394,0.11356966004268008,0.4942,1.9457017889304717,0.2575610796974678,413,0.08999127203176499,-0.24044358616318567,0.1098304093505418,0.4761,9999,2026090524,466,466,23666,4,111,2017-01,2026-06,True,False,
POST-OUTCOME EXPLORATORY -- NOT PART OF CONFIRMATORY YAX v1.1,twelve_month__employment_exit__official,twelve_month,official,beta_Q5_vs_Q1_x_young_x_post,0.12272234638899988,log relative rate/allocation ratio,13.057047039115922,0.11985629617913733,-0.11112193089434384,0.3565666236723436,0.3172,1.951038741709821,0.335787627673241,383,0.11897689126334816,-0.10575494432876191,0.35119963710676166,0.3109,9999,2026090524,468,436,15770,4,89,2017-01,2025-07,True,True,
POST-OUTCOME EXPLORATORY -- NOT PART OF CONFIRMATORY YAX v1.1,twelve_month__employment_exit__unweighted,twelve_month,unweighted,beta_Q5_vs_Q1_x_young_x_post,0.1843212857049929,log relative rate/allocation ratio,20.2402075642826,0.114949426854616,-0.038805111279938936,0.4074476826899247,0.1081,1.9410831623121902,0.32204061510645005,383,0.11503684087382535,-0.04139400296331186,0.41003657437329766,0.1115,9999,2026090524,468,436,15770,5,89,2017-01,2025-07,True,True,
POST-OUTCOME EXPLORATORY -- NOT PART OF CONFIRMATORY YAX v1.1,twelve_month__employment_exit__origin_WTFINL,twelve_month,origin_WTFINL,beta_Q5_vs_Q1_x_young_x_post,0.11758586653953335,log relative rate/allocation ratio,12.477820660966565,0.12293006335184163,-0.12128881209548445,0.35646054517455117,0.3523,1.9431754293604144,0.3443990483482103,383,0.1219609136943457,-0.11685016932430325,0.35202190240336995,0.3412,9999,2026090524,468,436,15770,4,89,2017-01,2025-07,True,True,
POST-OUTCOME EXPLORATORY -- NOT PART OF CONFIRMATORY YAX v1.1,twelve_month__unemployment_entry__official,twelve_month,official,beta_Q5_vs_Q1_x_young_x_post,0.24592565089984994,log relative rate/allocation ratio,27.880449204391876,0.27768892372625564,-0.29523700785662566,0.7870883096563256,0.3858,1.9488089459770859,0.7779691839451773,344,0.27439314268883686,-0.285109342388537,0.776960644188237,0.3808,9999,2026090524,468,396,9270,5,89,2017-01,2025-07,True,True,
POST-OUTCOME EXPLORATORY -- NOT PART OF CONFIRMATORY YAX v1.1,twelve_month__unemployment_entry__unweighted,twelve_month,unweighted,beta_Q5_vs_Q1_x_young_x_post,0.1529754347952408,log relative rate/allocation ratio,16.529635284762346,0.24291119918945003,-0.32441285985579094,0.6303637294462726,0.5347,1.965279065946686,0.6805364249632581,344,0.2421973136521114,-0.31612851210618675,0.6220793816966684,0.5429,9999,2026090524,468,396,9270,6,89,2017-01,2025-07,True,True,
POST-OUTCOME EXPLORATORY -- NOT PART OF CONFIRMATORY YAX v1.1,twelve_month__unemployment_entry__origin_WTFINL,twelve_month,origin_WTFINL,beta_Q5_vs_Q1_x_young_x_post,0.2625200501233542,log relative rate/allocation ratio,30.02025371284023,0.2913369603124726,-0.30360714797201593,0.8286472482187244,0.3805,1.9432041766625565,0.8162053215013877,344,0.28893195246683834,-0.2980567278998758,0.8230968281465842,0.3733,9999,2026090524,468,396,9270,5,89,2017-01,2025-07,True,True,
POST-OUTCOME EXPLORATORY -- NOT PART OF CONFIRMATORY YAX v1.1,twelve_month__labor_force_exit__official,twelve_month,official,beta_Q5_vs_Q1_x_young_x_post,0.07801604395284617,log relative rate/allocation ratio,8.114000429018553,0.13022556565268784,-0.18086578887537008,0.3368978767810624,0.5597,1.9879493825248973,0.36483801975297014,373,0.12786894610290914,-0.17388792782839202,0.32992001573408436,0.5514,9999,2026090524,468,426,14570,4,89,2017-01,2025-07,True,True,
POST-OUTCOME EXPLORATORY -- NOT PART OF CONFIRMATORY YAX v1.1,twelve_month__labor_force_exit__unweighted,twelve_month,unweighted,beta_Q5_vs_Q1_x_young_x_post,0.17818407180169682,log relative rate/allocation ratio,19.504527512742698,0.14095334014206715,-0.09740094259921606,0.4537690862026097,0.2194,1.9551506485986796,0.3948927941856646,373,0.14127354454477276,-0.09943994850257537,0.455808092105969,0.2218,9999,2026090524,468,426,14570,6,89,2017-01,2025-07,True,True,
POST-OUTCOME EXPLORATORY -- NOT PART OF CONFIRMATORY YAX v1.1,twelve_month__labor_force_exit__origin_WTFINL,twelve_month,origin_WTFINL,beta_Q5_vs_Q1_x_young_x_post,0.0545219201429191,log relative rate/allocation ratio,5.60356246118372,0.13075220508568253,-0.2047668085191872,0.3138106488050254,0.6834,1.9830543469014017,0.3663134450037234,373,0.12841126064978986,-0.19866515501113893,0.30770899529697715,0.6776,9999,2026090524,468,426,14570,4,89,2017-01,2025-07,True,True,
POST-OUTCOME EXPLORATORY -- NOT PART OF CONFIRMATORY YAX v1.1,twelve_month__occupational_outflow__official,twelve_month,official,beta_Q5_vs_Q1_x_young_x_post,-0.017841426304510608,log relative rate/allocation ratio,-1.7683210388057313,0.04095124620856821,-0.09714576853165803,0.06146291592263682,0.6768,1.936555039698758,0.11472840604122943,402,0.04127141523282227,-0.09977855327945932,0.06409570067043811,0.6709,9999,2026090524,468,455,16480,3,89,2017-01,2025-07,True,True,
POST-OUTCOME EXPLORATORY -- NOT PART OF CONFIRMATORY YAX v1.1,twelve_month__occupational_outflow__unweighted,twelve_month,unweighted,beta_Q5_vs_Q1_x_young_x_post,-0.03519084243686025,log relative rate/allocation ratio,-3.4578844650158036,0.0384099565175467,-0.10991891905775891,0.03953723418403842,0.3702,1.9455392142076722,0.1076087664079207,402,0.038912764290224194,-0.11106101302040944,0.04067932814668893,0.3716,9999,2026090524,468,455,16480,4,89,2017-01,2025-07,True,True,
POST-OUTCOME EXPLORATORY -- NOT PART OF CONFIRMATORY YAX v1.1,twelve_month__occupational_outflow__origin_WTFINL,twelve_month,origin_WTFINL,beta_Q5_vs_Q1_x_young_x_post,-0.024119521816730893,log relative rate/allocation ratio,-2.3830970710699617,0.04189762446494326,-0.10516476362351536,0.05692571999005357,0.5812,1.9343636504880355,0.1173797653750333,402,0.04214503416286528,-0.10727497882427862,0.05903593519081683,0.5774,9999,2026090524,468,455,16480,3,89,2017-01,2025-07,True,True,
POST-OUTCOME EXPLORATORY -- NOT PART OF CONFIRMATORY YAX v1.1,twelve_month__entry_destination__official,twelve_month,official,beta_Q5_vs_Q1_x_young_x_post,-0.0519451440630092,log relative rate/allocation ratio,-5.061905540423339,0.10063677008430405,-0.2507736633268812,0.14688337520086284,0.6083,1.9757044974447426,0.2819424874668196,409,0.09868683714135099,-0.24634703596347796,0.14245674783745954,0.6129,9999,2026090524,462,462,19442,4,89,2017-01,2025-07,True,True,
POST-OUTCOME EXPLORATORY -- NOT PART OF CONFIRMATORY YAX v1.1,twelve_month__entry_destination__unweighted,twelve_month,unweighted,beta_Q5_vs_Q1_x_young_x_post,-0.10652119271214454,log relative rate/allocation ratio,-10.104400335631203,0.08791229353910092,-0.2807503574477293,0.06770797202344021,0.2249,1.9818521133007696,0.24629378206955335,409,0.09045788164949375,-0.28477123011785516,0.07172884469356607,0.2474,9999,2026090524,462,462,19442,5,89,2017-01,2025-07,True,True,
POST-OUTCOME EXPLORATORY -- NOT PART OF CONFIRMATORY YAX v1.1,twelve_month__entry_destination__origin_WTFINL,twelve_month,origin_WTFINL,beta_Q5_vs_Q1_x_young_x_post,-0.06885515139415739,log relative rate/allocation ratio,-6.65381190618014,0.10129816822426319,-0.26970557249940974,0.131995269711095,0.5009,1.9827645911680383,0.2837954507190165,409,0.09819988862645188,-0.2625195113245706,0.12480920853625578,0.5003,9999,2026090524,462,462,19442,4,89,2017-01,2025-07,True,True,
POST-OUTCOME EXPLORATORY -- NOT PART OF CONFIRMATORY YAX v1.1,adjacent_month__usual_hours_change_continuing_workers__official,adjacent_month,official,beta_Q5_vs_Q1_x_young_x_post,-0.1191420373633448,"hours per week, young-minus-older change contrast",,0.09102345917531471,-0.2954051428547384,0.05712106812804876,0.1901,1.9364579976234917,0.2550099777270709,415,0.08690745243101423,-0.2892881117128524,0.05100403698616279,0.1719,9999,2026090524,468,468,32819,1,111,2017-01,2026-06,True,False,
POST-OUTCOME EXPLORATORY -- NOT PART OF CONFIRMATORY YAX v1.1,adjacent_month__usual_hours_change_continuing_workers__unweighted,adjacent_month,unweighted,beta_Q5_vs_Q1_x_young_x_post,-0.1076841911939445,"hours per week, young-minus-older change contrast",,0.07488344198718394,-0.2538725573109413,0.038504174923052345,0.1493,1.9522121611612953,0.20979234415271453,415,0.06975301107297907,-0.2436292258796599,0.028260843491770923,0.123,9999,2026090524,468,468,32819,1,111,2017-01,2026-06,True,False,
POST-OUTCOME EXPLORATORY -- NOT PART OF CONFIRMATORY YAX v1.1,adjacent_month__usual_hours_change_continuing_workers__origin_WTFINL,adjacent_month,origin_WTFINL,beta_Q5_vs_Q1_x_young_x_post,-0.11836568228183311,"hours per week, young-minus-older change contrast",,0.09073142043308537,-0.2944755407624409,0.0577441761987747,0.1927,1.9410018893123056,0.2541918063037249,415,0.08648018175785266,-0.28729908588169195,0.05056772131802573,0.1724,9999,2026090524,468,468,32819,1,111,2017-01,2026-06,True,False,
POST-OUTCOME EXPLORATORY -- NOT PART OF CONFIRMATORY YAX v1.1,cross_sectional_month__weekly_earnings_conditional_workers__EARNWT,cross_sectional_month,EARNWT,beta_Q5_vs_Q1_x_young_x_post,-0.02450771720125178,log relative rate/allocation ratio,-2.4209841479682193,0.039521231888480425,-0.10239245662935834,0.05337702222685478,0.5402,1.970706268667912,0.11072209906038163,411,0.040204338648825264,-0.10217080790844067,0.05315537350593712,0.5424,9999,2026090524,468,464,16676,4,74,2017-01,2023-03,True,False,
POST-OUTCOME EXPLORATORY -- NOT PART OF CONFIRMATORY YAX v1.1,adjacent_month__employment_exit__official__older_26_30,adjacent_month,official,beta_Q5_vs_Q1_x_young_x_post,0.14177329841045805,log relative rate/allocation ratio,15.23153871940126,0.12239855609875544,-0.09569224059860715,0.37923883741952324,0.2544,1.9401008196327878,0.34290998548464413,371,0.12242542751969905,-0.09425970484000609,0.3778063016609222,0.2544,9999,2026090524,468,423,11171,4,111,2017-01,2026-06,True,False,26-30 (changed population sensitivity)
