cps_occ2010,soc_major_group,occ1990dd,occupation,occupation_title_vintage,webb_pct_software,onet_computers_importance,onet_computers_level,rti_autor_dorn,frey_osborne_probability,onet_computers_importance_covered_route_mass,onet_computers_importance_partial_sum,onet_computers_level_covered_route_mass,onet_computers_level_partial_sum,frey_osborne_probability_covered_route_mass,frey_osborne_probability_partial_sum
0000,,999,,Census 2010 official,,,,,,,,,,,
0010,11,4,Chief executives,Census 2010 official,30.0,4.2,3.82,-0.5086509897964162,0.015,1.0,4.2,1.0,3.82,1.0,0.015
0020,11,22,General and operations managers,Census 2010 official,50.0,4.15,3.65,-0.5391153401322388,0.16,1.0,4.15,1.0,3.65,1.0,0.16
0030,11,,Legislators,Census 2010 official,,,,,,0.0,,0.0,,0.0,
0040,11,13,Advertising and promotions managers,Census 2010 official,68.0,4.61,3.94,0.8974676055485247,0.039,1.0,4.61,1.0,3.94,1.0,0.039
0050,11,13,Marketing and sales managers,Census 2010 official,68.0,4.336521,3.339735,0.8974676055485247,0.013511700000000001,1.0,4.336521,1.0,3.339735,1.0,0.013511700000000001
0060,11,13,Public relations and fundraising managers,Census 2010 official,68.0,4.34,3.66,0.8974676055485247,0.015,1.0,4.34,1.0,3.66,1.0,0.015
0100,11,22,Administrative services managers,Census 2010 official,50.0,4.15,3.72,-0.5391153401322388,0.73,1.0,4.15,1.0,3.72,1.0,0.73
0110,11,22,Computer and information systems managers,Census 2010 official,50.0,4.9,6.1,-0.5391153401322388,0.035,1.0,4.9,1.0,6.1,1.0,0.035
0120,11,7,Financial managers,Census 2010 official,28.0,4.32,4.385,2.057301156391973,0.069,1.0,4.32,1.0,4.385,1.0,0.069
0135,11,8,Compensation and benefits managers,Census 2010 official,21.0,4.05,3.4,0.25072059089049614,0.96,1.0,4.05,1.0,3.4,1.0,0.96
0136,11,8,Human resources managers,Census 2010 official,21.0,4.08,2.88,0.25072059089049614,0.0055,1.0,4.08,1.0,2.88,1.0,0.0055
0137,11,8,Training and development managers,Census 2010 official,21.0,4.26,3.67,0.25072059089049614,0.0063,1.0,4.26,1.0,3.67,1.0,0.0063
0140,11,22,Industrial production managers,Census 2010 official,50.0,3.81,3.72,-0.5391153401322388,0.03,1.0,3.81,1.0,3.72,1.0,0.03
0150,11,33,Purchasing managers,Census 2010 official,64.0,3.95,3.62,0.8223642255025514,0.03,1.0,3.95,1.0,3.62,1.0,0.03
0160,11,373,"Transportation, storage, and distribution managers",Census 2010 official,72.0,4.05,3.6466666666666665,2.216809074218278,0.59,1.0,4.05,1.0,3.6466666666666665,1.0,0.59
0205,11,473,"Farmers, ranchers, and other agricultural managers",Census 2010 official,94.0,3.09,2.8699999999999997,-2.4110773919508417,0.047,1.0,3.09,1.0,2.8699999999999997,1.0,0.047
0220,11,22,Construction managers,Census 2010 official,50.0,4.2,3.56,-0.5391153401322388,0.071,1.0,4.2,1.0,3.56,1.0,0.071
0230,11,14,Education administrators,Census 2010 official,26.0,4.011553062744367,3.064829082107615,0.17690622539433298,,1.0,4.011553062744367,1.0,3.064829082107615,0.9069633215416123,0.0068330217836529514
0300,11,22,Architectural and engineering managers,Census 2010 official,50.0,4.39,4.08,-0.5391153401322388,0.017,1.0,4.39,1.0,4.08,1.0,0.017
0310,11,22,Food service managers,Census 2010 official,50.0,3.61,2.94,-0.5391153401322388,0.083,1.0,3.61,1.0,2.94,1.0,0.083
0325,11,,Funeral service managers,Census 2010 official,,3.94,3.3,,,1.0,3.94,1.0,3.3,0.0,
0330,11,22,Gaming managers,Census 2010 official,50.0,4.196313554934244,3.667488868178524,-0.5391153401322388,0.22288257222739982,1.0,4.196313554934244,1.0,3.667488868178524,1.0,0.22288257222739982
0340,11,22,Lodging managers,Census 2010 official,50.0,4.27,4.12,-0.5391153401322388,0.0039,1.0,4.27,1.0,4.12,1.0,0.0039
0350,11,15,Medical and health services managers,Census 2010 official,71.0,4.5,4.23,-0.16490473255258853,0.0073,1.0,4.5,1.0,4.23,1.0,0.0073
0360,11,22,Natural sciences managers,Census 2010 official,50.0,4.09,3.35,-0.5391153401322388,0.018,1.0,4.09,1.0,3.35,1.0,0.018
0400,11,,Postmasters and mail superintendents,Census 2010 official,,4.29,3.66,,0.75,1.0,4.29,1.0,3.66,1.0,0.75
0410,11,18,"Property, real estate, and community association managers",Census 2010 official,13.0,4.44,3.8,-1.2907969740408842,0.81,1.0,4.44,1.0,3.8,1.0,0.81
0420,11,22,Social and community service managers,Census 2010 official,50.0,4.23,3.75,-0.5391153401322388,0.0067,1.0,4.23,1.0,3.75,1.0,0.0067
0425,11,37,Emergency management directors,Census 2010 official,24.0,4.24,3.48,-0.5545545225178077,0.003,1.0,4.24,1.0,3.48,1.0,0.003
0430,mixed,22,"Managers, all other",Census 2010 official,50.0,,,-0.5391153401322388,,0.8601000000000001,3.60860703572538,0.8601000000000001,3.0755706352904633,0.8601000000000001,0.21467789692451072
0500,13,34,"Agents and business managers of artists, performers, and athletes",Census 2010 official,9.0,4.19,3.08,-1.059711609806506,0.24,1.0,4.19,1.0,3.08,1.0,0.24
0510,13,28,"Buyers and purchasing agents, farm products",Census 2010 official,59.0,3.61,3.02,5.219188957854288,0.87,1.0,3.61,1.0,3.02,1.0,0.87
0520,13,29,"Wholesale and retail buyers, except farm products",Census 2010 official,48.0,4.02,3.56,1.4718204654036993,0.29,1.0,4.02,1.0,3.56,1.0,0.29
0530,13,33,"Purchasing agents, except wholesale, retail, and farm products",Census 2010 official,64.0,4.32,3.09,0.8223642255025514,0.77,1.0,4.32,1.0,3.09,1.0,0.77
0540,13,375,"Claims adjusters, appraisers, examiners, and investigators",Census 2010 official,44.0,4.598355147287356,3.6448026383948613,3.061313500413353,0.9799999999999999,1.0,4.598355147287356,1.0,3.6448026383948613,1.0,0.9799999999999999
0565,13,36,Compliance officers,Census 2010 official,17.0,4.08,3.6750000000000003,0.11107830091416404,0.08,1.0,4.08,1.0,3.6750000000000003,1.0,0.08
0600,13,22,Cost estimators,Census 2010 official,50.0,4.71,4.05,-0.5391153401322388,0.57,1.0,4.71,1.0,4.05,1.0,0.57
0630,13,27,Human resources workers,Census 2010 official,10.0,4.48945707258906,3.4624616187211212,0.2722563150833839,,1.0,4.48945707258906,1.0,3.4624616187211212,0.0005465295374372733,0.0005301336513141551
0640,13,27,"Compensation, benefits, and job analysis specialists",Census 2010 official,10.0,4.52,3.42,0.2722563150833839,0.47,1.0,4.52,1.0,3.42,1.0,0.47
0650,13,27,Training and development specialists,Census 2010 official,10.0,4.49,3.5,0.2722563150833839,0.014,1.0,4.49,1.0,3.5,1.0,0.014
0700,13,65,Logisticians,Census 2010 official,50.0,4.29,3.75,-0.7744678276841086,0.012,1.0,4.29,1.0,3.75,1.0,0.012
0710,13,26,Management analysts,Census 2010 official,33.0,3.84,3.72,-0.11755102173270382,0.13,1.0,3.84,1.0,3.72,1.0,0.13
0725,13,22,"Meeting, convention, and event planners",Census 2010 official,50.0,4.43,3.73,-0.5391153401322388,0.037,1.0,4.43,1.0,3.73,1.0,0.037
0726,13,274,Fundraisers,Census 2010 official,11.0,4.1,3.29,1.3274106196793287,,1.0,4.1,1.0,3.29,0.0,
0735,13,166,Market research analysts and marketing specialists,Census 2010 official,49.0,4.61,4.3,1.2114282505582765,0.61,1.0,4.61,1.0,4.3,1.0,0.61
0740,13,37,"Business operations specialists, all other",Census 2010 official,24.0,,,-0.5545545225178077,,0.9293,3.9975388333333335,0.9293,3.5561213333333335,0.9293,0.213739
0800,13,23,Accountants and auditors,Census 2010 official,13.0,4.445,4.365,3.8894999916764466,0.94,1.0,4.445,1.0,4.365,1.0,0.94
0810,13,254,Appraisers and assessors of real estate,Census 2010 official,60.0,4.205,3.71,2.4985519367069005,0.9,1.0,4.205,1.0,3.71,1.0,0.9
0820,13,25,Budget analysts,Census 2010 official,37.0,4.69,3.58,1.7950333823592157,0.94,1.0,4.69,1.0,3.58,1.0,0.94
0830,13,25,Credit analysts,Census 2010 official,37.0,4.28,3.4,1.7950333823592157,0.98,1.0,4.28,1.0,3.4,1.0,0.98
0840,13,25,Financial analysts,Census 2010 official,37.0,,,1.7950333823592157,,0.9988199999999999,4.837053433333333,0.9988199999999999,4.037812566666666,0.9988199999999999,0.237611
0850,13,25,Personal financial advisors,Census 2010 official,37.0,4.5,3.5,1.7950333823592157,0.58,1.0,4.5,1.0,3.5,1.0,0.58
0860,13,24,Insurance underwriters,Census 2010 official,21.0,4.41,2.87,3.917564132597036,0.99,1.0,4.41,1.0,2.87,1.0,0.99
0900,13,36,Financial examiners,Census 2010 official,17.0,4.28,3.56,0.11107830091416404,0.17,1.0,4.28,1.0,3.56,1.0,0.17
0910,13,25,Credit counselors and loan officers,Census 2010 official,37.0,4.321500807754442,3.1497285945072697,1.7950333823592157,0.9009579967689822,1.0,4.321500807754442,1.0,3.1497285945072697,1.0,0.9009579967689822
0930,13,23,"Tax examiners and collectors, and revenue agents",Census 2010 official,13.0,4.3,3.73,3.8894999916764466,0.93,1.0,4.3,1.0,3.73,1.0,0.93
0940,13,25,Tax preparers,Census 2010 official,37.0,4.58,3.58,1.7950333823592157,0.99,1.0,4.58,1.0,3.58,1.0,0.99
0950,13,25,"Financial specialists, all other",Census 2010 official,37.0,,,1.7950333823592157,,0.9333333333333333,4.118555555555555,0.9333333333333333,3.3614444444444445,0.9333333333333333,0.66
1005,15,64,Computer and information research scientists,Census 2010 official,70.0,4.97,6.0,-0.9500284867439188,0.015,1.0,4.97,1.0,6.0,1.0,0.015
1006,15,64,Computer systems analysts,Census 2010 official,70.0,4.62,4.84,-0.9500284867439188,0.0065,1.0,4.62,1.0,4.84,1.0,0.0065
1007,15,64,Information security analysts,Census 2010 official,70.0,4.7,5.26,-0.9500284867439188,,1.0,4.7,1.0,5.26,0.0,
1010,15,229,Computer programmers,Census 2010 official,98.0,4.95,5.99,-0.028230175252688117,0.48,1.0,4.95,1.0,5.99,1.0,0.48
1020,15,229,"Software developers, applications and systems software",Census 2010 official,98.0,,,-0.028230175252688117,,0.0,,0.0,,0.0,
1030,15,64,Web developers,Census 2010 official,70.0,,,-0.9500284867439188,,0.6767,3.3022959999999997,0.6767,3.241393,0.0,
1050,15,64,Computer support specialists,Census 2010 official,70.0,4.894851115579584,5.125781628156194,-0.9500284867439188,,1.0,4.894851115579584,1.0,5.125781628156194,0.0,
1060,15,64,Database administrators,Census 2010 official,70.0,,,-0.9500284867439188,,0.9188937128155652,4.471580479176716,0.9188937128155652,5.5508018974111595,0.7285254864126065,0.021855764592378195
1105,15,64,Network and computer systems administrators,Census 2010 official,70.0,4.86,6.09,-0.9500284867439188,0.03,1.0,4.86,1.0,6.09,1.0,0.03
1106,15,64,Computer network architects,Census 2010 official,70.0,4.81,6.32,-0.9500284867439188,,1.0,4.81,1.0,6.32,0.0,
1107,mixed,64,"Computer occupations, all other",Census 2010 official,70.0,,,-0.9500284867439188,,0.011945618266602348,0.05813054622929731,0.011945618266602348,0.07216042466634506,0.9681708313233639,0.7480701249397009
1200,15,66,Actuaries,Census 2010 official,39.0,4.62,4.69,,0.21,1.0,4.62,1.0,4.69,1.0,0.21
1210,15,,Mathematicians,Census 2010 official,,4.54,5.62,,0.047,1.0,4.54,1.0,5.62,1.0,0.047
1220,15,65,Operations research analysts,Census 2010 official,50.0,4.9,5.4,-0.7744678276841086,0.035,1.0,4.9,1.0,5.4,1.0,0.035
1230,15,,Statisticians,Census 2010 official,,4.75,4.95,,0.22,1.0,4.75,1.0,4.95,1.0,0.22
1240,15,68,Miscellaneous mathematical science occupations,Census 2010 official,62.0,4.815757632987095,5.204606232294618,0.9782354832145645,0.12091778407302486,1.0,4.815757632987095,1.0,5.204606232294618,1.0,0.12091778407302486
1300,17,43,"Architects, except naval",Census 2010 official,67.0,4.313797,4.006274,1.860563292102153,0.0221391,1.0,4.313797,1.0,4.006274,1.0,0.0221391
1310,17,218,"Surveyors, cartographers, and photogrammetrists",Census 2010 official,80.0,4.501294915254237,4.140842372881356,-1.4615338615729054,0.486864406779661,1.0,4.501294915254237,1.0,4.140842372881356,1.0,0.486864406779661
1320,17,44,Aerospace engineers,Census 2010 official,20.0,4.88,5.32,-0.5548480372255256,0.017,1.0,4.88,1.0,5.32,1.0,0.017
1330,17,,Agricultural engineers,Census 2010 official,,4.54,4.42,,0.49,1.0,4.54,1.0,4.42,1.0,0.49
1340,17,59,Biomedical engineers,Census 2010 official,75.0,4.57,4.87,-0.23840262033545012,0.037,1.0,4.57,1.0,4.87,1.0,0.037
1350,17,48,Chemical engineers,Census 2010 official,99.0,4.5,4.73,0.8882243839470751,0.017,1.0,4.5,1.0,4.73,1.0,0.017
1360,17,53,Civil engineers,Census 2010 official,45.0,4.09,4.32,-0.8984594104404988,0.019,1.0,4.09,1.0,4.32,1.0,0.019
1400,17,55,Computer hardware engineers,Census 2010 official,74.0,4.95,5.32,-1.1951754089952429,0.22,1.0,4.95,1.0,5.32,1.0,0.22
1410,17,55,Electrical and electronics engineers,Census 2010 official,74.0,4.512480985026774,4.620701251748013,-1.1951754089952429,0.07258518366929295,1.0,4.512480985026774,1.0,4.620701251748013,1.0,0.07258518366929295
1420,17,59,Environmental engineers,Census 2010 official,75.0,4.42,4.31,-0.23840262033545012,0.018,1.0,4.42,1.0,4.31,1.0,0.018
1430,17,56,"Industrial engineers, including health and safety",Census 2010 official,62.0,4.1800285125097325,3.8362846411211415,-0.3686934337930805,0.02892781390063759,1.0,4.1800285125097325,1.0,3.8362846411211415,1.0,0.02892781390063759
1440,17,59,Marine engineers and naval architects,Census 2010 official,75.0,4.1,3.9050000000000002,-0.23840262033545012,0.01,1.0,4.1,1.0,3.9050000000000002,1.0,0.01
1450,17,45,Materials engineers,Census 2010 official,72.0,4.08,4.31,-0.03126408673059666,0.021,1.0,4.08,1.0,4.31,1.0,0.021
1460,17,57,Mechanical engineers,Census 2010 official,69.0,4.54,3.99,1.2140458418722089,0.011,1.0,4.54,1.0,3.99,1.0,0.011
1500,17,,"Mining and geological engineers, including mining safety engineers",Census 2010 official,,4.75,4.24,,0.14,1.0,4.75,1.0,4.24,1.0,0.14
1510,17,,Nuclear engineers,Census 2010 official,,4.33,4.41,,0.07,1.0,4.33,1.0,4.41,1.0,0.07
1520,17,47,Petroleum engineers,Census 2010 official,70.0,4.52,3.92,0.5630117315852914,0.16,1.0,4.52,1.0,3.92,1.0,0.16
1530,17,59,"Engineers, all other",Census 2010 official,75.0,4.384545454545454,4.392727272727273,-0.23840262033545012,0.014,1.0,4.384545454545454,1.0,4.392727272727273,1.0,0.014
1540,17,217,Drafters,Census 2010 official,49.0,4.737573942377869,4.355377626074161,2.8582155221484222,0.57329573949382,1.0,4.737573942377869,1.0,4.355377626074161,1.0,0.57329573949382
1550,17,214,"Engineering technicians, except drafters",Census 2010 official,92.0,4.119058585504961,3.890287347223298,0.5296335375679204,0.5903107148942761,1.0,4.119058585504961,1.0,3.890287347223298,1.0,0.5903107148942761
1560,17,218,Surveying and mapping technicians,Census 2010 official,80.0,4.525,3.72,-1.4615338615729054,0.96,1.0,4.525,1.0,3.72,1.0,0.96
1600,19,77,Agricultural and food scientists,Census 2010 official,17.0,4.330667502350361,3.851444688185522,-0.27558197198445633,0.04820651833281103,1.0,4.330667502350361,1.0,3.851444688185522,1.0,0.04820651833281103
1610,19,78,Biological scientists,Census 2010 official,62.0,4.415962029627107,4.077285316987343,0.04016459569711106,0.056736420909245695,1.0,4.415962029627107,1.0,4.077285316987343,1.0,0.056736420909245695
1640,19,79,Conservation scientists and foresters,Census 2010 official,64.0,4.023224128965159,3.354430577223089,-1.7573975927674832,0.013658346333853355,1.0,4.023224128965159,1.0,3.354430577223089,1.0,0.013658346333853355
1650,19,83,Medical scientists,Census 2010 official,59.0,4.186439647048745,3.5237693823353036,-0.0466915523257696,0.01819990576544162,1.0,4.186439647048745,1.0,3.5237693823353036,1.0,0.01819990576544162
1660,19,,"Life scientists, all other",Census 2010 official,,,,,,0.0,,0.0,,0.0,
1700,19,69,Astronomers and physicists,Census 2010 official,75.0,4.620774487471526,4.896273348519362,1.6833883072322164,0.0948123006833713,1.0,4.620774487471526,1.0,4.896273348519362,1.0,0.0948123006833713
1710,19,74,Atmospheric and space scientists,Census 2010 official,44.0,4.84,4.53,,0.67,1.0,4.84,1.0,4.53,1.0,0.67
1720,19,73,Chemists and materials scientists,Census 2010 official,47.0,4.526971016153054,4.456131286516211,0.8515336751008316,0.0939453545652423,1.0,4.526971016153054,1.0,4.456131286516211,1.0,0.0939453545652423
1740,19,75,Environmental scientists and geoscientists,Census 2010 official,59.0,4.41088391655753,3.4856252785781106,-0.5789321555893299,0.11141203094480824,1.0,4.41088391655753,1.0,3.4856252785781106,1.0,0.11141203094480824
1760,19,76,"Physical scientists, all other",Census 2010 official,78.0,4.71,4.64,,0.43,1.0,4.71,1.0,4.64,1.0,0.43
1800,19,166,Economists,Census 2010 official,49.0,4.65,4.78,1.2114282505582765,0.43,1.0,4.65,1.0,4.78,1.0,0.43
1815,19,,Survey researchers,Census 2010 official,,4.79,4.26,,0.23,1.0,4.79,1.0,4.26,1.0,0.23
1820,19,167,Psychologists,Census 2010 official,30.0,3.488169158051741,3.0059624759553567,1.4886885448941414,0.004694764604227743,1.0,3.488169158051741,1.0,3.0059624759553567,1.0,0.004694764604227743
1830,19,,Sociologists,Census 2010 official,,4.59,3.68,,0.059,1.0,4.59,1.0,3.68,1.0,0.059
1840,19,173,Urban and regional planners,Census 2010 official,24.0,4.08,3.81,,0.13,1.0,4.08,1.0,3.81,1.0,0.13
1860,19,169,Miscellaneous social scientists and related workers,Census 2010 official,59.0,4.463532757944292,3.9556679089839157,-1.30961688564081,0.06444007453903491,1.0,4.463532757944292,1.0,3.9556679089839157,1.0,0.06444007453903491
1900,19,223,Agricultural and food science technicians,Census 2010 official,91.0,3.5949999999999998,3.1550000000000002,1.081973475123646,0.97,1.0,3.5949999999999998,1.0,3.1550000000000002,1.0,0.97
1910,19,223,Biological technicians,Census 2010 official,91.0,4.1,3.64,1.081973475123646,0.3,1.0,4.1,1.0,3.64,1.0,0.3
1920,19,224,Chemical technicians,Census 2010 official,59.0,4.54,3.46,0.6355894556984343,0.57,1.0,4.54,1.0,3.46,1.0,0.57
1930,19,225,Geological and petroleum technicians,Census 2010 official,,,,0.7386409889216008,,0.9242585875826754,3.855540857691487,0.9242585875826754,2.90999679965863,0.9242585875826754,0.7391892468529977
1940,19,,Nuclear technicians,Census 2010 official,,3.69,3.335,,0.85,1.0,3.69,1.0,3.335,1.0,0.85
1950,19,,Social science research assistants,Census 2010 official,,4.73,3.57,,0.65,1.0,4.73,1.0,3.57,1.0,0.65
1965,19,235,"Miscellaneous life, physical, and social science technicians",Census 2010 official,80.0,,,0.21183012494734244,,0.9811931058826208,4.112882063324163,0.9811931058826208,3.3903782127093267,0.9811931058826208,0.5664496172157838
2000,21,163,Counselors,Census 2010 official,17.0,,,0.52110769659604,,0.7402,2.8766130000000003,0.7402,2.795332,0.7402,0.008239210000000002
2010,21,174,Social workers,Census 2010 official,20.0,,,0.7828756726665074,,0.3293,1.373058,0.3293,1.178294,0.3293,0.004892130000000001
2015,21,177,Probation officers and correctional treatment specialists,Census 2010 official,5.0,4.36,3.21,-0.9815610676089954,0.25,1.0,4.36,1.0,3.21,1.0,0.25
2016,21,177,Social and human service assistants,Census 2010 official,5.0,3.81,3.41,-0.9815610676089954,0.13,1.0,3.81,1.0,3.41,1.0,0.13
2025,21,177,"Miscellaneous community and social service specialists, including health educators and community health workers",Census 2010 official,5.0,3.9876348458904114,3.453168302160169,-0.9815610676089954,,1.0,3.9876348458904114,1.0,3.453168302160169,0.8995488672286618,0.1273326363277134
2040,21,176,Clergy,Census 2010 official,5.0,3.81,2.47,1.6001848111753236,0.0081,1.0,3.81,1.0,2.47,1.0,0.0081
2050,21,176,"Directors, religious activities and education",Census 2010 official,5.0,3.93,3.89,1.6001848111753236,0.025,1.0,3.93,1.0,3.89,1.0,0.025
2060,21,176,"Religious workers, all other",Census 2010 official,5.0,,,1.6001848111753236,,0.0,,0.0,,0.0,
2100,23,178,Lawyers,Census 2010 official,40.0,4.23,3.18,5.137493569024654,0.035,1.0,4.23,1.0,3.18,1.0,0.035
2105,23,178,Judicial law clerks,Census 2010 official,40.0,3.91,2.94,5.137493569024654,0.41,1.0,3.91,1.0,2.94,1.0,0.41
2110,23,,"Judges, magistrates, and other judicial workers",Census 2010 official,,3.8582696629213484,3.1729070480081716,,0.4170132788559755,1.0,3.8582696629213484,1.0,3.1729070480081716,1.0,0.4170132788559755
2145,23,234,Paralegals and legal assistants,Census 2010 official,16.0,4.87,3.76,2.0493961276202293,0.94,1.0,4.87,1.0,3.76,1.0,0.94
2160,mixed,234,Miscellaneous legal support workers,Census 2010 official,16.0,,,2.0493961276202293,,0.7359,3.361156,0.7359,2.756251,0.7359,0.629708
2200,25,154,Postsecondary teachers,Census 2010 official,1.0,4.273109492993076,3.7221073376072806,-0.2421867237963724,,1.0,4.273109492993076,1.0,3.7221073376072806,0.043275,0.024234000000000002
2300,25,155,Preschool and kindergarten teachers,Census 2010 official,30.0,2.5715893832943015,1.996986729117877,-1.6545650882758083,0.04099894223263076,1.0,2.5715893832943015,1.0,1.996986729117877,1.0,0.04099894223263076
2310,25,156,Elementary and middle school teachers,Census 2010 official,22.0,3.601804337030293,2.8424515808640956,-1.4860239812483054,0.056678960437013745,1.0,3.601804337030293,1.0,2.8424515808640956,1.0,0.056678960437013745
2320,25,157,Secondary school teachers,Census 2010 official,19.0,3.78985659967409,3.4351309071156977,-1.2314343992424028,0.007876371537208039,1.0,3.78985659967409,1.0,3.4351309071156977,1.0,0.007876371537208039
2330,25,158,Special education teachers,Census 2010 official,24.0,3.84,3.735,-0.921602601436442,,1.0,3.84,1.0,3.735,0.3333333333333333,0.00395
2340,25,159,Other teachers and instructors,Census 2010 official,37.0,3.5756368360345814,2.6377424732884425,-1.154622804044256,,1.0,3.5756368360345814,1.0,2.6377424732884425,0.1986528559593857,0.02761202296238078
2400,25,165,"Archivists, curators, and museum technicians",Census 2010 official,7.0,3.8119565990750623,3.1394983991462113,-1.6083387772579316,0.3981716115261473,1.0,3.8119565990750623,1.0,3.1394983991462113,1.0,0.3981716115261473
2430,25,164,Librarians,Census 2010 official,7.0,,,0.32492890019636844,,0.0,,0.0,,0.0,
2440,25,329,Library technicians,Census 2010 official,17.0,4.29,3.0,1.1047858089061355,0.99,1.0,4.29,1.0,3.0,1.0,0.99
2540,25,387,Teacher assistants,Census 2010 official,7.0,3.035,2.1325,0.6902145525531691,,1.0,3.035,1.0,2.1325,0.75,0.42000000000000004
2550,25,159,"Other education, training, and library workers",Census 2010 official,37.0,,,-1.154622804044256,,0.9739,3.4151426666666667,0.9739,2.551618,0.8115833333333332,0.274591105
2600,27,188,Artists and related workers,Census 2010 official,66.0,4.544497885835095,4.56406976744186,2.550762206801769,0.023800872093023253,1.0,4.544497885835095,1.0,4.56406976744186,1.0,0.023800872093023253
2630,27,185,Designers,Census 2010 official,59.0,4.063799078673139,3.581284443026302,0.83703375342517,0.11746043910642504,1.0000000000009,4.063799078673139,1.0000000000009,3.581284443026302,1.0000000000009,0.11746043910642504
2700,27,187,Actors,Census 2010 official,32.0,1.97,1.24,-1.400358984606063,0.37,1.0,1.97,1.0,1.24,1.0,0.37
2710,27,187,Producers and directors,Census 2010 official,32.0,4.188000000000001,3.582,-1.400358984606063,0.022,1.0,4.188000000000001,1.0,3.582,1.0,0.022
2720,27,199,"Athletes, coaches, umpires, and related workers",Census 2010 official,27.0,3.305508,2.784815,-2.2316750864744845,0.2010649,0.9999999999999999,3.305508,0.9999999999999999,2.784815,0.9999999999999999,0.2010649
2740,27,193,Dancers and choreographers,Census 2010 official,5.0,2.009375,1.5549107142857141,-0.28768207245178123,0.06587499999999999,1.0,2.009375,1.0,1.5549107142857141,1.0,0.06587499999999999
2750,27,186,"Musicians, singers, and related workers",Census 2010 official,13.0,2.346952,1.703104,-1.1354974922487253,0.06040639999999999,1.0,2.346952,1.0,1.703104,1.0,0.06040639999999999
2760,27,194,"Entertainers and performers, sports and related workers, all other",Census 2010 official,1.0,,,-0.31316782241896235,,0.0,,0.0,,0.0,
2800,27,198,Announcers,Census 2010 official,17.0,4.619685,4.20707,,0.16541,1.0,4.619685,1.0,4.20707,1.0,0.16541
2810,27,195,"News analysts, reporters and correspondents",Census 2010 official,5.0,,,2.268488573082111,,0.0,,0.0,,0.0,
2825,27,13,Public relations specialists,Census 2010 official,68.0,4.54,3.5,0.8974676055485247,0.18,1.0,4.54,1.0,3.5,1.0,0.18
2830,27,195,Editors,Census 2010 official,5.0,4.57,3.28,2.268488573082111,0.055,1.0,4.57,1.0,3.28,1.0,0.055
2840,27,184,Technical writers,Census 2010 official,38.0,4.61,4.15,-0.32428316448308014,0.89,1.0,4.61,1.0,4.15,1.0,0.89
2850,27,183,Writers and authors,Census 2010 official,5.0,4.115,3.3049999999999997,,0.038,1.0,4.115,1.0,3.3049999999999997,1.0,0.038
2860,27,194,Miscellaneous media and communication workers,Census 2010 official,1.0,3.348541,3.052847,-0.31316782241896235,0.412266,1.0,3.348541,1.0,3.052847,1.0,0.412266
2900,mixed,228,Broadcast and sound engineering technicians and radio operators,Census 2010 official,100.0,4.497199294714978,3.8793625017309017,1.0390664347090763,0.6432308239095315,1.0,4.497199294714978,1.0,3.8793625017309017,1.0,0.6432308239095315
2910,27,189,Photographers,Census 2010 official,84.0,4.5,4.04,3.1065971046200085,0.021,1.0,4.5,1.0,4.04,1.0,0.021
2920,27,195,"Television, video, and motion picture camera operators and editors",Census 2010 official,5.0,4.5452929000207,4.021095011384807,2.268488573082111,0.4317387704409025,1.0,4.5452929000207,1.0,4.021095011384807,1.0,0.4317387704409025
2960,27,,"Media and communication equipment workers, all other",Census 2010 official,,,,,,0.2118,0.968793632125548,0.2118,0.8131064567274404,0.2118,0.11713840226171243
3000,29,89,Chiropractors,Census 2010 official,8.0,3.86,3.7,-1.6739764335716714,0.027,1.0,3.86,1.0,3.7,1.0,0.027
3010,29,85,Dentists,Census 2010 official,84.0,3.342859763214941,3.2477497081874276,-0.8656032007767024,0.005494830748707688,1.0,3.342859763214941,1.0,3.2477497081874276,1.0,0.005494830748707688
3030,29,97,Dietitians and nutritionists,Census 2010 official,24.0,4.13,3.13,,0.0039,1.0,4.13,1.0,3.13,1.0,0.0039
3040,29,87,Optometrists,Census 2010 official,66.0,3.39,2.7,,0.14,1.0,3.39,1.0,2.7,1.0,0.14
3050,29,96,Pharmacists,Census 2010 official,24.0,4.61,3.8,,0.012,1.0,4.61,1.0,3.8,1.0,0.012
3060,29,84,Physicians and surgeons,Census 2010 official,27.0,3.669566628983024,3.2031632314960583,-1.0815224947726143,,0.9999999999999999,3.669566628983024,0.9999999999999999,3.2031632314960583,0.23153950550327007,0.13617743640133995
3110,29,106,Physician assistants,Census 2010 official,92.0,3.95,3.05,-0.2794786728291738,0.14,1.0,3.95,1.0,3.05,1.0,0.14
3120,29,88,Podiatrists,Census 2010 official,1.0,3.41,3.69,0.6467716304525264,0.0046,1.0,3.41,1.0,3.69,1.0,0.0046
3140,29,104,Audiologists,Census 2010 official,59.0,4.27,3.7,-0.2794786728291738,0.0033,1.0,4.27,1.0,3.7,1.0,0.0033
3150,29,99,Occupational therapists,Census 2010 official,72.0,3.57,2.86,-0.2794786728291738,0.0035,1.0,3.57,1.0,2.86,1.0,0.0035
3160,29,103,Physical therapists,Census 2010 official,64.0,3.21,2.58,-0.2794786728291738,0.021,1.0,3.21,1.0,2.58,1.0,0.021
3200,29,105,Radiation therapists,Census 2010 official,26.0,4.38,4.3,-0.2794786728291738,0.34,1.0,4.38,1.0,4.3,1.0,0.34
3210,29,105,Recreational therapists,Census 2010 official,26.0,3.81,3.27,-0.2794786728291738,0.0028,1.0,3.81,1.0,3.27,1.0,0.0028
3220,29,98,Respiratory therapists,Census 2010 official,62.0,3.79,3.67,-0.2794786728291738,0.066,1.0,3.79,1.0,3.67,1.0,0.066
3230,29,104,Speech-language pathologists,Census 2010 official,59.0,3.48,3.1,-0.2794786728291738,0.0064,1.0,3.48,1.0,3.1,1.0,0.0064
3235,29,,Exercise physiologists,Census 2010 official,,3.75,3.32,,,1.0,3.75,1.0,3.32,0.0,
3245,29,105,"Therapists, all other",Census 2010 official,26.0,,,-0.2794786728291738,,0.0,,0.0,,0.0,
3250,29,86,Veterinarians,Census 2010 official,70.0,3.45,2.99,2.3035934859997154,0.038,1.0,3.45,1.0,2.99,1.0,0.038
3255,29,95,Registered nurses,Census 2010 official,43.0,4.12,3.3,-0.12166826816809762,,1.0,4.12,1.0,3.3,0.0,
3256,29,95,Nurse anesthetists,Census 2010 official,43.0,3.58,3.45,-0.12166826816809762,,1.0,3.58,1.0,3.45,0.0,
3257,29,,Nurse midwives,Census 2010 official,,4.05,3.41,,,1.0,4.05,1.0,3.41,0.0,
3258,29,95,Nurse practitioners,Census 2010 official,43.0,4.41,3.93,-0.12166826816809762,,1.0,4.41,1.0,3.93,0.0,
3260,29,89,"Health diagnosing and treating practitioners, all other",Census 2010 official,8.0,3.3133333333333335,2.61,-1.6739764335716714,0.020000000000000004,1.0,3.3133333333333335,1.0,2.61,1.0,0.020000000000000004
3300,29,203,Clinical laboratory technologists and technicians,Census 2010 official,87.0,4.41,4.109999999999999,1.6146364461746412,0.685,1.0,4.41,1.0,4.109999999999999,1.0,0.685
3310,29,204,Dental hygienists,Census 2010 official,32.0,3.5,3.06,3.020791786980711,0.68,1.0,3.5,1.0,3.06,1.0,0.68
3320,29,206,Diagnostic related technologists and technicians,Census 2010 official,87.0,4.139022576475063,3.579877675054075,-0.026478589926097085,,0.9999999999998,4.139022576475063,0.9999999999998,3.579877675054075,0.30516937287412765,0.0955444441599319
3400,29,208,Emergency medical technicians and paramedics,Census 2010 official,39.0,3.86,3.9199999999999995,0.5575303397020435,0.049,1.0,3.86,1.0,3.9199999999999995,1.0,0.049
3420,29,678,Health practitioner support technologists and technicians,Census 2010 official,87.0,,,0.7004116062534763,,0.9840936677480725,3.885098782290319,0.9840936677480725,3.4097691628685816,0.9969458372488755,0.5980688514326243
3500,29,207,Licensed practical and licensed vocational nurses,Census 2010 official,44.0,3.66,3.23,0.21502829470120932,0.058,1.0,3.66,1.0,3.23,1.0,0.058
3510,29,205,Medical records and health information technicians,Census 2010 official,32.0,,,,,0.9828346087771357,4.229741352491019,0.9828346087771357,3.8793491753865372,0.9709728252381695,0.8729243387943152
3520,29,677,"Opticians, dispensing",Census 2010 official,63.0,3.63,3.15,3.2059523140635875,0.71,1.0,3.63,1.0,3.15,1.0,0.71
3535,29,208,Miscellaneous health technologists and technicians,Census 2010 official,39.0,,,0.5575303397020435,,0.13088843613014756,0.5292023214175465,0.13088843613014756,0.46871210718034206,0.9333827251960239,0.08713610545162685
3540,mixed,208,Other healthcare practitioners and technical occupations,Census 2010 official,39.0,,,0.5575303397020435,,0.8412497266906138,3.0728421650838564,0.8412497266906138,2.6563239125359486,0.7315486803061065,0.2303476918769774
3600,31,447,"Nursing, psychiatric, and home health aides",Census 2010 official,30.0,2.1222357066391258,1.2429428214175953,-0.08208253888210143,,1.0,2.1222357066391258,1.0,1.2429428214175953,0.2163224510946088,0.08443155201446614
3610,31,447,Occupational therapy assistants and aides,Census 2010 official,30.0,3.693120176405733,2.8647342888643883,-0.08208253888210143,0.045983241455347296,1.0,3.693120176405733,1.0,2.8647342888643883,1.0,0.045983241455347296
3620,31,447,Physical therapist assistants and aides,Census 2010 official,30.0,3.3558743109151052,2.550862183020948,-0.08208253888210143,0.20245336273428888,1.0,3.3558743109151052,1.0,2.550862183020948,1.0,0.20245336273428888
3630,31,447,Massage therapists,Census 2010 official,30.0,2.33,1.93,-0.08208253888210143,0.54,1.0,2.33,1.0,1.93,1.0,0.54
3640,31,445,Dental assistants,Census 2010 official,62.0,4.19,3.75,4.7250311988992735,0.51,1.0,4.19,1.0,3.75,1.0,0.51
3645,31,447,Medical assistants,Census 2010 official,30.0,4.35,4.22,-0.08208253888210143,0.3,1.0,4.35,1.0,4.22,1.0,0.3
3646,31,447,Medical transcriptionists,Census 2010 official,30.0,4.75,3.6,-0.08208253888210143,0.89,1.0,4.75,1.0,3.6,1.0,0.89
3647,31,447,Pharmacy aides,Census 2010 official,30.0,4.51,5.09,-0.08208253888210143,0.72,1.0,4.51,1.0,5.09,1.0,0.72
3648,31,447,Veterinary assistants and laboratory animal caretakers,Census 2010 official,30.0,3.32,3.29,-0.08208253888210143,0.86,1.0,3.32,1.0,3.29,1.0,0.86
3649,31,447,Phlebotomists,Census 2010 official,30.0,4.41,4.14,-0.08208253888210143,,1.0,4.41,1.0,4.14,0.0,
3655,31,447,"Healthcare support workers, all other, including medical equipment preparers",Census 2010 official,30.0,4.1706083319582135,3.9717167845038777,-0.08208253888210143,,1.0,4.1706083319582135,1.0,3.9717167845038777,0.8469427907744254,0.38668168720884477
3700,33,423,First-line supervisors of correctional officers,Census 2010 official,59.0,4.08,4.09,-0.08593151373562108,0.025,1.0,4.08,1.0,4.09,1.0,0.025
3710,33,418,First-line supervisors of police and detectives,Census 2010 official,63.0,4.27,4.12,-1.5926684639287758,0.0044,1.0,4.27,1.0,4.12,1.0,0.0044
3720,33,417,First-line supervisors of fire fighting and prevention workers,Census 2010 official,25.0,3.44,2.83,-2.108682427129306,0.0036,1.0,3.44,1.0,2.83,1.0,0.0036
3730,33,415,"First-line supervisors of protective service workers, all other",Census 2010 official,,,,0.7905190299339863,,0.0,,0.0,,0.0,
3740,33,417,Firefighters,Census 2010 official,25.0,3.06,2.925,-2.108682427129306,0.17,1.0,3.06,1.0,2.925,1.0,0.17
3750,33,417,Fire inspectors,Census 2010 official,25.0,3.7930224525043177,3.168819804260219,-2.108682427129306,0.41110880829015545,1.0,3.7930224525043177,1.0,3.168819804260219,1.0,0.41110880829015545
3800,33,423,"Bailiffs, correctional officers, and jailers",Census 2010 official,59.0,3.261437,3.2913,-0.08593151373562108,0.581112,1.0,3.261437,1.0,3.2913,1.0,0.581112
3820,33,418,Detectives and criminal investigators,Census 2010 official,63.0,4.214,4.032,-1.5926684639287758,0.34,1.0,4.214,1.0,4.032,1.0,0.34
3830,33,,Fish and game wardens,Census 2010 official,,3.75,3.14,,0.08,1.0,3.75,1.0,3.14,1.0,0.08
3840,33,427,Parking enforcement workers,Census 2010 official,20.0,3.5,3.6,-0.36629509342975264,0.84,1.0,3.5,1.0,3.6,1.0,0.84
3850,33,418,Police and sheriff's patrol officers,Census 2010 official,63.0,3.983309565451366,3.6852238515927467,-1.5926684639287758,0.10053296859350942,1.0,3.983309565451366,1.0,3.6852238515927467,1.0,0.10053296859350942
3900,33,427,Animal control workers,Census 2010 official,20.0,3.93,3.15,-0.36629509342975264,0.21,1.0,3.93,1.0,3.15,1.0,0.21
3910,33,426,Private detectives and investigators,Census 2010 official,67.0,4.34,3.45,1.960435990398878,0.31,1.0,4.34,1.0,3.45,1.0,0.31
3930,33,426,Security guards and gaming surveillance officers,Census 2010 official,67.0,2.4587886972587194,2.3855997899258177,1.960435990398878,0.8409480535314033,1.0,2.4587886972587194,1.0,2.3855997899258177,1.0,0.8409480535314033
3940,33,425,Crossing guards,Census 2010 official,15.0,1.98,1.5,0.02228097455466127,0.49,1.0,1.98,1.0,1.5,1.0,0.49
3945,33,36,Transportation security screeners,Census 2010 official,17.0,3.0,2.44,0.11107830091416404,,1.0,3.0,1.0,2.44,0.0,
3955,33,427,"Lifeguards and other recreational, and all other protective service workers",Census 2010 official,20.0,2.652013456394261,2.2127917524641294,-0.36629509342975264,,1.0,2.652013456394261,1.0,2.2127917524641294,0.4795589644416719,0.2850735963817842
4000,35,436,Chefs and head cooks,Census 2010 official,9.0,3.11,2.93,3.37480610119438,0.1,1.0,3.11,1.0,2.93,1.0,0.1
4010,35,433,First-line supervisors of food preparation and serving workers,Census 2010 official,67.0,3.12,2.73,0.8345136290831388,0.63,1.0,3.12,1.0,2.73,1.0,0.63
4020,35,436,Cooks,Census 2010 official,9.0,2.3215172836469646,2.142166856847937,3.37480610119438,0.8918259821216166,1.0,2.3215172836469646,1.0,2.142166856847937,1.0,0.8918259821216166
4030,35,439,Food preparation workers,Census 2010 official,2.0,2.43,2.32,1.0009670039619036,0.87,1.0,2.43,1.0,2.32,1.0,0.87
4040,35,434,Bartenders,Census 2010 official,7.0,2.57,2.05,2.4731154930660613,0.77,1.0,2.57,1.0,2.05,1.0,0.77
4050,35,444,"Combined food preparation and serving workers, including fast food",Census 2010 official,7.0,,,0.9910087326276849,,0.0,,0.0,,0.0,
4060,,444,"Counter attendants, cafeteria, food concession, and coffee shop",Census 2010 official,7.0,,,0.9910087326276849,,,,,,,
4110,35,435,Waiters and waitresses,Census 2010 official,16.0,2.7,1.88,-0.6339596268344251,0.94,1.0,2.7,1.0,1.88,1.0,0.94
4120,35,444,"Food servers, nonrestaurant",Census 2010 official,7.0,1.46,0.56,0.9910087326276849,0.86,1.0,1.46,1.0,0.56,1.0,0.86
4130,35,444,Dining room and cafeteria attendants and bartender helpers,Census 2010 official,7.0,2.65,2.46,0.9910087326276849,0.91,1.0,2.65,1.0,2.46,1.0,0.91
4140,35,444,Dishwashers,Census 2010 official,7.0,2.15,1.67,0.9910087326276849,0.77,1.0,2.15,1.0,1.67,1.0,0.77
4150,35,444,"Hosts and hostesses, restaurant, lounge, and coffee shop",Census 2010 official,7.0,2.55,1.52,0.9910087326276849,0.97,1.0,2.55,1.0,1.52,1.0,0.97
4160,35,,"Food preparation and serving related workers, all other",Census 2010 official,,,,,,0.0,,0.0,,0.0,
4200,37,448,First-line supervisors of housekeeping and janitorial workers,Census 2010 official,37.0,2.38,1.82,-0.19675587053453736,0.94,1.0,2.38,1.0,1.82,1.0,0.94
4210,37,450,"First-line supervisors of landscaping, lawn service, and groundskeeping workers",Census 2010 official,15.0,3.1,2.35,-0.6499199568284486,0.57,1.0,3.1,1.0,2.35,1.0,0.57
4220,37,453,Janitors and building cleaners,Census 2010 official,80.0,1.7635891685476301,1.2002006441772248,0.44884202889307623,0.6678630561825434,1.0,1.7635891685476301,1.0,1.2002006441772248,1.0,0.6678630561825434
4230,37,405,Maids and housekeeping cleaners,Census 2010 official,42.0,1.83,1.06,-0.08459524761073028,0.69,1.0,1.83,1.0,1.06,1.0,0.69
4240,37,455,Pest control workers,Census 2010 official,100.0,2.5,1.42,0.35536612068975515,0.66,1.0,2.5,1.0,1.42,1.0,0.66
4250,37,451,Grounds maintenance workers,Census 2010 official,49.0,1.264809421537502,0.3537070985763051,0.09301935957533139,0.9375538189007524,1.0000000000002,1.264809421537502,1.0000000000002,0.3537070985763051,1.0000000000002,0.9375538189007524
4300,,459,First-line supervisors of gaming workers,Census 2010 official,70.0,,,-0.43263738767471804,,,,,,,
4320,mixed,470,First-line supervisors of personal service workers,Census 2010 official,15.0,,,-0.4348899895046834,,0.8939157844183566,3.1064197719316975,0.8939157844183566,2.661480679722519,0.8939157844183566,0.0689263996157951
4340,39,472,Animal trainers,Census 2010 official,7.0,2.62,2.38,1.4715203068426572,0.1,1.0,2.62,1.0,2.38,1.0,0.1
4350,39,472,Nonfarm animal caretakers,Census 2010 official,7.0,2.93,2.32,1.4715203068426572,0.82,1.0,2.93,1.0,2.32,1.0,0.82
4400,39,459,Gaming services workers,Census 2010 official,70.0,1.636340921710161,1.0675485841199335,-0.43263738767471804,0.954905607995558,1.0,1.636340921710161,1.0,1.0675485841199335,1.0,0.954905607995558
4410,,467,Motion picture projectionists,Census 2010 official,79.0,,,,,,,,,,
4420,39,462,"Ushers, lobby attendants, and ticket takers",Census 2010 official,44.0,2.7,1.88,1.0794682593240594,0.96,1.0,2.7,1.0,1.88,1.0,0.96
4430,39,459,Miscellaneous entertainment attendants and related workers,Census 2010 official,70.0,2.8397528785440143,1.8714852049028106,-0.43263738767471804,0.7877090503899963,1.0,2.8397528785440143,1.0,1.8714852049028106,1.0,0.7877090503899963
4460,39,469,Embalmers and funeral attendants,Census 2010 official,21.0,3.5336549134835127,3.3004195233431273,-0.5105797500842162,,1.0,3.5336549134835127,1.0,3.3004195233431273,0.5968005223636957,0.23211067580803135
4465,39,19,"Morticians, undertakers, and funeral directors",Census 2010 official,2.0,4.36,3.65,,,1.0,4.36,1.0,3.65,0.0,
4500,39,457,Barbers,Census 2010 official,1.0,1.43,0.56,5.436072770973678,0.8,1.0,1.43,1.0,0.56,1.0,0.8
4510,39,458,"Hairdressers, hairstylists, and cosmetologists",Census 2010 official,15.0,2.95,2.56,2.6395731870483368,0.11,1.0,2.95,1.0,2.56,1.0,0.11
4520,39,458,Miscellaneous personal appearance workers,Census 2010 official,15.0,2.040705078720914,1.0438900811895702,2.6395731870483368,0.8048488022260404,1.0000000000001,2.040705078720914,1.0000000000001,1.0438900811895702,1.0000000000001,0.8048488022260404
4530,39,464,"Baggage porters, bellhops, and concierges",Census 2010 official,91.0,3.765629506378258,3.164172675171011,-0.6703161220120928,0.4453226104640414,1.0,3.765629506378258,1.0,3.164172675171011,1.0,0.4453226104640414
4540,39,461,Tour and travel guides,Census 2010 official,27.0,3.005,2.445,0.6411632452397582,0.48350000000000004,1.0,3.005,1.0,2.445,1.0,0.48350000000000004
4600,39,468,Childcare workers,Census 2010 official,38.0,1.81,0.97,0.9159113720974712,0.084,1.0,1.81,1.0,0.97,1.0,0.084
4610,31,447,Personal care aides,Census 2010 official,30.0,1.64,0.72,-0.08208253888210143,0.74,1.0,1.64,1.0,0.72,1.0,0.74
4620,39,466,Recreation and fitness workers,Census 2010 official,17.0,3.13835,2.62268,-1.890491627364073,0.039593050000000005,1.0,3.13835,1.0,2.62268,1.0,0.039593050000000005
4640,39,468,Residential advisors,Census 2010 official,38.0,3.57,3.33,0.9159113720974712,0.064,1.0,3.57,1.0,3.33,1.0,0.064
4650,39,469,"Personal care and service workers, all other",Census 2010 official,21.0,,,-0.5105797500842162,,0.0145,0.05123799624551094,0.0145,0.047856083088475346,0.00865360757427359,0.0033656047992164546
4700,41,243,First-line supervisors of retail sales workers,Census 2010 official,28.0,3.24,3.06,-0.641108115086422,0.28,1.0,3.24,1.0,3.06,1.0,0.28
4710,41,243,First-line supervisors of non-retail sales workers,Census 2010 official,28.0,4.63,3.48,-0.641108115086422,0.075,1.0,4.63,1.0,3.48,1.0,0.075
4720,41,276,Cashiers,Census 2010 official,65.0,2.94431941999958,1.4868905033326638,4.933259375914533,0.9692800966667366,1.0,2.94431941999958,1.0,1.4868905033326638,1.0,0.9692800966667366
4740,41,275,Counter and rental clerks,Census 2010 official,2.0,3.7,3.09,0.8554131359043381,0.97,1.0,3.7,1.0,3.09,1.0,0.97
4750,41,275,Parts salespersons,Census 2010 official,2.0,4.73,4.69,0.8554131359043381,0.98,1.0,4.73,1.0,4.69,1.0,0.98
4760,41,275,Retail salespersons,Census 2010 official,2.0,3.46,2.52,0.8554131359043381,0.92,1.0,3.46,1.0,2.52,1.0,0.92
4800,41,256,Advertising sales agents,Census 2010 official,6.0,4.12,3.44,5.857593146324737,0.54,1.0,4.12,1.0,3.44,1.0,0.54
4810,41,253,Insurance sales agents,Census 2010 official,14.0,3.88,3.73,4.2211555794116045,0.92,1.0,3.88,1.0,3.73,1.0,0.92
4820,41,255,"Securities, commodities, and financial services sales agents",Census 2010 official,20.0,4.333333333333333,4.273333333333333,3.206307566159224,0.016,1.0,4.333333333333333,1.0,4.273333333333333,1.0,0.016
4830,41,318,Travel agents,Census 2010 official,15.0,4.6,3.83,2.1590627579674204,0.099,1.0,4.6,1.0,3.83,1.0,0.099
4840,41,275,"Sales representatives, services, all other",Census 2010 official,2.0,4.58,3.62,0.8554131359043381,,1.0,4.58,1.0,3.62,0.0,
4850,41,274,"Sales representatives, wholesale and manufacturing",Census 2010 official,11.0,3.522382196003049,3.3641464222980813,1.3274106196793287,0.744146422298081,1.0,3.522382196003049,1.0,3.3641464222980813,1.0,0.744146422298081
4900,41,283,"Models, demonstrators, and product promoters",Census 2010 official,5.0,1.98485473289597,1.556269915651359,0.5378672933736416,0.5320243673851921,1.0,1.98485473289597,1.0,1.556269915651359,1.0,0.5320243673851921
4920,41,254,Real estate brokers and sales agents,Census 2010 official,60.0,4.2920135484446025,3.430326232284517,2.4985519367069005,0.8837570193421873,1.0,4.2920135484446025,1.0,3.430326232284517,1.0,0.8837570193421873
4930,41,258,Sales engineers,Census 2010 official,17.0,4.64,4.8,0.20365231792996208,0.0041,1.0,4.64,1.0,4.8,1.0,0.0041
4940,41,274,Telemarketers,Census 2010 official,11.0,3.94,2.38,1.3274106196793287,0.99,1.0,3.94,1.0,2.38,1.0,0.99
4950,41,277,"Door-to-door sales workers, news and street vendors, and related workers",Census 2010 official,39.0,3.52,2.38,-0.4592122968765464,0.94,1.0,3.52,1.0,2.38,1.0,0.94
4965,41,274,"Sales and related workers, all other",Census 2010 official,11.0,,,1.3274106196793287,,0.0,,0.0,,0.0,
5000,43,303,First-line supervisors of office and administrative support workers,Census 2010 official,8.0,4.47,3.83,2.082568351992104,0.014,1.0,4.47,1.0,3.83,1.0,0.014
5010,43,348,"Switchboard operators, including answering service",Census 2010 official,83.0,4.44,3.72,4.285622691536821,0.96,1.0,4.44,1.0,3.72,1.0,0.96
5020,43,348,Telephone operators,Census 2010 official,83.0,4.44,2.75,4.285622691536821,0.97,1.0,4.44,1.0,2.75,1.0,0.97
5030,43,349,"Communications equipment operators, all other",Census 2010 official,,4.21,4.03,,0.98,1.0,4.21,1.0,4.03,1.0,0.98
5100,43,378,Bill and account collectors,Census 2010 official,2.0,4.16,2.52,5.102402266836223,0.95,1.0,4.16,1.0,2.52,1.0,0.95
5110,43,344,Billing and posting clerks,Census 2010 official,13.0,4.295,3.955,3.9379058132187863,0.96,1.0,4.295,1.0,3.955,1.0,0.96
5120,43,337,"Bookkeeping, accounting, and auditing clerks",Census 2010 official,45.0,4.46,3.95,4.748019105013584,0.98,1.0,4.46,1.0,3.95,1.0,0.98
5130,43,276,Gaming cage workers,Census 2010 official,65.0,3.76,3.12,4.933259375914533,0.39,1.0,3.76,1.0,3.12,1.0,0.39
5140,43,338,Payroll and timekeeping clerks,Census 2010 official,2.0,4.2,3.18,,0.97,1.0,4.2,1.0,3.18,1.0,0.97
5150,43,365,Procurement clerks,Census 2010 official,6.0,4.67,3.62,1.8260229389576037,0.98,1.0,4.67,1.0,3.62,1.0,0.98
5160,43,383,Tellers,Census 2010 official,20.0,4.28,3.92,7.970400582681182,0.98,1.0,4.28,1.0,3.92,1.0,0.98
5165,43,383,"Financial clerks, all other",Census 2010 official,20.0,,,7.970400582681182,,0.0,,0.0,,0.0,
5200,43,336,Brokerage clerks,Census 2010 official,39.0,4.19,3.14,3.564691702042053,0.98,1.0,4.19,1.0,3.14,1.0,0.98
5210,43,,Correspondence clerks,Census 2010 official,,4.69,3.55,,0.86,1.0,4.69,1.0,3.55,1.0,0.86
5220,43,389,"Court, municipal, and license clerks",Census 2010 official,26.0,4.383333333333333,3.1999999999999997,3.781607984281899,0.46,1.0,4.383333333333333,1.0,3.1999999999999997,1.0,0.46
5230,43,316,"Credit authorizers, checkers, and clerks",Census 2010 official,7.0,4.42,4.08,3.757227865507378,0.97,1.0,4.42,1.0,4.08,1.0,0.97
5240,43,376,Customer service representatives,Census 2010 official,38.0,4.25,3.53,2.5961553747918753,0.55,1.0,4.25,1.0,3.53,1.0,0.55
5250,43,377,"Eligibility interviewers, government programs",Census 2010 official,5.0,4.32,2.91,3.850844751696177,0.7,1.0,4.32,1.0,2.91,1.0,0.7
5260,43,335,File clerks,Census 2010 official,17.0,3.88,3.45,5.171381942828969,0.97,1.0,3.88,1.0,3.45,1.0,0.97
5300,43,317,"Hotel, motel, and resort desk clerks",Census 2010 official,2.0,4.55,3.47,1.7576585687151876,0.94,1.0,4.55,1.0,3.47,1.0,0.94
5310,43,316,"Interviewers, except eligibility and loan",Census 2010 official,7.0,3.66,2.28,3.757227865507378,0.94,1.0,3.66,1.0,2.28,1.0,0.94
5320,43,329,"Library assistants, clerical",Census 2010 official,17.0,4.65,3.37,1.1047858089061355,0.95,1.0,4.65,1.0,3.37,1.0,0.95
5330,43,376,Loan interviewers and clerks,Census 2010 official,38.0,4.92,4.97,2.5961553747918753,0.92,1.0,4.92,1.0,4.97,1.0,0.92
5340,43,316,New accounts clerks,Census 2010 official,7.0,4.82,3.23,3.757227865507378,0.99,1.0,4.82,1.0,3.23,1.0,0.99
5350,43,326,Order clerks,Census 2010 official,2.0,4.29,3.79,2.0846223871573533,0.98,1.0,4.29,1.0,3.79,1.0,0.98
5360,43,328,"Human resources assistants, except payroll and timekeeping",Census 2010 official,91.0,4.64,4.21,3.725291884134667,0.9,1.0,4.64,1.0,4.21,1.0,0.9
5400,43,319,Receptionists and information clerks,Census 2010 official,71.0,4.68,3.27,3.975662087058902,0.96,1.0,4.68,1.0,3.27,1.0,0.96
5410,43,318,Reservation and transportation ticket agents and travel clerks,Census 2010 official,15.0,4.83,3.93,2.1590627579674204,0.61,1.0,4.83,1.0,3.93,1.0,0.61
5420,43,336,"Information and record clerks, all other",Census 2010 official,39.0,,,3.564691702042053,,0.0,,0.0,,0.0,
5500,43,364,Cargo and freight agents,Census 2010 official,79.0,3.58,3.22,2.3322110601175137,0.99,1.0,3.58,1.0,3.22,1.0,0.99
5510,43,357,Couriers and messengers,Census 2010 official,30.0,1.82,1.26,2.288351181988545,0.94,1.0,1.82,1.0,1.26,1.0,0.94
5520,43,359,Dispatchers,Census 2010 official,96.0,4.5332609999999995,4.383352,2.656067734004177,0.803443,1.0,4.5332609999999995,1.0,4.383352,1.0,0.803443
5530,43,366,"Meter readers, utilities",Census 2010 official,44.0,3.41,2.88,,0.85,1.0,3.41,1.0,2.88,1.0,0.85
5540,43,354,Postal service clerks,Census 2010 official,21.0,3.66,3.1,4.699136616681621,0.95,1.0,3.66,1.0,3.1,1.0,0.95
5550,43,355,Postal service mail carriers,Census 2010 official,1.0,1.74,1.23,1.4161908161161625,0.68,1.0,1.74,1.0,1.23,1.0,0.68
5560,43,346,"Postal service mail sorters, processors, and processing machine operators",Census 2010 official,,2.98,1.81,2.117225745340474,0.79,1.0,2.98,1.0,1.81,1.0,0.79
5600,43,373,"Production, planning, and expediting clerks",Census 2010 official,72.0,4.29,4.16,2.216809074218278,0.88,1.0,4.29,1.0,4.16,1.0,0.88
5610,43,364,"Shipping, receiving, and traffic clerks",Census 2010 official,79.0,3.25,3.16,2.3322110601175137,0.98,1.0,3.25,1.0,3.16,1.0,0.98
5620,53,365,Stock clerks and order fillers,Census 2010 official,6.0,3.2875,2.44,1.8260229389576037,0.64,1.0,3.2875,1.0,2.44,1.0,0.64
5630,43,368,"Weighers, measurers, checkers, and samplers, recordkeeping",Census 2010 official,98.0,3.89,3.44,3.0635155182236864,0.95,1.0,3.89,1.0,3.44,1.0,0.95
5700,43,313,Secretaries and administrative assistants,Census 2010 official,33.0,4.384334,3.022398,5.655856271943247,0.9492289999999999,1.0,4.384334,1.0,3.022398,1.0,0.9492289999999999
5800,,308,Computer operators,Census 2010 official,84.0,,,0.6484307307280488,,,,,,,
5810,43,385,Data entry keyers,Census 2010 official,63.0,4.71,3.81,2.7971603311209865,0.99,1.0,4.71,1.0,3.81,1.0,0.99
5820,43,315,Word processors and typists,Census 2010 official,18.0,4.15,3.34,4.871612174864944,0.81,1.0,4.15,1.0,3.34,1.0,0.81
5830,43,,Desktop publishers,Census 2010 official,,4.92,3.89,,0.16,1.0,4.92,1.0,3.89,1.0,0.16
5840,43,375,Insurance claims and policy processing clerks,Census 2010 official,44.0,4.48,3.1950000000000003,3.061313500413353,0.98,1.0,4.48,1.0,3.1950000000000003,1.0,0.98
5850,43,356,"Mail clerks and mail machine operators, except postal service",Census 2010 official,79.0,3.29,2.56,4.376813124555678,0.94,1.0,3.29,1.0,2.56,1.0,0.94
5860,43,379,"Office clerks, general",Census 2010 official,47.0,4.25,2.87,3.916230630786022,0.96,1.0,4.25,1.0,2.87,1.0,0.96
5900,43,347,"Office machine operators, except computer",Census 2010 official,91.0,3.99,3.12,2.921260273760761,0.92,1.0,3.99,1.0,3.12,1.0,0.92
5910,43,384,Proofreaders and copy markers,Census 2010 official,64.0,4.1,2.61,,0.84,1.0,4.1,1.0,2.61,1.0,0.84
5920,43,386,Statistical assistants,Census 2010 official,61.0,4.78,4.36,3.695790030580909,0.66,1.0,4.78,1.0,4.36,1.0,0.66
5940,43,389,"Office and administrative support workers, all other",Census 2010 official,26.0,,,3.781607984281899,,0.0,,0.0,,0.0,
6005,45,496,"First-line supervisors of farming, fishing, and forestry workers",Census 2010 official,91.0,2.8125,2.5175,-0.6420097007911352,0.57,1.0,2.8125,1.0,2.5175,1.0,0.57
6010,45,489,Agricultural inspectors,Census 2010 official,82.0,3.93,3.39,-0.0340672299058542,0.94,1.0,3.93,1.0,3.39,1.0,0.94
6020,45,,Animal breeders,Census 2010 official,,2.97,1.66,,0.95,1.0,2.97,1.0,1.66,1.0,0.95
6040,45,488,"Graders and sorters, agricultural products",Census 2010 official,15.0,1.86,1.29,0.5005799702624606,0.41,1.0,1.86,1.0,1.29,1.0,0.41
6050,45,479,Miscellaneous agricultural workers,Census 2010 official,97.0,1.8049194121829817,1.2843120407679545,0.09310569185427292,,1.0,1.8049194121829817,1.0,1.2843120407679545,0.0,
6100,45,498,Fishers and related fishing workers,Census 2010 official,61.0,,,0.13351942897764296,,0.0,,0.0,,0.0,
6120,45,496,Forest and conservation workers,Census 2010 official,91.0,3.98,2.94,-0.6420097007911352,0.87,1.0,3.98,1.0,2.94,1.0,0.87
6130,45,496,Logging workers,Census 2010 official,91.0,2.3785154826958106,2.2131997571341833,-0.6420097007911352,0.804016393442623,1.0,2.3785154826958106,1.0,2.2131997571341833,1.0,0.804016393442623
6200,47,558,First-line supervisors of construction trades and extraction workers,Census 2010 official,41.0,2.77,2.79,-0.6907341149763129,0.17,1.0,2.77,1.0,2.79,1.0,0.17
6210,47,643,Boilermakers,Census 2010 official,24.0,2.17,1.8,,0.68,1.0,2.17,1.0,1.8,1.0,0.68
6220,47,563,"Brickmasons, blockmasons, and stonemasons",Census 2010 official,49.0,1.6688452655889146,1.1712471131639723,0.510943587861023,0.8296997690531177,1.0,1.6688452655889146,1.0,1.1712471131639723,1.0,0.8296997690531177
6230,47,567,Carpenters,Census 2010 official,82.0,1.67,0.99,-0.29101883462883793,0.72,1.0,1.67,1.0,0.99,1.0,0.72
6240,47,563,"Carpet, floor, and tile installers and finishers",Census 2010 official,49.0,1.4641715516210072,0.7315611915300873,0.510943587861023,0.7933975355903816,1.0,1.4641715516210072,1.0,0.7315611915300873,1.0,0.7933975355903816
6250,47,588,"Cement masons, concrete finishers, and terrazzo workers",Census 2010 official,37.0,2.004140773620799,1.434838300570704,0.8542203928955091,0.9391629676601141,1.0,2.004140773620799,1.0,1.434838300570704,1.0,0.9391629676601141
6260,47,869,Construction laborers,Census 2010 official,68.0,1.62,0.87,0.6651624419666012,0.88,1.0,1.62,1.0,0.87,1.0,0.88
6300,,594,"Paving, surfacing, and tamping equipment operators",Census 2010 official,99.0,,,0.8691439924101024,,,,,,,
6320,47,844,Operating engineers and other construction equipment operators,Census 2010 official,99.0,2.457512699324175,1.4438495516586423,0.5282765336792876,0.9372061486814788,1.0,2.457512699324175,1.0,1.4438495516586423,1.0,0.9372061486814788
6330,47,573,"Drywall installers, ceiling tile installers, and tapers",Census 2010 official,39.0,1.3308240035826242,0.5990362740707569,0.9513437970455072,0.7678002686968205,1.0,1.3308240035826242,1.0,0.5990362740707569,1.0,0.7678002686968205
6355,47,575,Electricians,Census 2010 official,40.0,2.49,1.97,-0.029989977066574802,0.15,1.0,2.49,1.0,1.97,1.0,0.15
6360,47,589,Glaziers,Census 2010 official,91.0,2.02,1.42,0.9807314838235092,0.73,1.0,2.02,1.0,1.42,1.0,0.73
6400,47,593,Insulation workers,Census 2010 official,66.0,1.589597395922563,0.8923830734966591,0.2819592432726066,0.7388247387356518,1.0,1.589597395922563,1.0,0.8923830734966591,1.0,0.7388247387356518
6420,47,579,"Painters, construction and maintenance",Census 2010 official,84.0,2.394705393424455,1.9007074251939415,0.73647246236739,0.7512966383450315,1.0,2.394705393424455,1.0,1.9007074251939415,1.0,0.7512966383450315
6430,,583,Paperhangers,Census 2010 official,64.0,,,0.9338997377395198,,,,,,,
6440,47,585,"Pipelayers, plumbers, pipefitters, and steamfitters",Census 2010 official,74.0,1.6300129999999997,0.9223889999999999,0.27632479207572447,0.3757309999999999,1.0,1.6300129999999997,1.0,0.9223889999999999,1.0,0.3757309999999999
6460,47,584,Plasterers and stucco masons,Census 2010 official,60.0,2.23,2.13,0.1409202653327959,0.84,1.0,2.23,1.0,2.13,1.0,0.84
6500,47,597,Reinforcing iron and rebar workers,Census 2010 official,71.0,1.79,1.46,0.14559778731625428,0.9,1.0,1.79,1.0,1.46,1.0,0.9
6515,47,595,Roofers,Census 2010 official,70.0,2.16,1.74,0.2310585780908186,0.9,1.0,2.16,1.0,1.74,1.0,0.9
6520,47,653,Sheet metal workers,Census 2010 official,24.0,2.12,2.04,0.08286198452622084,0.82,1.0,2.12,1.0,2.04,1.0,0.82
6530,47,597,Structural iron and steel workers,Census 2010 official,71.0,1.39,0.58,0.14559778731625428,0.83,1.0,1.39,1.0,0.58,1.0,0.83
6540,47,,Solar photovoltaic installers,Census 2010 official,,2.04,1.6,,,1.0,2.04,1.0,1.6,0.0,
6600,47,866,"Helpers, construction trades",Census 2010 official,44.0,1.59465144766147,0.90471714922049,0.6373519817188762,0.7424465478841871,1.0,1.59465144766147,1.0,0.90471714922049,1.0,0.7424465478841871
6660,47,35,Construction and building inspectors,Census 2010 official,85.0,3.5,3.08,-0.5708663472829445,0.63,1.0,3.5,1.0,3.08,1.0,0.63
6700,47,543,Elevator installers and repairers,Census 2010 official,100.0,3.6,3.2,0.518880155387776,0.39,1.0,3.6,1.0,3.2,1.0,0.39
6710,47,599,Fence erectors,Census 2010 official,44.0,2.04,1.43,0.5253049885582641,0.92,1.0,2.04,1.0,1.43,1.0,0.92
6720,47,593,Hazardous materials removal workers,Census 2010 official,66.0,2.6,2.6,0.2819592432726066,0.53,1.0,2.6,1.0,2.6,1.0,0.53
6730,47,869,Highway maintenance workers,Census 2010 official,68.0,3.01,2.89,0.6651624419666012,0.87,1.0,3.01,1.0,2.89,1.0,0.87
6740,47,889,Rail-track laying and maintenance equipment operators,Census 2010 official,85.0,2.08,1.64,0.8128648529252303,0.89,1.0,2.08,1.0,1.64,1.0,0.89
6750,47,,Septic tank servicers and sewer pipe cleaners,Census 2010 official,,1.59,0.38,,0.83,1.0,1.59,1.0,0.38,1.0,0.83
6765,47,599,Miscellaneous construction and related workers,Census 2010 official,44.0,2.085,1.7425,0.5253049885582641,,1.0,2.085,1.0,1.7425,0.5,0.415
6800,47,614,"Derrick, rotary drill, and service unit operators, oil, gas, and mining",Census 2010 official,59.0,2.1255739599383667,1.5243547765793528,0.6030521803276436,0.8242141756548537,1.0,2.1255739599383667,1.0,1.5243547765793528,1.0,0.8242141756548537
6820,47,598,"Earth drillers, except oil and gas",Census 2010 official,75.0,,,0.2568883588920474,,0.9753,1.745787,0.9753,1.443444,0.9753,0.8290049999999999
6830,47,615,"Explosives workers, ordnance handling experts, and blasters",Census 2010 official,63.0,,,-0.17440463832771003,,0.0,,0.0,,0.0,
6840,47,616,Mining machine operators,Census 2010 official,98.0,,,1.0011317463992264,,0.8500881325917874,1.5202318272220914,0.8500881325917874,1.0237675737219898,0.8500881325917874,0.5199998801547319
6920,47,,"Roustabouts, oil and gas",Census 2010 official,,1.67,0.85,,0.68,1.0,1.67,1.0,0.85,1.0,0.68
6940,47,617,Other extraction workers,Census 2010 official,59.0,,,1.0195019916275816,,0.9448159595391964,1.7968833942118574,0.9448159595391964,1.2525889294745716,0.9448159595391964,0.733255408822703
7000,49,503,"First-line supervisors of mechanics, installers, and repairers",Census 2010 official,70.0,3.59,3.22,-0.1951341923465979,0.003,1.0,3.59,1.0,3.22,1.0,0.003
7010,49,525,"Computer, automated teller, and office machine repairers",Census 2010 official,66.0,4.11,3.85,2.0681246854372186,0.74,1.0,4.11,1.0,3.85,1.0,0.74
7020,49,527,Radio and telecommunications equipment installers and repairers,Census 2010 official,69.0,4.386383959684769,3.8251412641398166,-0.2580504856616471,0.40186457942422127,1.0,4.386383959684769,1.0,3.8251412641398166,1.0,0.40186457942422127
7030,49,533,Avionics technicians,Census 2010 official,30.0,4.15,4.03,0.6779227545965113,0.7,1.0,4.15,1.0,4.03,1.0,0.7
7040,49,577,"Electric motor, power tool, and related repairers",Census 2010 official,67.0,2.92,2.65,-0.5405623287565311,0.76,1.0,2.92,1.0,2.65,1.0,0.76
7050,49,,"Electrical and electronics installers and repairers, transportation equipment",Census 2010 official,,3.74,3.77,,0.91,1.0,3.74,1.0,3.77,1.0,0.91
7100,49,523,"Electrical and electronics repairers, industrial and utility",Census 2010 official,71.0,3.912076037577736,3.6396608300621884,1.7087456112368407,0.6500829180082036,1.0,3.912076037577736,1.0,3.6396608300621884,1.0,0.6500829180082036
7110,49,533,"Electronic equipment installers and repairers, motor vehicles",Census 2010 official,30.0,3.96,3.99,0.6779227545965113,0.61,1.0,3.96,1.0,3.99,1.0,0.61
7120,49,523,Electronic home entertainment equipment installers and repairers,Census 2010 official,71.0,3.71,3.64,1.7087456112368407,0.65,1.0,3.71,1.0,3.64,1.0,0.65
7130,49,575,Security and fire alarm systems installers,Census 2010 official,40.0,4.01,3.43,-0.029989977066574802,0.82,1.0,4.01,1.0,3.43,1.0,0.82
7140,49,508,Aircraft mechanics and service technicians,Census 2010 official,22.0,4.0,3.97,0.12231639614525025,0.71,1.0,4.0,1.0,3.97,1.0,0.71
7150,49,514,Automotive body and related repairers,Census 2010 official,17.0,2.83,2.7,2.5471554867590287,0.91,1.0,2.83,1.0,2.7,1.0,0.91
7160,49,514,Automotive glass installers and repairers,Census 2010 official,17.0,2.05,1.31,2.5471554867590287,0.55,1.0,2.05,1.0,1.31,1.0,0.55
7200,49,505,Automotive service technicians and mechanics,Census 2010 official,24.0,3.66,3.5949999999999998,0.412886352475879,0.59,1.0,3.66,1.0,3.5949999999999998,1.0,0.59
7210,49,507,Bus and truck mechanics and diesel engine specialists,Census 2010 official,60.0,3.39,2.83,0.4286017631039043,0.73,1.0,3.39,1.0,2.83,1.0,0.73
7220,49,516,Heavy vehicle and mobile equipment service technicians and mechanics,Census 2010 official,78.0,3.236502511572934,3.0710991825076333,0.4853978914775382,0.5142741061755146,1.0,3.236502511572934,1.0,3.0710991825076333,1.0,0.5142741061755146
7240,49,509,Small engine mechanics,Census 2010 official,62.0,3.357793956043956,2.8394203296703298,1.3376251772424976,0.8155164835164836,1.0,3.357793956043956,1.0,2.8394203296703298,1.0,0.8155164835164836
7260,49,516,"Miscellaneous vehicle and mobile equipment mechanics, installers, and repairers",Census 2010 official,78.0,2.602927321126079,2.301870613858192,0.4853978914775382,0.714351052674034,1.0,2.602927321126079,1.0,2.301870613858192,1.0,0.714351052674034
7300,49,539,Control and valve installers and repairers,Census 2010 official,65.0,3.0414903916678893,3.068310107085228,1.2595874641572542,0.7257019216664222,1.0,3.0414903916678893,1.0,3.068310107085228,1.0,0.7257019216664222
7315,49,534,"Heating, air conditioning, and refrigeration mechanics and installers",Census 2010 official,47.0,3.34,3.355,0.4734112121459756,0.65,1.0,3.34,1.0,3.355,1.0,0.65
7320,49,526,Home appliance repairers,Census 2010 official,61.0,2.93,2.31,1.2832799893626623,0.72,1.0,2.93,1.0,2.31,1.0,0.72
7330,49,518,Industrial and refractory machinery mechanics,Census 2010 official,64.0,2.6684606395410606,2.1357070009561245,0.6487909435762339,0.6868175926909593,1.0,2.6684606395410606,1.0,2.1357070009561245,1.0,0.6868175926909593
7340,49,549,"Maintenance and repair workers, general",Census 2010 official,91.0,2.26,1.58,0.6356433868154091,0.64,1.0,2.26,1.0,1.58,1.0,0.64
7350,49,519,"Maintenance workers, machinery",Census 2010 official,72.0,2.59,2.4,4.211153220544764,0.86,1.0,2.59,1.0,2.4,1.0,0.86
7360,49,544,Millwrights,Census 2010 official,33.0,2.5,2.58,0.004113968500162324,0.59,1.0,2.5,1.0,2.58,1.0,0.59
7410,49,577,Electrical power-line installers and repairers,Census 2010 official,67.0,2.64,2.96,-0.5405623287565311,0.097,1.0,2.64,1.0,2.96,1.0,0.097
7420,49,527,Telecommunications line installers and repairers,Census 2010 official,69.0,3.88,2.89,-0.2580504856616471,0.49,1.0,3.88,1.0,2.89,1.0,0.49
7430,49,535,Precision instrument and equipment repairers,Census 2010 official,39.0,3.826076947335226,3.3234847051403347,3.583398934736617,0.3758152002522864,1.0,3.826076947335226,1.0,3.3234847051403347,1.0,0.3758152002522864
7440,49,,Wind turbine service technicians,Census 2010 official,,3.99,3.55,,,1.0,3.99,1.0,3.55,0.0,
7510,49,549,"Coin, vending, and amusement machine servicers and repairers",Census 2010 official,91.0,2.86,2.81,0.6356433868154091,0.94,1.0,2.86,1.0,2.81,1.0,0.94
7520,49,,Commercial divers,Census 2010 official,,2.33,2.05,,0.18,1.0,2.33,1.0,2.05,1.0,0.18
7540,49,536,Locksmiths and safe repairers,Census 2010 official,5.0,3.24,3.24,1.2346819780834342,0.77,1.0,3.24,1.0,3.24,1.0,0.77
7550,49,549,Manufactured building and mobile home installers,Census 2010 official,91.0,2.16,2.12,0.6356433868154091,0.18,1.0,2.16,1.0,2.12,1.0,0.18
7560,49,549,Riggers,Census 2010 official,91.0,1.57,1.0,0.6356433868154091,0.89,1.0,1.57,1.0,1.0,1.0,0.89
7610,49,865,"Helpers--installation, maintenance, and repair workers",Census 2010 official,84.0,2.67,2.72,1.0282629784206048,0.79,1.0,2.67,1.0,2.72,1.0,0.79
7630,,549,"Other installation, maintenance, and repair workers",Census 2010 official,91.0,,,0.6356433868154091,,,,,,,
7700,51,628,First-line supervisors of production and operating workers,Census 2010 official,56.0,2.8,3.11,-0.3240235414355599,0.016,1.0,2.8,1.0,3.11,1.0,0.016
7710,51,785,"Aircraft structure, surfaces, rigging, and systems assemblers",Census 2010 official,72.0,3.06,3.57,2.837153532753366,0.79,1.0,3.06,1.0,3.57,1.0,0.79
7720,51,785,"Electrical, electronics, and electromechanical assemblers",Census 2010 official,72.0,2.723333333333333,2.48,2.837153532753366,0.8833333333333333,1.0,2.723333333333333,1.0,2.48,1.0,0.8833333333333333
7730,51,785,Engine and other machine assemblers,Census 2010 official,72.0,2.86,2.12,2.837153532753366,0.82,1.0,2.86,1.0,2.12,1.0,0.82
7740,51,597,Structural metal fabricators and fitters,Census 2010 official,71.0,1.85,1.44,0.14559778731625428,0.41,1.0,1.85,1.0,1.44,1.0,0.41
7750,51,785,Miscellaneous assemblers and fabricators,Census 2010 official,72.0,2.713333333333333,2.3355555555555556,2.837153532753366,0.8388888888888888,1.0,2.713333333333333,1.0,2.3355555555555556,1.0,0.8388888888888888
7800,51,687,Bakers,Census 2010 official,24.0,2.36,1.45,3.665660441973276,0.89,1.0,2.36,1.0,1.45,1.0,0.89
7810,51,686,"Butchers and other meat, poultry, and fish processing workers",Census 2010 official,6.0,2.1105904302019316,1.7386945785776997,,0.8553525570676032,1.0,2.1105904302019316,1.0,1.7386945785776997,1.0,0.8553525570676032
7830,51,763,"Food and tobacco roasting, baking, and drying machine operators and tenders",Census 2010 official,93.0,3.38,2.96,2.9261211412777075,0.91,1.0,3.38,1.0,2.96,1.0,0.91
7840,51,688,Food batchmakers,Census 2010 official,91.0,3.28,2.31,1.7955423237890784,0.7,1.0,3.28,1.0,2.31,1.0,0.7
7850,51,769,Food cooking machine operators and tenders,Census 2010 official,62.0,2.88,2.31,2.008664943952626,0.61,1.0,2.88,1.0,2.31,1.0,0.61
7855,51,779,"Food processing workers, all other",Census 2010 official,88.0,,,1.0304586843741,,0.0,,0.0,,0.0,
7900,51,233,Computer control programmers and operators,Census 2010 official,85.0,,,0.6627531979359527,0.789753866260074,0.0,,0.0,,1.0,0.789753866260074
7920,51,755,"Extruding and drawing machine setters, operators, and tenders, metal and plastic",Census 2010 official,62.0,3.1116621200311765,2.751162314886984,1.839436430641494,0.8875720966484801,1.0,3.1116621200311765,1.0,2.751162314886984,1.0,0.8875720966484801
7930,,713,"Forging machine setters, operators, and tenders, metal and plastic",Census 2010 official,75.0,,,0.7813448933842511,,,,,,,
7940,,707,"Rolling machine setters, operators, and tenders, metal and plastic",Census 2010 official,82.0,,,1.5581876395902237,,,,,,,
7950,51,706,"Cutting, punching, and press machine setters, operators, and tenders, metal and plastic",Census 2010 official,72.0,2.86,2.55,1.0079055007907864,0.78,1.0,2.86,1.0,2.55,1.0,0.78
7960,,708,"Drilling and boring machine tool setters, operators, and tenders, metal and plastic",Census 2010 official,30.0,,,2.6715619970691145,,,,,,,
8000,51,709,"Grinding, lapping, polishing, and buffing machine tool setters, operators, and tenders, metal and plastic",Census 2010 official,96.0,2.98,3.07,3.8233202315789394,0.95,1.0,2.98,1.0,3.07,1.0,0.95
8010,,703,"Lathe and turning machine tool setters, operators, and tenders, metal and plastic",Census 2010 official,18.0,,,2.005707577254477,,,,,,,
8030,51,637,Machinists,Census 2010 official,93.0,2.84,2.59,1.8784814042446605,0.65,1.0,2.84,1.0,2.59,1.0,0.65
8040,51,766,"Metal furnace operators, tenders, pourers, and casters",Census 2010 official,79.0,2.5997150610583444,2.3104070556309364,0.8024030042241593,0.8770284938941655,1.0,2.5997150610583444,1.0,2.3104070556309364,1.0,0.8770284938941655
8060,51,645,"Model makers and patternmakers, metal and plastic",Census 2010 official,90.0,3.418131487889273,2.97977508650519,3.920117734979702,0.9191522491349482,1.0,3.418131487889273,1.0,2.97977508650519,1.0,0.9191522491349482
8100,51,719,"Molders and molding machine setters, operators, and tenders, metal and plastic",Census 2010 official,85.0,2.5230352901255513,1.6991867435810428,1.8326515502563077,0.9284481393507521,1.0,2.5230352901255513,1.0,1.6991867435810428,1.0,0.9284481393507521
8130,51,634,Tool and die makers,Census 2010 official,59.0,3.29,3.52,3.6158502298019943,0.84,1.0,3.29,1.0,3.52,1.0,0.84
8140,51,783,"Welding, soldering, and brazing workers",Census 2010 official,61.0,2.16358061649282,1.5172702184386546,1.685879394572486,0.9168618738013938,1.0,2.16358061649282,1.0,1.5172702184386546,1.0,0.9168618738013938
8150,,724,"Heat treating equipment setters, operators, and tenders, metal and plastic",Census 2010 official,37.0,,,1.3726207300257183,,,,,,,
8200,,723,"Plating and coating machine setters, operators, and tenders, metal and plastic",Census 2010 official,96.0,,,3.1010736937210517,,,,,,,
8210,,644,"Tool grinders, filers, and sharpeners",Census 2010 official,70.0,,,4.321995753507819,,,,,,,
8220,51,684,"Metal workers and plastic workers, all other",Census 2010 official,98.0,2.656236991177836,2.2529123045968116,2.290912724280501,0.8425283392663674,1.0,2.656236991177836,1.0,2.2529123045968116,1.0,0.8425283392663674
8250,51,736,Prepress technicians and workers,Census 2010 official,91.0,4.6,4.27,2.2764861373033938,0.97,1.0,4.6,1.0,4.27,1.0,0.97
8255,51,736,Printing press operators,Census 2010 official,91.0,3.14,2.15,2.2764861373033938,0.83,1.0,3.14,1.0,2.15,1.0,0.83
8256,51,679,Print binding and finishing workers,Census 2010 official,,2.83,2.3,1.2987408102977362,0.95,1.0,2.83,1.0,2.3,1.0,0.95
8300,51,408,Laundry and dry-cleaning workers,Census 2010 official,66.0,1.99,1.6,2.835641894413735,0.71,1.0,1.99,1.0,1.6,1.0,0.71
8310,51,747,"Pressers, textile, garment, and related materials",Census 2010 official,19.0,2.06,1.14,2.9435881837724995,0.81,1.0,2.06,1.0,1.14,1.0,0.81
8320,51,744,Sewing machine operators,Census 2010 official,32.0,1.86,1.38,1.6630092355642168,0.89,1.0,1.86,1.0,1.38,1.0,0.89
8330,51,669,Shoe and leather workers and repairers,Census 2010 official,2.0,1.705958829902492,0.8912026002166847,0.47092824251552967,0.6960021668472374,1.0,1.705958829902492,1.0,0.8912026002166847,1.0,0.6960021668472374
8340,,745,Shoe machine operators and tenders,Census 2010 official,39.0,,,1.8825023001540127,,,,,,,
8350,51,666,"Tailors, dressmakers, and sewers",Census 2010 official,39.0,1.565027985074627,0.6389552238805971,1.0282801675995117,0.8691744402985074,1.0,1.565027985074627,1.0,0.6389552238805971,1.0,0.8691744402985074
8400,,743,"Textile cutting machine setters, operators, and tenders",Census 2010 official,98.0,,,1.9631549908345298,,,,,,,
8410,,739,"Textile knitting and weaving machine setters, operators, and tenders",Census 2010 official,98.0,,,4.8417545021031145,,,,,,,
8420,51,738,"Textile winding, twisting, and drawing out machine setters, operators, and tenders",Census 2010 official,98.0,2.3172768959435626,1.7376490299823635,3.3704614703892357,0.892747795414462,1.0,2.3172768959435626,1.0,1.7376490299823635,1.0,0.892747795414462
8450,51,668,Upholsterers,Census 2010 official,75.0,2.29,2.02,2.7490129808703214,0.39,1.0,2.29,1.0,2.02,1.0,0.39
8460,51,749,"Textile, apparel, and furnishings workers, all other",Census 2010 official,93.0,2.5102296819787986,2.2532022968197882,2.67078928561624,0.5145489840989399,1.0,2.5102296819787986,1.0,2.2532022968197882,1.0,0.5145489840989399
8500,51,657,Cabinetmakers and bench carpenters,Census 2010 official,44.0,1.88,1.09,0.1204435054288393,0.92,1.0,1.88,1.0,1.09,1.0,0.92
8510,51,658,Furniture finishers,Census 2010 official,7.0,2.55,2.42,3.948618168421273,0.87,1.0,2.55,1.0,2.42,1.0,0.87
8530,51,727,"Sawing machine setters, operators, and tenders, wood",Census 2010 official,70.0,1.98,1.16,1.3486650420248818,0.86,1.0,1.98,1.0,1.16,1.0,0.86
8540,51,729,"Woodworking machine setters, operators, and tenders, except sawing",Census 2010 official,99.0,2.01,1.4,1.8226332760904969,0.97,1.0,2.01,1.0,1.4,1.0,0.97
8550,51,733,"Woodworkers, all other",Census 2010 official,90.0,1.9916343042071196,1.29876213592233,1.7630533535390298,0.9192628550880978,1.0,1.9916343042071196,1.0,1.29876213592233,1.0,0.9192628550880978
8600,51,695,"Power plant operators, distributors, and dispatchers",Census 2010 official,100.0,3.7978591160220994,3.7978775322283607,-0.25049441270984607,0.8143968692449355,1.0,3.7978591160220994,1.0,3.7978775322283607,1.0,0.8143968692449355
8610,51,696,Stationary engineers and boiler operators,Census 2010 official,63.0,4.03,3.73,0.8024030042241593,0.89,1.0,4.03,1.0,3.73,1.0,0.89
8620,51,694,Water and wastewater treatment plant and system operators,Census 2010 official,100.0,3.8,3.47,0.6728204227763745,0.61,1.0,3.8,1.0,3.47,1.0,0.61
8630,51,699,Miscellaneous plant and system operators,Census 2010 official,98.0,3.683163005780347,3.442415028901734,0.83979658312854,0.7841537572254336,1.0,3.683163005780347,1.0,3.442415028901734,1.0,0.7841537572254336
8640,51,757,"Chemical processing machine setters, operators, and tenders",Census 2010 official,96.0,3.3720511660960013,2.808269268040571,1.6501144696471055,0.7976923573874282,1.0,3.3720511660960013,1.0,2.808269268040571,1.0,0.7976923573874282
8650,51,756,"Crushing, grinding, polishing, mixing, and blending workers",Census 2010 official,92.0,2.545225756798358,2.072839917906619,2.6433976034862714,0.8726321190354028,1.0,2.545225756798358,1.0,2.072839917906619,1.0,0.8726321190354028
8710,51,769,Cutting workers,Census 2010 official,62.0,2.7282866092404072,2.2996037588097105,2.008664943952626,0.8327110415035239,1.0,2.7282866092404072,1.0,2.2996037588097105,1.0,0.8327110415035239
8720,51,755,"Extruding, forming, pressing, and compacting machine setters, operators, and tenders",Census 2010 official,62.0,3.66,3.01,1.839436430641494,0.93,1.0,3.66,1.0,3.01,1.0,0.93
8730,51,766,"Furnace, kiln, oven, drier, and kettle operators and tenders",Census 2010 official,79.0,2.79,2.2,0.8024030042241593,0.37,1.0,2.79,1.0,2.2,1.0,0.37
8740,51,799,"Inspectors, testers, sorters, samplers, and weighers",Census 2010 official,90.0,3.31,2.78,1.9470178580191515,0.98,1.0,3.31,1.0,2.78,1.0,0.98
8750,51,535,Jewelers and precious stone and metal workers,Census 2010 official,39.0,1.9633333333333336,1.6633333333333333,3.583398934736617,0.95,1.0,1.9633333333333336,1.0,1.6633333333333333,1.0,0.95
8760,51,678,"Medical, dental, and ophthalmic laboratory technicians",Census 2010 official,87.0,2.6977434922491956,2.3243521497513893,0.7004116062534763,0.8536501901140684,1.0,2.6977434922491956,1.0,2.3243521497513893,1.0,0.8536501901140684
8800,51,754,Packaging and filling machine operators and tenders,Census 2010 official,39.0,2.85,2.09,2.1427548379426566,0.98,1.0,2.85,1.0,2.09,1.0,0.98
8810,51,789,Painting workers,Census 2010 official,84.0,,,-0.0956434753403268,,0.07535291873330789,0.1107687905379626,0.07535291873330789,0.042197634490652426,0.07535291873330789,0.06932468523464326
8830,51,774,Photographic process workers and processing machine operators,Census 2010 official,74.0,4.39,3.41,2.9118774756398054,0.99,1.0,4.39,1.0,3.41,1.0,0.99
8850,51,753,Adhesive bonding machine operators and tenders,Census 2010 official,50.0,2.84,2.18,1.7955423237890784,0.95,1.0,2.84,1.0,2.18,1.0,0.95
8860,51,764,"Cleaning, washing, and metal pickling equipment operators and tenders",Census 2010 official,99.0,2.533878890392422,2.381785351826793,1.8255303296988261,,1.0,2.533878890392422,1.0,2.381785351826793,0.6540933694181326,0.47379888362652234
8910,51,649,Etchers and engravers,Census 2010 official,72.0,3.44,2.96,2.3060805032977516,0.98,1.0,3.44,1.0,2.96,1.0,0.98
8920,51,675,"Molders, shapers, and casters, except metal and plastic",Census 2010 official,44.0,2.85,2.275,1.8205859683426415,0.9,1.0,2.85,1.0,2.275,1.0,0.9
8930,51,765,"Paper goods machine setters, operators, and tenders",Census 2010 official,75.0,2.33,1.93,1.7955423237890784,0.67,1.0,2.33,1.0,1.93,1.0,0.67
8940,51,779,Tire builders,Census 2010 official,88.0,2.73,2.25,1.0304586843741,0.94,1.0,2.73,1.0,2.25,1.0,0.94
8950,51,873,Helpers--production workers,Census 2010 official,63.0,2.62,2.55,2.1876371947501876,0.66,1.0,2.62,1.0,2.55,1.0,0.66
8965,51,779,"Production workers, all other",Census 2010 official,88.0,,,1.0304586843741,,0.704038368042408,1.8838121738053766,0.704038368042408,1.6070811038621733,0.751525477470655,0.6274651718808765
9000,53,803,Supervisors of transportation and material moving workers,Census 2010 official,47.0,,,-0.45274874697932077,,0.8,2.996,0.8,2.694,0.8,0.10880000000000001
9030,53,226,Aircraft pilots and flight engineers,Census 2010 official,66.0,3.601477272727273,3.818712121212121,-1.4774920554055486,0.3075378787878788,1.0,3.601477272727273,1.0,3.818712121212121,1.0,0.3075378787878788
9040,53,227,Air traffic controllers and airfield operations specialists,Census 2010 official,62.0,3.7133924349881795,3.5423581560283686,,0.3335815602836879,1.0,3.7133924349881795,1.0,3.5423581560283686,1.0,0.3335815602836879
9050,53,471,Flight attendants,Census 2010 official,7.0,2.54,2.45,-1.7349222124115142,0.35,1.0,2.54,1.0,2.45,1.0,0.35
9110,53,809,"Ambulance drivers and attendants, except emergency medical technicians",Census 2010 official,71.0,3.09,2.89,-1.222377839289769,0.25,1.0,3.09,1.0,2.89,1.0,0.25
9120,53,808,Bus drivers,Census 2010 official,83.0,,,-1.3853509070172707,0.8017931793180202,0.983398339834,2.10682668266807,0.983398339834,1.5236693669365402,1.0,0.8017931793180202
9130,53,804,Driver/sales workers and truck drivers,Census 2010 official,75.0,2.397357070385314,2.2085438639956583,-0.5552696395996557,0.7869413770321607,1.0,2.397357070385314,1.0,2.2085438639956583,1.0,0.7869413770321607
9140,53,809,Taxi drivers and chauffeurs,Census 2010 official,71.0,,,-1.222377839289769,0.8899999999999999,0.5589,1.1178,0.5589,0.860706,1.0,0.8899999999999999
9150,53,809,"Motor vehicle operators, all other",Census 2010 official,71.0,,,-1.222377839289769,,0.0,,0.0,,0.0,
9200,53,824,Locomotive engineers and operators,Census 2010 official,100.0,,,-1.6930139263320054,,0.9923242922529243,2.2164634945685613,0.9923242922529243,1.8005331582626138,0.9923242922529243,0.9442321932931323
9230,,825,"Railroad brake, signal, and switch operators",Census 2010 official,92.0,,,-0.522427875751573,,,,,,,
9240,53,823,Railroad conductors and yardmasters,Census 2010 official,30.0,3.2,2.67,-2.0950199440410717,0.83,1.0,3.2,1.0,2.67,1.0,0.83
9260,53,824,"Subway, streetcar, and other rail transportation workers",Census 2010 official,100.0,,,-1.6930139263320054,,0.8626885912866588,2.2885353449737247,0.8626885912866588,1.842507204610951,0.8626885912866588,0.7646287506357009
9300,53,829,Sailors and marine oilers,Census 2010 official,64.0,2.28,2.33,-1.3024962639239923,0.83,1.0,2.28,1.0,2.33,1.0,0.83
9310,53,829,Ship and boat captains and operators,Census 2010 official,64.0,2.937172692980035,2.8072582574293863,-1.3024962639239923,0.2964697764283743,1.0,2.937172692980035,1.0,2.8072582574293863,1.0,0.2964697764283743
9330,53,,Ship engineers,Census 2010 official,,2.57,2.75,,0.041,1.0,2.57,1.0,2.75,1.0,0.041
9350,53,813,Parking lot attendants,Census 2010 official,100.0,2.16,1.35,,0.87,1.0,2.16,1.0,1.35,1.0,0.87
9360,53,885,Automotive and watercraft service attendants,Census 2010 official,26.0,2.41,2.65,2.1798009860302208,0.83,1.0,2.41,1.0,2.65,1.0,0.83
9410,53,471,Transportation inspectors,Census 2010 official,7.0,3.106666666666667,2.2966666666666664,-1.7349222124115142,0.9,1.0,3.106666666666667,1.0,2.2966666666666664,1.0,0.9
9415,53,471,"Transportation attendants, except flight attendants",Census 2010 official,7.0,1.39,0.61,-1.7349222124115142,0.75,1.0,1.39,1.0,0.61,1.0,0.75
9420,53,834,Other transportation workers,Census 2010 official,98.0,2.369207560387585,2.266024625466585,0.02228097455466127,0.8410141280871299,1.0,2.369207560387585,1.0,2.266024625466585,1.0,0.8410141280871299
9510,53,848,Crane and tower operators,Census 2010 official,99.0,2.49,2.22,1.9428982446184204,0.9,1.0,2.49,1.0,2.22,1.0,0.9
9520,mixed,853,"Dredge, excavating, and loading machine operators",Census 2010 official,99.0,,,0.4991163640498184,,0.9950698635799917,2.1202420735125416,0.9950698635799917,1.6877648982152706,0.9950698635799917,0.8647272491801183
9560,53,848,Hoist and winch operators,Census 2010 official,99.0,2.5078518465562336,1.9721372205754142,1.9428982446184204,0.727440181342633,1.0,2.5078518465562336,1.0,1.9721372205754142,1.0,0.727440181342633
9600,53,804,Industrial truck and tractor operators,Census 2010 official,75.0,2.5,2.19,-0.5552696395996557,0.93,1.0,2.5,1.0,2.19,1.0,0.93
9610,53,887,Cleaners of vehicles and equipment,Census 2010 official,39.0,1.32,0.55,2.3264613371066014,0.37,1.0,1.32,1.0,0.55,1.0,0.37
9620,53,889,"Laborers and freight, stock, and material movers, hand",Census 2010 official,85.0,1.96,1.5,0.8128648529252303,0.85,1.0,1.96,1.0,1.5,1.0,0.85
9630,53,878,Machine feeders and offbearers,Census 2010 official,99.0,2.3,1.83,1.8493067504633776,0.93,1.0,2.3,1.0,1.83,1.0,0.93
9640,53,888,"Packers and packagers, hand",Census 2010 official,100.0,2.68,2.82,3.5275196628114696,0.38,1.0,2.68,1.0,2.82,1.0,0.38
9650,53,859,Pumping station operators,Census 2010 official,99.0,3.547164128595601,3.3484162436548224,0.06706641648821826,0.8684162436548224,1.0,3.547164128595601,1.0,3.3484162436548224,1.0,0.8684162436548224
9720,53,875,Refuse and recyclable material collectors,Census 2010 official,93.0,1.62,1.35,2.348781885855703,0.93,1.0,1.62,1.0,1.35,1.0,0.93
9750,53,859,"Material moving workers, all other",Census 2010 official,99.0,2.23484375,1.8583072916666667,0.06706641648821826,0.8630381944444445,1.0,2.23484375,1.0,1.8583072916666667,1.0,0.8630381944444445
9800,55,,Military officer special and tactical operations leaders,Census 2010 official,,,,,,0.0,,0.0,,0.0,
9810,55,,First-line enlisted military supervisors,Census 2010 official,,,,,,0.0,,0.0,,0.0,
9820,mixed,,Military enlisted tactical operations and air/weapons specialists and crew members,Census 2010 official,,,,,,0.0194,0.07970096909846668,0.0194,0.0739448332429711,0.0194,0.009442615547465985
9830,mixed,,"Military, rank not specified",Census 2010 official,,,,,,0.0,,0.0,,0.0,
9920,mixed,991,"Unemployed, with no work experience in the last 5 years or earlier or never worked",Census 2010 official,,,,,,0.0,,0.0,,0.0,
