priority_rank,event_id,pre_series_id,pre_series_name,pre_tickers,post_series_id,post_series_name,adviser,final_precision,final_effective_date,final_proposed_day,cease_window_lo,cease_window_hi,date_bracket_days,priority_score,non_dimensional_sponsor,new_wave_if_proposed_day_verified,broad_us_equity_name_signal,likely_crsp_mappable_name_signal,foreign_or_fixed_income_name_signal,predecessor_aum_status,sec_evidence_signal,recommended_first_action
1,P1E000013779,S000013779,RiverNorth Core Opportunity Fund,RNCOX;RNCIX,S000093615,RiverNorth Active Income ETF,"RiverNorth Capital Management, LLC",month_only,2025-08,2025-08-01,2025-06-10,2025-09-30,112.0,15,True,True,True,True,False,NOT_AVAILABLE_IN_FROZEN_EVENT_MASTER,True,search month-local 497/N-14 and adviser archive
2,P1E000061417,S000061417,Equable Shares Hedged Equity Fund,EQHEX,S000094633,Equable Shares Hedged Equity ETF,"Teramo Advisors, LLC",month_only,2025-10,2025-10-13,2025-08-14,2025-10-31,78.0,15,True,True,False,True,False,NOT_AVAILABLE_IN_FROZEN_EVENT_MASTER,True,search month-local 497/N-14 and adviser archive
3,P1E000020312,S000020312,abrdn Focused U.S. Small Cap Equity Fund,MLSAX;GLSRX;GGUIX;AELSX,S000088604,abrdn Focused U.S. Small Cap Active ETF,abrdn Inc.,month_only,2025-02,,2024-10-31,2025-10-31,365.0,14,True,UNKNOWN_UNTIL_DATE_RECOVERED,True,True,False,NOT_AVAILABLE_IN_FROZEN_EVENT_MASTER,True,search month-local 497/N-14 and adviser archive
4,P1E000037501,S000037501,Logan Capital Large Cap Growth Fund,LGNHX;LGNGX,S000070990,Logan Capital Broad Innovative Growth ETF,Logan Capital Management Inc.,month_only,2022-08,,2022-04-30,2023-04-30,365.0,14,True,UNKNOWN_UNTIL_DATE_RECOVERED,True,True,False,NOT_AVAILABLE_IN_FROZEN_EVENT_MASTER,True,search month-local 497/N-14 and adviser archive
5,P1E000055088,S000055088,Neuberger Berman U.S. Equity Index PutWrite Strategy Fund,NUPIX;NUPRX,S000082346,Neuberger Berman Option Strategy ETF,Neuberger Berman Investment Advisers LLC,month_only,2024-01,2024-01-26,2023-10-31,2024-10-31,366.0,14,True,True,True,True,False,NOT_AVAILABLE_IN_FROZEN_EVENT_MASTER,True,search month-local 497/N-14 and adviser archive
6,P1E000074073,S000074073,Lazard US Systematic Small Cap Equity Portfolio,LUSIX;LUSOX;RUSRX,S000094313,Lazard US Systematic Small Cap Equity ETF,Lazard Asset Management LLC,month_only,2025-09,2025-09-12,2025-05-22,2025-12-31,223.0,14,True,True,True,True,False,NOT_AVAILABLE_IN_FROZEN_EVENT_MASTER,True,search month-local 497/N-14 and adviser archive
7,P1E000005900,S000005900,"Matrix Advisors Value Fund, Inc.",MAVFX,S000089477,Matrix Advisors Value ETF,"Matrix Asset Advisors, Inc.",month_only,2025-02,,2024-11-27,,,13,True,UNKNOWN_UNTIL_DATE_RECOVERED,False,True,False,NOT_AVAILABLE_IN_FROZEN_EVENT_MASTER,True,search month-local 497/N-14 and adviser archive
8,P1E000027238,S000027238,Convergence Long/Short Equity Fund,MARNX,S000074838,Convergence Long/Short Equity ETF,"Convergence Investment Partners, LLC.",month_only,2022-02,2022-02-18,2021-11-30,2022-11-30,365.0,13,True,True,False,True,False,NOT_AVAILABLE_IN_FROZEN_EVENT_MASTER,True,search month-local 497/N-14 and adviser archive
9,P1E000038304,S000038304,Adaptive Growth Opportunities Fund,CATEX;CATDX;CAGOX,S000070423,Adaptive Growth Opportunities ETF,"Cavalier Investments, LLC",proposed_exact_day_only,2021-05-07,2021-05-07,2021-01-15,2021-05-31,136.0,13,True,True,False,True,False,NOT_AVAILABLE_IN_FROZEN_EVENT_MASTER,False,verify proposed day in completion 497/N-14
10,P1E000046804,S000046804,AXS All Terrain Opportunity Fund,TERIX,S000077430,AXS All Terrain ETF,AXS Investments LLC,month_only,2023-06,,2022-09-30,2023-09-30,365.0,13,True,UNKNOWN_UNTIL_DATE_RECOVERED,False,True,False,NOT_AVAILABLE_IN_FROZEN_EVENT_MASTER,True,search month-local 497/N-14 and adviser archive
11,P1E000053414,S000053414,Franklin Focused Growth Fund,FFQZX;FFQBX;FFQCX;FFQRX;FFQSX,S000080151,Franklin Focused Growth ETF,"Franklin Advisers, Inc.",month_only,2023-10,2023-11-03,2023-09-30,2024-09-30,366.0,13,True,True,False,True,False,NOT_AVAILABLE_IN_FROZEN_EVENT_MASTER,True,search month-local 497/N-14 and adviser archive
12,P1E000058637,S000058637,TCW Artificial Intelligence Equity Fund,TGFTX;TGJNX,S000084288,TCW Artificial Intelligence ETF,TCW Investment Management Company LLC,month_only,2024-05,,2024-01-17,2024-10-31,288.0,13,True,UNKNOWN_UNTIL_DATE_RECOVERED,False,True,False,NOT_AVAILABLE_IN_FROZEN_EVENT_MASTER,True,search month-local 497/N-14 and adviser archive
13,P1E000068943,S000068943,Goldman Sachs Defensive Equity Fund,GDEAX;GDEIX;GDECX,S000077725,Goldman Sachs Defensive Equity ETF,"Goldman Sachs Asset Management, L.P.",month_only,2023-01,2023-01-20,2022-12-31,2023-12-31,365.0,13,True,True,False,True,False,NOT_AVAILABLE_IN_FROZEN_EVENT_MASTER,True,search month-local 497/N-14 and adviser archive
14,P1E000084768,S000084768,FORT PITT CAPITAL TOTAL RETURN FUND,FPCGX,S000077457,Kovitz Core Equity ETF,"Kovitz Investment Group Partners, LLC",proposed_exact_day_only,2026-05-15,2026-05-15,2026-01-20,,,13,True,True,True,True,False,NOT_AVAILABLE_IN_FROZEN_EVENT_MASTER,False,verify proposed day in completion 497/N-14
15,P1E000037608,S000037608,Bahl & Gaynor Income Growth Fund,AFNAX;AFYCX;AFNIX,S000081227,Bahl & Gaynor Income Growth ETF,"BAHL & GAYNOR, INC.",proposed_exact_day_only,2026-03-27,2026-03-27,2025-08-22,,,12,True,True,False,True,False,NOT_AVAILABLE_IN_FROZEN_EVENT_MASTER,False,verify proposed day in completion 497/N-14
16,P1E000052164,S000052164,Main BuyWrite Fund,BUYWX,S000077243,Main BuyWrite ETF,"Main Management Fund Advisors, LLC",month_only,2022-09,2022-09-09,2022-08-18,2022-10-31,74.0,12,True,True,False,False,False,NOT_AVAILABLE_IN_FROZEN_EVENT_MASTER,True,search month-local 497/N-14 and adviser archive
17,P1E000063691,S000063691,Dividend Performers,IPDPX,S000075510,Dividend Performers ETF,"Innovative Portfolios, LLC",proposed_exact_day_only,2022-03-07,2022-03-07,2021-12-21,2022-09-30,283.0,12,True,True,False,True,False,NOT_AVAILABLE_IN_FROZEN_EVENT_MASTER,False,verify proposed day in completion 497/N-14
18,P1E000023255,S000023255,The BeeHive Fund,BEEHX,S000088484,The BeeHive ETF,Spears Abacus Advisors LLC,proposed_exact_day_only,2024-12-16,2024-12-16,2024-10-10,2024-12-31,82.0,11,True,True,False,False,False,NOT_AVAILABLE_IN_FROZEN_EVENT_MASTER,False,verify proposed day in completion 497/N-14
19,P1E000034367,S000034367,Green Owl Intrinsic Value Fund,GOWLX,S000077457,Kovitz Core Equity ETF,"Kovitz Investment Group Partners, LLC",proposed_exact_day_only,2022-12-09,2022-12-09,2022-10-31,2023-10-31,365.0,11,True,False,True,True,False,NOT_AVAILABLE_IN_FROZEN_EVENT_MASTER,False,verify proposed day in completion 497/N-14
20,P1E000071665,S000071665,Diamond Hill Large Cap Concentrated Fund,DHFYX;DHFAX;DHFIX,S000094326,Diamond Hill Large Cap Concentrated ETF,"Diamond Hill Capital Management, Inc.",proposed_exact_day_only,2025-09-26,2025-09-26,2025-06-26,2025-12-31,188.0,11,True,False,True,True,False,NOT_AVAILABLE_IN_FROZEN_EVENT_MASTER,False,verify proposed day in completion 497/N-14
21,P1E000076728,S000076728,Polen Bank Loan Fund,PBKRX;PBKIX,S000090826,Polen Floating Rate Income ETF,"Polen Capital Management, LLC",month_only,2025-03,2025-03-21,2025-01-24,2025-04-30,96.0,11,True,True,False,False,False,NOT_AVAILABLE_IN_FROZEN_EVENT_MASTER,True,search month-local 497/N-14 and adviser archive
22,P1E000001031,S000001031,MATTHEWS KOREA FUND,MAKOX;MIKOX,S000080170,Matthews Korea Active ETF,"Matthews International Capital Management, LLC",month_only,2023-07,,2023-03-20,2023-12-31,286.0,10,True,UNKNOWN_UNTIL_DATE_RECOVERED,False,False,False,NOT_AVAILABLE_IN_FROZEN_EVENT_MASTER,True,search month-local 497/N-14 and adviser archive
23,P1E000004187,S000004187,JPMorgan Realty Income Fund,URTLX;URTAX;URTCX;JRIRX;JPINX;URTDX,S000074056,JPMorgan Realty Income ETF,J.P. Morgan Investment Management Inc.,month_only,2022-05,,2023-02-28,,,10,True,UNKNOWN_UNTIL_DATE_RECOVERED,False,False,False,NOT_AVAILABLE_IN_FROZEN_EVENT_MASTER,True,search month-local 497/N-14 and adviser archive
24,P1E000018774,S000018774,Cambiar Aggressive Value Fund,CAMAX,S000077620,Cambiar Aggressive Value ETF,"CAMBIAR INVESTORS, LLC",bounded_window,2022-11-22..2023-10-31,,2022-11-22,2023-10-31,343.0,10,True,UNKNOWN_UNTIL_DATE_RECOVERED,False,True,False,NOT_AVAILABLE_IN_FROZEN_EVENT_MASTER,False,search completion filing within existing bracket
25,P1E000025402,S000025402,abrdn International Small Cap Fund,ABNIX;CPVCX;WPVAX;WVCCX,S000093583,abrdn International Small Cap Active ETF,abrdn Inc.,month_only,2025-10,,2025-08-06,2025-10-31,86.0,10,True,UNKNOWN_UNTIL_DATE_RECOVERED,False,False,True,NOT_AVAILABLE_IN_FROZEN_EVENT_MASTER,True,search month-local 497/N-14 and adviser archive
26,P1E000030105,S000030105,KL Allocation Fund,GAVIX,S000074985,AXS Astoria Inflation Sensitive ETF,"KNOWLEDGE LEADERS CAPITAL, LLC",month_only,2024-06,2024-05-03,2023-11-24,2024-09-30,311.0,10,True,True,False,False,False,NOT_AVAILABLE_IN_FROZEN_EVENT_MASTER,True,search month-local 497/N-14 and adviser archive
27,P1E000041255,S000041255,Metropolitan West Floating Rate Income Fund,MWFRX;MWFLX,S000085549,TCW Senior Loan ETF,"Metropolitan West Asset Management, LLC",month_only,2024-11,,2024-06-12,2025-03-31,292.0,10,True,UNKNOWN_UNTIL_DATE_RECOVERED,False,False,False,NOT_AVAILABLE_IN_FROZEN_EVENT_MASTER,True,search month-local 497/N-14 and adviser archive
28,P1E000042648,S000042648,Adaptive Fundamental Growth Fund,CAFGX;CFGAX;CFDAX,S000072155,AI Quality Growth ETF,"Cavalier Investments, LLC (d/b/a Adaptive Investments, LLC)",bounded_window,2021-07-28..2022-05-31,,2021-07-28,2022-05-31,307.0,10,True,UNKNOWN_UNTIL_DATE_RECOVERED,False,True,False,NOT_AVAILABLE_IN_FROZEN_EVENT_MASTER,False,search completion filing within existing bracket
29,P1E000045536,S000045536,Essential 40 Stock Fund,ESSIX,S000086190,Essential 40 Stock ETF,"KKM Financial, LLC",bounded_window,2024-06-25..2025-05-31,,2024-06-25,2025-05-31,340.0,10,True,UNKNOWN_UNTIL_DATE_RECOVERED,False,True,False,NOT_AVAILABLE_IN_FROZEN_EVENT_MASTER,False,search completion filing within existing bracket
30,P1E000045557,S000045557,FundX Aggressive Upgrader Fund,HOTFX,S000077553,FundX Aggressive ETF,"One Capital Management, LLC",month_only,2022-10,,2022-09-30,2023-09-30,365.0,10,True,UNKNOWN_UNTIL_DATE_RECOVERED,False,False,False,NOT_AVAILABLE_IN_FROZEN_EVENT_MASTER,True,search month-local 497/N-14 and adviser archive
31,P1E000045558,S000045558,FundX Conservative Upgrader Fund,RELAX,S000082813,FundX Conservative ETF,"One Capital Management, LLC",month_only,2023-10,,2023-09-30,2024-09-30,366.0,10,True,UNKNOWN_UNTIL_DATE_RECOVERED,False,False,False,NOT_AVAILABLE_IN_FROZEN_EVENT_MASTER,True,search month-local 497/N-14 and adviser archive
32,P1E000047725,S000047725,Water Island Long/Short Fund,ATQIX,S000072757,AltShares Event-Driven ETF,"Water Island Capital, LLC",month_only,2021-09,,2021-06-03,2022-05-31,362.0,10,True,UNKNOWN_UNTIL_DATE_RECOVERED,False,False,False,NOT_AVAILABLE_IN_FROZEN_EVENT_MASTER,True,search month-local 497/N-14 and adviser archive
33,P1E000052646,S000052646,TCW New America Premier Equities Fund,TGUSX;TGUNX,S000084289,TCW Compounders ETF,TCW Investment Management Company LLC,month_only,2024-05,,2024-01-17,2024-10-31,288.0,10,True,UNKNOWN_UNTIL_DATE_RECOVERED,False,False,False,NOT_AVAILABLE_IN_FROZEN_EVENT_MASTER,True,search month-local 497/N-14 and adviser archive
34,P1E000058282,S000058282,Gotham Short Strategies Fund,GSSFX,S000082296,Gotham Short Strategies ETF,"Gotham Asset Management, LLC",month_only,2023-11,2023-10-20,2023-09-30,2024-09-30,366.0,10,True,True,False,False,False,NOT_AVAILABLE_IN_FROZEN_EVENT_MASTER,True,search month-local 497/N-14 and adviser archive
35,P1E000066176,S000066176,Tortoise Energy Infrastructure and Income Fund,INFIX;INFRX;INFFX,S000092090,Tortoise Energy Fund,"Tortoise Capital Advisors, LLC",month_only,2025-06,,2025-02-19,2025-10-31,254.0,10,True,UNKNOWN_UNTIL_DATE_RECOVERED,False,False,False,NOT_AVAILABLE_IN_FROZEN_EVENT_MASTER,True,search month-local 497/N-14 and adviser archive
36,P1E000067931,S000067931,Fidelity Disruptive Automation Fund,FBOTX;FBTMX;FBTNX;FBTLX,S000079685,Fidelity Disruptive Automation ETF,Fidelity Management & Research Company LLC,month_only,2023-06,,2023-05-31,2024-05-31,366.0,10,True,UNKNOWN_UNTIL_DATE_RECOVERED,False,False,False,NOT_AVAILABLE_IN_FROZEN_EVENT_MASTER,True,search month-local 497/N-14 and adviser archive
37,P1E000005033,S000005033,Kinetics Medical Fund,MEDRX,S000078972,Horizon Kinetics Medical ETF,Horizon Kinetics Asset Management,proposed_exact_day_only,2023-01-27,2023-01-27,2022-12-31,2023-12-31,365.0,9,True,True,False,False,False,NOT_AVAILABLE_IN_FROZEN_EVENT_MASTER,False,verify proposed day in completion 497/N-14
38,P1E000017862,S000017862,Kinetics Alternative Income Fund,KWINX,S000078973,Horizon Kinetics SPAC Active ETF,Horizon Kinetics Asset Management,proposed_exact_day_only,2023-01-27,2023-01-27,2022-12-31,2023-12-31,365.0,9,True,True,False,False,False,NOT_AVAILABLE_IN_FROZEN_EVENT_MASTER,False,verify proposed day in completion 497/N-14
39,P1E000020289,S000020289,abrdn China A Share Equity Fund,GOPAX;GOPCX;GOPRX;GOPIX,S000088603,abrdn Emerging Markets Dividend Active ETF,abrdn Inc.,month_only,2025-10,,2025-07-23,2025-10-31,100.0,9,True,UNKNOWN_UNTIL_DATE_RECOVERED,False,False,True,NOT_AVAILABLE_IN_FROZEN_EVENT_MASTER,True,search month-local 497/N-14 and adviser archive
40,P1E000020313,S000020313,abrdn Intermediate Municipal Income Fund,NTFAX;ABEIX,S000094325,abrdn Ultra Short Municipal Income Active ETF,abrdn Inc.,month_only,2025-10,,2025-08-06,2025-10-31,86.0,9,True,UNKNOWN_UNTIL_DATE_RECOVERED,False,False,True,NOT_AVAILABLE_IN_FROZEN_EVENT_MASTER,True,search month-local 497/N-14 and adviser archive
41,P1E000035415,S000035415,Scharf Fund,LOGIX,S000093304,Scharf ETF,Scharf Investments LLC,month_only,2025-08,2025-08-22,2025-05-08,2025-10-31,176.0,9,True,False,False,False,False,NOT_AVAILABLE_IN_FROZEN_EVENT_MASTER,True,search month-local 497/N-14 and adviser archive
42,P1E000041689,S000041689,Neuberger Berman Emerging Markets Debt Fund,NERAX;NERCX;NERIX,S000093529,Neuberger Berman Emerging Markets Debt Hard Currency ETF,Neuberger Berman Investment Advisers LLC,month_only,2025-08,2025-08-08,2025-05-20,2025-10-31,164.0,9,True,True,False,False,True,NOT_AVAILABLE_IN_FROZEN_EVENT_MASTER,True,search month-local 497/N-14 and adviser archive
43,P1E000063690,S000063690,Preferred - Plus,IPPPX,S000075509,Preferred-Plus ETF,"Innovative Portfolios, LLC",proposed_exact_day_only,2022-03-07,2022-03-07,2021-12-21,2022-09-30,283.0,9,True,True,False,False,False,NOT_AVAILABLE_IN_FROZEN_EVENT_MASTER,False,verify proposed day in completion 497/N-14
44,P1E000067398,S000067398,Baron FinTech Fund,BFIUX;BFINX;BFIIX,S000096484,Baron Financials ETF,"BAMCO, Inc.",month_only,2025-12,2025-12-12,2025-08-29,2025-12-31,124.0,9,True,False,False,False,False,NOT_AVAILABLE_IN_FROZEN_EVENT_MASTER,True,search month-local 497/N-14 and adviser archive
45,P1E000072754,S000072754,abrdn Focused Emerging Markets ex-China Fund,JETIX;JETAX,S000088603,abrdn Emerging Markets Dividend Active ETF,abrdn Inc.,month_only,2025-10,,2025-07-23,2025-10-31,100.0,9,True,UNKNOWN_UNTIL_DATE_RECOVERED,False,False,True,NOT_AVAILABLE_IN_FROZEN_EVENT_MASTER,True,search month-local 497/N-14 and adviser archive
46,P1E000001511,S000001511,BLACKROCK INTERNATIONAL DIVIDEND FUND,BISIX;BREAX;BRECX,S000083238,BlackRock International Dividend ETF,"BlackRock Advisors, LLC",month_only,2024-11,,2024-05-31,2025-05-31,365.0,8,True,UNKNOWN_UNTIL_DATE_RECOVERED,False,False,True,NOT_AVAILABLE_IN_FROZEN_EVENT_MASTER,True,search month-local 497/N-14 and adviser archive
47,P1E000035445,S000035445,Neuberger Berman Commodity Strategy Fund,NRBAX;NRBCX;NRBIX,S000077468,Neuberger Berman Commodity Strategy ETF,Neuberger Berman Investment Advisers LLC,month_only,2022-10,2022-10-14,2022-08-31,,,8,True,False,False,False,False,NOT_AVAILABLE_IN_FROZEN_EVENT_MASTER,True,search month-local 497/N-14 and adviser archive
48,P1E000035688,S000035688,Touchstone Dynamic Allocation Fund,TSMAX;TSMCX;TSMYX,S000080487,Touchstone Dynamic International ETF,"Touchstone Advisors, Inc.",month_only,2023-12,2023-10-20,2023-06-14,,,8,True,True,False,False,True,NOT_AVAILABLE_IN_FROZEN_EVENT_MASTER,True,search month-local 497/N-14 and adviser archive
49,P1E000049415,S000049415,Lazard International Equity Advantage Portfolio,IEAIX;IEAOX;RIADX,S000091514,Lazard International Dynamic Equity ETF,Lazard Asset Management LLC,month_only,2025-05,2025-04-30,2025-01-15,2025-12-31,350.0,8,True,True,False,False,True,NOT_AVAILABLE_IN_FROZEN_EVENT_MASTER,True,search month-local 497/N-14 and adviser archive
50,P1E000065746,S000065746,Fidelity Municipal Bond Index Fund,FMBIX,S000089371,Fidelity Systematic Municipal Bond Index ETF,Fidelity Management & Research Company LLC,month_only,2025-04,,2025-01-03,2025-06-30,178.0,8,True,UNKNOWN_UNTIL_DATE_RECOVERED,False,False,True,NOT_AVAILABLE_IN_FROZEN_EVENT_MASTER,True,search month-local 497/N-14 and adviser archive
51,P1E000066303,S000066303,DoubleLine Income Fund,DBLIX;DBLNX,S000096946,DoubleLine Securitized Credit ETF,DoubleLine Capital LP,month_only,2026-01,2026-01-30,2025-10-15,2026-03-31,167.0,8,True,True,False,False,True,NOT_AVAILABLE_IN_FROZEN_EVENT_MASTER,True,search month-local 497/N-14 and adviser archive
52,P1E000068294,S000068294,WCM Developing World Equity Fund,WCMUX;WCMDX,S000086663,First Trust WCM Developing World Equity ETF,"WCM Investment Management, LLC",month_only,2024-10,,2024-06-07,2024-12-31,207.0,8,True,UNKNOWN_UNTIL_DATE_RECOVERED,False,False,True,NOT_AVAILABLE_IN_FROZEN_EVENT_MASTER,True,search month-local 497/N-14 and adviser archive
53,P1E000000692,S000000692,Harbor High-Yield Bond Fund,HYFAX;HYFRX;HYFIX;HNHYX,S000072555,Harbor Scientific Alpha High-Yield ETF,"Harbor Capital Advisors, Inc.",month_only,2023-02,2023-02-24,2022-12-23,2023-10-31,312.0,7,True,True,False,False,True,NOT_AVAILABLE_IN_FROZEN_EVENT_MASTER,True,search month-local 497/N-14 and adviser archive
54,P1E000001150,S000001150,TCW METWEST INTERMEDIATE BOND FUND,MWIIX;MWIMX,S000093199,TCW Core Plus Bond ETF,"Metropolitan West Asset Management, LLC",month_only,2025-06,2025-06-16,2025-04-02,2026-03-31,363.0,7,True,True,False,False,True,NOT_AVAILABLE_IN_FROZEN_EVENT_MASTER,True,search month-local 497/N-14 and adviser archive
55,P1E000002467,S000002467,Morgan Stanley Mortgage Securities Trust,MTGAX;MTGCX;MTGDX;MSMTX;MORGX,S000092949,Eaton Vance Mortgage Opportunities ETF,Morgan Stanley Investment Management Inc.,month_only,2025-08,2025-08-01,2025-03-14,,,7,True,True,False,False,True,NOT_AVAILABLE_IN_FROZEN_EVENT_MASTER,True,search month-local 497/N-14 and adviser archive
56,P1E000003488,S000003488,JPMorgan Mortgage-Backed Securities Fund,OMBIX;OMBAX;JMBUX;OBBCX,S000090417,JPMorgan Mortgage-Backed Securities ETF,J.P. Morgan Investment Management Inc.,month_only,2025-06,,2025-02-28,2026-02-28,365.0,7,True,UNKNOWN_UNTIL_DATE_RECOVERED,False,False,True,NOT_AVAILABLE_IN_FROZEN_EVENT_MASTER,True,search month-local 497/N-14 and adviser archive
57,P1E000009711,S000009711,PIMCO Mortgage-Backed Securities Fund,PTRIX;PMRAX;PMRCX;PMRPX;PSANX,S000085048,PIMCO Mortgage-Backed Securities Active Exchange-Traded Fund,Pacific Investment Management Company LLC,month_only,2024-09,2024-09-20,2024-06-04,2025-03-31,300.0,7,True,True,False,False,True,NOT_AVAILABLE_IN_FROZEN_EVENT_MASTER,True,search month-local 497/N-14 and adviser archive
58,P1E000010305,S000010305,AB Total Return Bond Portfolio,ABQUX;ABQCX;ABQYX;ABQIX;ABQZX,S000082567,AB Core Plus Bond ETF,AllianceBernstein L.P.,month_only,2025-02,2025-02-10,2024-11-18,2025-10-31,347.0,7,True,True,False,False,True,NOT_AVAILABLE_IN_FROZEN_EVENT_MASTER,True,search month-local 497/N-14 and adviser archive
59,P1E000011867,S000011867,BlackRock High Yield Municipal Fund,,S000088410,iShares High Yield Muni Active ETF,"BlackRock Advisors, LLC",month_only,2025-02,,2024-10-31,,,7,True,UNKNOWN_UNTIL_DATE_RECOVERED,False,False,True,NOT_AVAILABLE_IN_FROZEN_EVENT_MASTER,True,search month-local 497/N-14 and adviser archive
60,P1E000026514,S000026514,Adaptive Hedged Multi-Asset Income Fund,CADTX;CADAX;CAADX,S000072156,RH Hedged Multi-Asset Income ETF,"Cavalier Investments, LLC (d/b/a Adaptive Investments, LLC)",bounded_window,2021-07-28..2022-05-31,,2021-07-28,2022-05-31,307.0,7,True,UNKNOWN_UNTIL_DATE_RECOVERED,False,False,False,NOT_AVAILABLE_IN_FROZEN_EVENT_MASTER,False,search completion filing within existing bracket
61,P1E000029292,S000029292,Emerging Markets Fund,MALGX;MCLGX;MILGX,S000079056,Global X Emerging Markets ETF,Mirae Asset Global Investments (USA) LLC,proposed_exact_day_only,2023-05-05,2023-05-05,2023-04-30,,,7,True,True,False,False,True,NOT_AVAILABLE_IN_FROZEN_EVENT_MASTER,False,verify proposed day in completion 497/N-14
62,P1E000034979,S000034979,AB Short Duration High Yield Portfolio,ALHYX;ALHAX;ALHCX,S000083864,AB Short Duration High Yield ETF,AllianceBernstein L.P.,month_only,2024-06,,2024-01-03,2024-10-31,302.0,7,True,UNKNOWN_UNTIL_DATE_RECOVERED,False,False,True,NOT_AVAILABLE_IN_FROZEN_EVENT_MASTER,True,search month-local 497/N-14 and adviser archive
63,P1E000038303,S000038303,Adaptive Hedged High Income Fund,CHIIX;CAHIX;CHHAX,S000072158,Adaptive High Income ETF,"Cavalier Investments, LLC (d/b/a Adaptive Investments, LLC)",bounded_window,2021-07-28..2022-05-31,,2021-07-28,2022-05-31,307.0,7,True,UNKNOWN_UNTIL_DATE_RECOVERED,False,False,False,NOT_AVAILABLE_IN_FROZEN_EVENT_MASTER,False,search completion filing within existing bracket
64,P1E000038306,S000038306,Adaptive Tactical Rotation Fund,CATOX;CTROX;CAVTX,S000072157,RH Tactical Rotation ETF,"Cavalier Investments, LLC (d/b/a Adaptive Investments, LLC)",bounded_window,2021-07-28..2022-05-31,,2021-07-28,2022-05-31,307.0,7,True,UNKNOWN_UNTIL_DATE_RECOVERED,False,False,False,NOT_AVAILABLE_IN_FROZEN_EVENT_MASTER,False,search completion filing within existing bracket
65,P1E000038309,S000038309,Adaptive Tactical Outlook Fund,CMSFX;CMSYX;CAVMX,S000072159,RH Tactical Outlook ETF,"Cavalier Investments, LLC (d/b/a Adaptive Investments, LLC)",bounded_window,2021-07-28..2022-05-31,,2021-07-28,2022-05-31,307.0,7,True,UNKNOWN_UNTIL_DATE_RECOVERED,False,False,False,NOT_AVAILABLE_IN_FROZEN_EVENT_MASTER,False,search completion filing within existing bracket
66,P1E000063356,S000063356,AB Short Duration Income Portfolio,SHUYX;SHUCX;SHUAX,S000083865,AB Short Duration Income ETF,AllianceBernstein L.P.,month_only,2024-06,,2024-01-03,2024-10-31,302.0,7,True,UNKNOWN_UNTIL_DATE_RECOVERED,False,False,True,NOT_AVAILABLE_IN_FROZEN_EVENT_MASTER,True,search month-local 497/N-14 and adviser archive
67,P1E000064941,S000064941,OTG Latin America Fund,OTGAX;OTGIX,S000092684,OTG Latin America ETF,"OTG Asset Management, Ltd.",proposed_exact_day_only,2025-07-11,2025-07-11,2025-04-10,2026-03-31,355.0,7,True,False,False,False,False,NOT_AVAILABLE_IN_FROZEN_EVENT_MASTER,False,verify proposed day in completion 497/N-14
68,P1E000000975,S000000975,TAX-MANAGED DFA INTERNATIONAL VALUE PORTFOLIO,DTMIX,S000070904,Dimensional International Value ETF,Dimensional Fund Advisors LP,month_only,2021-09,2021-09-10,2021-05-07,2021-10-31,177.0,6,False,True,False,False,True,NOT_AVAILABLE_IN_FROZEN_EVENT_MASTER,True,search month-local 497/N-14 and adviser archive
69,P1E000019926,S000019926,Fidelity International Enhanced Index Fund,FIENX,S000081802,Fidelity Enhanced International ETF,Fidelity Management & Research Company LLC,month_only,2023-11,2023-11-17,2023-08-31,,,6,True,False,False,False,True,NOT_AVAILABLE_IN_FROZEN_EVENT_MASTER,True,search month-local 497/N-14 and adviser archive
70,P1E000020997,S000020997,T.A. World ex U.S. Core Equity Portfolio,,S000070905,Dimensional World ex U.S. Core Equity 2 ETF,Dimensional Fund Advisors LP,month_only,2021-09,2021-09-10,2021-05-07,2021-10-31,177.0,6,False,True,False,False,True,NOT_AVAILABLE_IN_FROZEN_EVENT_MASTER,True,search month-local 497/N-14 and adviser archive
71,P1E000026760,S000026760,Akre Focus Fund,AKREX;AKRIX;AKRSX,S000089351,Akre Focus ETF,Akre Capital Management LLC,year_only,2025-06-24..2025-06-30,2025-10-24,2025-06-24,2025-06-30,6.0,6,True,False,False,False,False,NOT_AVAILABLE_IN_FROZEN_EVENT_MASTER,False,recover a narrower period before manual day search
72,P1E000037153,S000037153,Emerging Markets Bond Fund,EMBAX;EMBUX;EMBYX,S000094755,VanEck Emerging Markets Bond ETF,Van Eck Associates Corporation,month_only,2025-10,2025-10-06,2025-07-23,2025-12-31,161.0,6,True,True,False,False,True,NOT_AVAILABLE_IN_FROZEN_EVENT_MASTER,True,search month-local 497/N-14 and adviser archive
73,P1E000041658,S000041658,Neuberger Berman Greater China Equity Fund,NCEIX,S000081048,Neuberger Berman China Equity ETF,Neuberger Berman Investment Advisers LLC,month_only,2023-10,2023-10-13,2023-08-31,2024-08-31,366.0,6,True,False,False,False,True,NOT_AVAILABLE_IN_FROZEN_EVENT_MASTER,True,search month-local 497/N-14 and adviser archive
74,P1E000046497,S000046497,WSTCM Credit Select Risk-Managed Fund,WAMIX;WAMBX,S000084068,NEOS Enhanced Income Credit Select ETF,"Wilbanks, Smith & Thomas Asset Management, LLC, d/b/a WST Captial Management",proposed_exact_day_only,2024-08-16,2024-08-16,2024-08-31,,,6,True,True,False,False,True,NOT_AVAILABLE_IN_FROZEN_EVENT_MASTER,False,verify proposed day in completion 497/N-14
75,P1E000047777,S000047777,Neuberger Berman Global Real Estate Fund,NGRIX,S000081049,Neuberger Berman Global Real Estate ETF,Neuberger Berman Investment Advisers LLC,month_only,2023-10,2023-10-13,2023-08-31,2024-08-31,366.0,6,True,False,False,False,True,NOT_AVAILABLE_IN_FROZEN_EVENT_MASTER,True,search month-local 497/N-14 and adviser archive
76,P1E000051299,S000051299,Martin Currie International Sustainable Equity Fund,LUFIX;LUEIX;LUISX,S000075790,Martin Currie Sustainable International Equity ETF,"Legg Mason Partners Fund Advisor, LLC",month_only,2022-10,2022-10-28,2022-05-31,,,6,True,False,False,False,True,NOT_AVAILABLE_IN_FROZEN_EVENT_MASTER,True,search month-local 497/N-14 and adviser archive
77,P1E000004114,S000004114,Core Plus Fixed Income Portfolio,MFXAX;MPFIX;MSIOX;MSCKX;MPLRX,S000083413,Eaton Vance Total Return Bond ETF,Morgan Stanley Investment Management Inc.,month_only,2024-03,2024-03-22,2023-10-02,2024-09-30,364.0,5,True,False,False,False,True,NOT_AVAILABLE_IN_FROZEN_EVENT_MASTER,True,search month-local 497/N-14 and adviser archive
78,P1E000050223,S000050223,AB International Low Volatility Equity Portfolio,ISARX;ISCRX;ISRYX;ISZRX,S000083870,AB International Low Volatility Equity ETF,AllianceBernstein L.P.,bounded_window,2024-06-30..2025-06-30,,2024-06-30,2025-06-30,365.0,5,True,UNKNOWN_UNTIL_DATE_RECOVERED,False,False,True,NOT_AVAILABLE_IN_FROZEN_EVENT_MASTER,False,search completion filing within existing bracket
79,P1E000053719,S000053719,Angel Oak High Yield Opportunities Fund,ANHIX,S000083812,Angel Oak High Yield Opportunities ETF,"Angel Oak Capital Advisors, LLC",month_only,2024-02,2024-02-16,2024-01-31,2025-01-31,366.0,5,True,False,False,False,True,NOT_AVAILABLE_IN_FROZEN_EVENT_MASTER,True,search month-local 497/N-14 and adviser archive
80,P1E000059043,S000059043,Vert Global Sustainable Real Estate Fund,VGSRX,S000083012,Vert Global Sustainable Real Estate ETF,Vert Asset Management LLC,bounded_window,2023-09-06..2024-06-30,,2023-09-06,2024-06-30,298.0,5,True,UNKNOWN_UNTIL_DATE_RECOVERED,False,False,True,NOT_AVAILABLE_IN_FROZEN_EVENT_MASTER,False,search completion filing within existing bracket
81,P1E000039833,S000039833,Putnam Short-Term Municipal Income Fund,,S000094554,Franklin Short-Term Municipal Income ETF,"Franklin Advisors, Inc.  ",year_only,2025-06-27..2025-10-31,,2025-06-27,2025-10-31,126.0,4,True,UNKNOWN_UNTIL_DATE_RECOVERED,False,False,True,NOT_AVAILABLE_IN_FROZEN_EVENT_MASTER,False,recover a narrower period before manual day search
82,P1E000045256,S000045256,AB High Yield Portfolio,HIYYX;HIAYX;HIZYX,S000079881,AB High Yield ETF,AllianceBernstein L.P.,proposed_exact_day_only,2023-05-12,2023-05-12,2023-02-03,2023-10-31,270.0,4,True,False,False,False,True,NOT_AVAILABLE_IN_FROZEN_EVENT_MASTER,False,verify proposed day in completion 497/N-14
