"id","priority","prompt_section","requirement","current_status","existing_evidence","remaining_gap_or_next_action","dependency_or_caveat"
"INP-01","P0","1,14","Preserve and read the exact integrated prompt and both full referee reports","partial_reaudit","The prompt and two reports are available as external attachments; hashes are recorded in this audit","Copy immutable source text into a non-sensitive revision-input archive and reconcile report naming before writing final responses","The prompt describes an R2 with sections 3.1--5.11; neither located report has that numbering"
"INP-02","P0","1,3","Inventory manuscript, appendix, bibliography, code, exposure inputs, crosswalks, and authorized microdata","partial_reaudit","yax/revision/referee_20260905/REVISION_INVENTORY.md and referee_round2_20260905/BASELINE_INVENTORY.md inventory the earlier package","Refresh against the new branch, new project storage, exact SCC paths, hashes, permissions, and data vintages","Do not publish private paths or restricted microdata"
"INP-03","P0","3","Preserve original files and work on a separate revision branch/directory","complete_existing","Current branch is task/yax-substantive-revision-r3-20260905; earlier result directories and protected tags remain present","Record parent commit and new analysis boundary in the new execution spec","Untracked .DS_Store files belong to the user and must remain untouched"
"INP-04","P0","3","Create a specification registry before new analyses","missing","Older module-specific plans exist, including ANALYSIS_SPEC_BEFORE_EXECUTION.md and MAJOR_ANALYSIS_SPEC.md","Create one authoritative machine-readable registry covering every new model before execution","Must distinguish post-outcome referee-led work from preregistration"
"INP-05","P0","3","Create a results ledger before editing numerical claims","partial_reaudit","Frozen RESULT_LEDGER.jsonl files and several module ledgers exist","Create a revision-wide ledger with canonical IDs, specifications, support hashes, covariance sources, and manuscript destinations","Existing ledgers do not cover the newly requested program"
"INP-06","P0","3","Use explicit implementation statuses and continue feasible work when inputs are missing","partial_reaudit","Earlier matrices use COMPLETE, FAILED, NON-ADOPTION, and blocker labels","Adopt the new four-state vocabulary consistently in registry, response matrix, and unresolved memo","No hypothetical result may enter manuscript prose"
"INP-07","P0","3","Enforce one audited contract for exposure groups, calendar, support, scaling, and weights across modules","partial_reaudit","Existing frozen engine and receipts define several contracts","Write one R3 contract and require each new output to serialize deviations","Legacy modules mix frozen 108-month and repaired 113-month calendars and native/common supports"
"METH-01","P0","2","Use paired covariance, not overlap of marginal intervals, to assess coefficient movement","complete_existing","precision_rotation/results/PAIRED_ARCHITECTURE_PRECISION.csv and composition_influence/results/COMPOSITION_PAIRED_DIFFERENCES.csv use common draws","Carry the rule to every new conditioning, dynamic, and BCC comparison","A detected movement does not make the conditioned coefficient precise"
"METH-02","P0","2","Treat MDE as a precision diagnostic, not a post-estimate decision threshold","complete_existing","Main Section 4 and precision_rotation/RESULTS_MEMO.md state this correctly","Apply consistently to all new conditional and paired MDEs and the response letter","Do not introduce a SESOI or equivalence claim"
"METH-03","P0","2,7","State survey and economic-shock uncertainty targets without double counting","partial_reaudit","Main Section 4 distinguishes occupation-shock uncertainty from survey-design inference","Develop and label the requested sampling-oriented procedure; do not add variances mechanically","Public extract lacks complete PSU/stratum or replicate-weight design variables in the existing feasibility audit"
"METH-04","P1","2,7","Use permutation/bootstrap procedures only with justified exchangeability or resampling targets","partial_reaudit","Within-SOC2 permutation is already labeled descriptive; multiplier mechanics are documented","Reassess every newly proposed SOC2 or household procedure and state its target","More draws do not fix few-cluster approximation"
"METH-05","P0","2,6,11","Treat economic mechanisms as diagnostics rather than causal proof","complete_existing","Current main text generally uses conditional-association language and rejects causal decomposition","Maintain this discipline when adding characteristic controls, lambda results, and dynamic analyses","Broad-family controls may absorb AI-related and non-AI-related variation"
"METH-06","P1","2,13","Verify external facts and current versions using primary or official sources","partial_reaudit","Earlier literature and population-control ledgers contain some primary links","Refresh BCC, CPS/IPUMS/BLS/Census, methods, and late-2025 claims and save a dated source ledger","Do not promote a referee conjecture to a finding"
"BASE-01","P0","4","Reproduce the reported corrected baseline as a historical checkpoint","complete_existing","precision_rotation/results/REPAIRED_MONTHLY_BASELINE.csv reports -0.134554 with SE about .04496 and a 9,999-draw interval","Re-run under the migrated SCC environment and compare hashes before using it in R3","It is a corrected-calendar estimate with historical treatment held fixed"
"BASE-02","P0","4","Separate original calendar, corrected outcomes with historical treatment fixed, and fully rebuilt corrected pipeline","partial_reaudit","Frozen -0.1311 and repaired -0.1346 constructions exist and are labeled","Implement the third construction and table all three side by side","Do not tune the rebuild to reproduce -0.1346"
"BASE-03","P0","4","Recompute preperiod weights, availability, normalization, cutoffs, ties, membership, and diagnostics after March restoration","missing","No located artifact recomputes the full treatment after the five March Basic samples are added","Add deterministic rebuild code and serialize changed weights, cuts, membership, and support","This is the main foundational gap"
"BASE-04","P0","4","Audit expected and observed months, December 2022 treatment, and October 2025 gap","complete_existing","CALENDAR_CORRECTION_AND_REPAIR.md and current main/appendix distinguish 114 observed, 113 static, December transition, and absent October 2025","Revalidate counts in the full rebuild and encode assertions in tests","Never interpolate October 2025"
"BASE-05","P0","4","Reconcile raw records, unique persons/households, route-expanded rows, fractional counts, fitted cells, and occupations","partial_reaudit","Current main reports 9,843,021 records and sample-flow artifacts reconcile cells and occupations","Add unique-person and unique-household counts where identifiers support them; label route-expanded counts exactly","Respondent equivalents are not unique respondents"
"BASE-06","P0","4","Verify final CPS weights enter stocks once and are not applied again","complete_existing","Main Section 4 and prior inference/cell audits state and test one-time stock construction","Retain an explicit unit test in the rebuilt pipeline","Grouped-binomial weighted stocks are an estimating equation, not literal trials"
"BASE-07","P0","4","Retain one-sided zero cells and avoid outcome-selected minimum-count baseline","complete_existing","precision_rotation boundary diagnostics retain 13,305 zero-young cells and drop only 965 both-zero cells; threshold rows are labeled diagnostic","Recompute exact counts under full rebuild and keep this rule primary","Minimum-count sensitivity changes sample and estimand"
"BASE-08","P0","4","Check cells with both young and older stocks zero","complete_existing","Existing code drops n=0 occupation-months and reports 965 under frozen chronology","Revalidate under repaired/full-rebuild calendar","Count may change after complete rebuild"
"BASE-09","P0","4","Verify crosswalk systems/vintages, route probability sums, conservation, uniqueness, and family construction","partial_reaudit","bridge_uncertainty outputs verify many route and universe properties; fail-closed compatibility gate exists","Add explicit classification-system assertions, source/target code uniqueness, family-code construction audit, and rebuilt conservation receipt","Age-specific routes remain unobserved"
"BASE-10","P0","4","Publish membership and exclusion-reason files for all nonnested universes","partial_reaudit","bridge_uncertainty/results/UNIVERSE_RECONCILIATION.csv and several membership files exist","Consolidate every universe into one explicit occupation-level file with inclusion flags and reasons","The 539, 490, 495, 468, 444, and 426 universes must not be conflated"
"BASE-11","P0","4","Recompute support counts rather than hard-code submitted values","missing","Prior values are machine-readable but the fully rebuilt pipeline has not run","Generate support counts from rebuilt data and fail tests on stale literals","All downstream exhibits depend on this"
"BASE-12","P0","4","Audit January 2025 population-control change with official documentation","complete_existing","population_controls/POPULATION_CONTROL_DOCUMENTATION.md and findings document the 2025 controls and unavailable subgroup bridge","Refresh URLs/version dates and incorporate into the new source ledger","Cannot construct age-by-occupation counterfactual weights"
"BASE-13","P0","4","Verify January/February 2026 controls and January-file revisions","missing","No located artifact addresses the additional 2026 issues named in the new prompt","Check exact IPUMS extract vintage and official BLS/Census release/revision documentation; record affected samples","External factual verification required"
"BASE-14","P0","4","Verify late-2025 collection, response, and weighting issues before characterizing them","missing","October 2025 no-collection is documented, but September/November response and weighting claims are not fully verified","Build an official-source and raw-record audit for late 2025","Do not infer cause from missing October alone"
"BASE-15","P0","4","Run endpoint/weight diagnostics: pre-2025, suitable pre-2026, full, and exclude September/November 2025","partial_reaudit","Full and December-2024 endpoint rows exist; 2023--24 versus 2025--26 is estimated","Add a defensible pre-2026 endpoint and an exclusion of September and November 2025 on identical treatment/support","Use paired uncertainty"
"BASE-16","P1","4","Separate 2023--24 and later associations with paired uncertainty","complete_existing","population_controls/results/POPULATION_CONTROL_ERA_COMPARISON.csv reports joint eras and paired differences","Re-run under fully rebuilt corrected treatment","Era comparison does not identify the population-control mechanism"
"BASE-17","P0","4","Do not manufacture subgroup counterfactual weights or mislabel unweighted counts","complete_existing","Current response refuses aggregate-factor rescaling and defines respondent-equivalent cells as a changed outcome","Retain this refusal and terminology in new paper","Unweighted fractional counts are not recovered older-vintage weights"
"BASE-18","P0","4,12","Create one machine-readable numerical source of truth for repeated estimates","partial_reaudit","FINAL_NUMERIC_AUDIT.json and module manifests exist; prior interval conflicts were reconciled","Create an R3 canonical estimates/covariance dataset and generate every table/text macro from it","Current repository still has multiple historical ledgers and calendars"
"FAM-01","P0","5","Build family-by-quintile support with counts, employment shares, ranges, direct tail overlap, and information","partial_reaudit","composition_influence/results/SOC2_QUINTILE_SUPPORT.csv contains counts and tail-spanning diagnostics","Add exposure ranges, preperiod shares, direct-comparison weights, and correctly defined absolute/relative information","Use fully rebuilt treatment/support"
"FAM-02","P0","5","Name families spanning both tails and explain intermediate-quintile links/common coefficient restrictions","partial_reaudit","Current main says four of 22 families span Q1/Q5 and mentions indirect links","Publish named families and a graph/table showing how all other families connect through Q2--Q4","Do not imply all conditional information is direct Q5 versus Q1"
"FAM-03","P0","5","Report full Q2--Q5 profile before and after family conditioning","missing","The unconditioned profile is stored; current composition table serializes only the target coefficient for conditioned models","Store all four conditioned coefficients and covariance matrices under SOC2-by-post and SOC2-by-month","Required for joint/simultaneous inference"
"FAM-04","P0","5","Jointly test all four conditional exposure coefficients equal zero with simultaneous uncertainty","missing","No located conditioned-profile joint test or simultaneous band exists","Implement common-draw Wald/max-t procedures and serialize full covariance","Nondetection cannot establish joint equality"
"FAM-05","P0","5","Estimate a direct-tail benchmark restricted to families containing both Q1 and Q5","missing","Stable-tail result is across architectures, not a within-SOC2 direct-tail estimand","Define changed population and transparent family aggregation; report membership, information, CI, and MDE","Do not call it the same estimand as baseline"
"FAM-06","P0","5","Estimate continuous within-family exposure companion with scale/common-slope restriction","missing","Continuous exposure diagnostics exist, but no requested family-conditioned continuous outcome model was located","Fit on audited support, state units and common slope, and report leverage/information","Not a substitute for direct-tail benchmark"
"FAM-07","P0","5","Run leave-one-family-out models","missing","Existing leave-one-occupation and leave-one-measure analyses are different objects","Fit all represented SOC2 omissions with fixed treatment primary and clearly labeled recomputation sensitivity","Do not choose omissions by outcomes"
"FAM-08","P0","5","Show young and older paths for important families, occupations, and tails","missing","Aggregate Q1/Q5 paths exist in results/core/Q1_Q5_STOCK_PATHS.csv","Generate predeclared family/occupation trajectories based on information/influence rules and separate age groups","Narratives about tech contraction or reopening require external evidence"
"FAM-09","P0","5","Explain whether attenuation is concentrated in recognizable comparisons or dispersed","partial_reaudit","Occupation information and LOCO files identify contributors; current prose does not decompose family attenuation","Link support/information/trajectory exhibits and summarize without causal allocation","Outcome-influence rankings must be labeled adaptive"
"FAM-10","P0","5","Verify nuisance-adjusted information I, shares, and effective count in the fitted metric","partial_reaudit","Existing composition outputs report target information, effective occupations, and top-five share","Audit residualization against every nuisance column under h=T p(1-p), compare implementation to stated formula, and add tests","Distinguish fitted information from pre-outcome residual-exposure support and cluster count"
"FAM-11","P0","5","Report absolute/relative information, paired uncertainty, conditional MDE, and paired MDE","partial_reaudit","Absolute information and paired movements exist; primary architecture MDEs exist","Add conditional and paired movement MDEs for every family model after audit","MDE is a labeled normal-theory approximation, not another decision rule"
"FAM-12","P3","5","Consider equal-occupation weighting only with a defined changed estimand","missing","No responsive companion was located","Either define and execute a legitimate equal-occupation objective or record principled non-pursuit","Removing survey weights from the current objective is not enough"
"CHAR-01","P0","6","Verify characteristic vintages, scales, support, provenance, and preperiod availability","partial_reaudit","O*NET computer use, Dingel--Neiman, wage, education, RTI, STEM, cognitive/manual inputs and hashes exist","Create a characteristic dictionary distinguishing requirements from observed attainment and verify pre-2023 vintages","Same-source O*NET overlap must be disclosed"
"CHAR-02","P0","6","Condition beta one at a time on computer use, remotability, wage, education, RTI, and pandemic shortfall","missing","PLACEBO_BENCHMARK.csv treats several characteristics as alternative ranked treatments; categorical remote joint rows do not cover the requested blocks","Add characteristic-by-young-by-post controls to the identical-support beta model with paired inference","Alternative-exposure coefficients are not conditioning results"
"CHAR-03","P0","6","Run economically ordered cumulative conditioning blocks","missing","No responsive sequence was located","Predeclare order before viewing new results and serialize support/rank diagnostics at each block","Do not choose order to maximize attenuation"
"CHAR-04","P0","6","Run a parsimonious combined characteristic model when rank/support permit","missing","No combined conditioning model exists","Gate on residual variation, information rank, leverage, and collinearity; report failure if unsupported","A noisy residual coefficient is not proof of no AI relation"
"CHAR-05","P0","6","For each block report same-support baseline/augmented estimates, paired difference/CI/MDE, coverage, residual variation, and information","missing","No unified conditioned-results table exists","Build one canonical table with common draws and explicit sample-loss decomposition","Required before mechanism language"
"CHAR-06","P1","6","Report sample loss separately from the effect of controls","missing","Current placebo treatment table holds 363 support but does not perform control-vs-support decomposition","Estimate baseline on augmented support, then augmented model on same support, then broader baseline separately","Support changes are estimand changes"
"CHAR-07","P1","6","Report collinearity and leverage diagnostics for conditioning models","partial_reaudit","Treatment-side correlation and residual-support audits exist","Add fitted-model condition numbers/rank, residual SD, effective information, contributor shares, and influential cells","VIF or correlation alone is not identification"
"CHAR-08","P0","6","Construct 2020--22 pandemic shortfall relative to 2017--19 trend without arbitrary sparse-cell pseudocounts","missing","No documented pandemic-shortfall variable or code was located","Choose estimable aggregation/model, define total versus young-relative shortfall, and record transition handling","Regressor is generated from related outcomes"
"CHAR-09","P0","6","Address sampling error/regression to mean in pandemic shortfall","missing","No independent-source or household/sample-split construction exists","Assess independent data or repeat-aware sample split and regenerate the quantity inside relevant resampling","Preperiod timing does not make the regressor exogenous"
"CHAR-10","P0","6","Assess occupation-by-industry-by-age-by-month feasibility","complete_exploratory","Microdata IND1990 audit retains 468 occupations and 3127 preperiod-connected occupation-industry strata; 229745 positive and 123606 zero cells are reported in heterogeneity/results/INDUSTRY_SUPPORT.csv","Carry the sparsity and fixed-risk-set diagnostics into the appendix and response","Broad historical IND1990 groups are not modern NAICS supersectors; the model is not a dominant-industry proxy"
"CHAR-11","P1","6","If feasible, estimate broad-industry-by-young-by-post with lower-order terms","complete_exploratory","The occupation-industry-month model with broad-industry-by-young-by-post slopes is estimated with occupation-industry and calendar-month fixed effects; common occupation draws provide paired movement inference","Report the changed cell objective and paired aggregate-to-cell decomposition","Conditioning is descriptive and may absorb AI-related and non-AI-related channels; it does not identify an industry share"
"CHAR-12","P0","6","Provide feasible BA+/non-BA or education-composition analysis with explicit risk sets","complete_exploratory","BA+/non-BA estimates use 429-occupation common support; exact-age estimates use 439 occupations; membership and composition files are published in heterogeneity/results","Use simultaneous age and education intervals and retain the cohort-identification limit","Observed attained education differs from occupation task requirement; repeated cross sections cannot separately identify age time and cohort"
"CHAR-13","P0","6","Avoid causal interpretation of characteristic survival/attenuation","complete_existing","Current main already says characteristics can be channels and conditioning changes the estimand","Apply to all new results and responses","No control constructs a non-AI counterfactual"
"INF-01","P0","7","State stochastic target for each interval","partial_reaudit","Main Section 4 states the occupation-shock target and exclusions","Add separate targets for SOC2, sampling-oriented household, HAC, full-refit, and any combined procedure","Intervals cannot be compared without target labels"
"INF-02","P0","7","Audit nuisance residualization, score, bread, cluster factors, studentization, paired covariance, centering, and seeds","partial_reaudit","results/inference/INFERENCE_AUDIT.csv and current methods document much of the one-step engine","Re-audit against fully rebuilt cells, inspect null centering and all new joint models, and serialize assertions","Do not clip pseudo-outcomes"
"INF-03","P1","7","Use sufficient multiplier draws but do not equate draw count with validity","complete_existing","Central revised comparisons use 9,999 draws and document seed conventions","Retain deterministic seeds and Monte Carlo-error notes","Few clusters remain a substantive approximation issue"
"INF-04","P0","7","Evaluate SOC2 dependence for baseline, conditional coefficient, and paired movement with a few-cluster method","missing","Existing two-way occupation/month sensitivity is not SOC2 few-cluster inference","Implement an appropriate small-G method or bounded sensitivity for 22 families and explain limitations","Different multiplier weights alone do not solve few clusters"
"INF-05","P0","7","Examine dependence from split occupations and repeated/moving households","partial_reaudit","Split-route stock/information audits and a mobility household bootstrap exist","Analyze core stock scores for shared source routes and repeat households; report induced dependence","Mobility bootstrap is not core stock inference"
"INF-06","P0","7","Verify availability of design variables or replicate weights for Basic Monthly CPS","partial_reaudit","postoutcome_v3_supplementary/CPS_SURVEY_UNCERTAINTY_FEASIBILITY.* reports identifiers present and PSU/strata/replicate weights absent","Reverify exact wide/patch extracts and official documentation in the new environment","Do not borrow ASEC variance procedures"
"INF-07","P0","7","Rebuild core cells under justified household/sample-unit resampling","missing","No core-stock microdata resampling output exists","Implement a transparent repeat-unit multiplier/resampling approximation if methodologically defensible; rebuild cells/refit every replicate","Must preserve all months for the unit and identify approximation from unavailable design variables"
"INF-08","P0","7","Keep fractional crosswalk descendants under the same resampling weight","missing","No responsive resampling code exists","Encode route-expanded descendants as one source-record unit and test conservation per replicate","MISH categories are not independent PSUs"
"INF-09","P0","7","Declare fixed versus regenerated support/labels inside resampling","missing","No core resampling design has been specified","Choose and justify the uncertainty target; ideally report both where feasible","Regenerating treatment changes the estimand/uncertainty target"
"INF-10","P0","7","Do not mechanically add sampling and occupation-shock variances","complete_existing","Current paper keeps survey and shock uncertainty separate","Retain separate columns unless a non-overlapping decomposition is derived and validated","Wider intervals are not a predetermined conclusion"
"INF-11","P0","7","Audit time-HAC inclusion--exclusion construction in score-sum units","partial_reaudit","precision_rotation/results/ROTATION_TIME_HAC_SENSITIVITY.csv implements an occupation plus aggregate-month minus intersection sensitivity","Review code algebra, units, kernel, normalization, and finite-sample convention against the new formula and add analytical tests","Existing result is evidence, not proof that implementation is exact"
"INF-12","P0","7","Use elapsed calendar lags across missing months","partial_reaudit","Current results mention Newey--West lags but the audited snapshot does not document an explicit calendar-gap test","Test that September to November 2025 is lag two, not adjacent row lag one, and rerun if needed","October 2025 is genuinely missing"
"INF-13","P1","7","Document covariance definiteness and remedies","complete_existing","precision_rotation/RESULTS_MEMO.md reports all sensitivity matrices positive semidefinite","Recheck every new covariance and record any remedy instead of silent clipping","No remedy was needed in the prior run"
"INF-14","P0","7","Provide a valid full-refit benchmark or targeted coverage simulation","missing","The previous residual-wild pseudo-outcome refit produced zero admissible draws; it is a failed diagnostic","Implement positive-weight likelihood/microdata reweighting or a design-targeted coverage simulation with full refits","Must establish what randomness the benchmark represents"
"INF-15","P0","7","Compare inference methods for identical core estimates in one table","partial_reaudit","Baseline occupation and HAC sensitivity rows exist; mobility has separate household uncertainty","Build same-estimand rows for baseline, family-conditioned coefficient, and paired movement across valid methods","Do not mix calendars/supports"
"INF-16","P1","7","Address planning-versus-realized SE gap without invented causal attribution","complete_existing","precision_rotation historical covariance simulation rejects one candidate and leaves cause unresolved","Carry bounded language and update if new coverage work is informative","No unique cause has been identified"
"DYN-01","P0","8","Re-estimate dynamics on the fully corrected pipeline","partial_reaudit","A V4 fully interacted Q2--Q5 monthly event study exists on the original 108-month data; current appendix displays it","Rerun on restored March samples with fully rebuilt treatment and updated support","The displayed text incorrectly calls Q2--Q4 post-only even though the V4 plan/result says they are monthly; source/spec reconciliation is needed"
"DYN-02","P0","8","Use fully interacted quintile-time or Q1/Q5-only dynamics with justified aggregation","partial_reaudit","postoutcome_v4_supplementary has Q2--Q5-by-month interactions and common-draw pretrend bands","Regenerate corrected-calendar output, serialize full coefficient/covariance vector, and consider quarterly display","Do not rely on the older restricted model description"
"DYN-03","P0","8","Add informative family-conditioned dynamic counterpart","missing","No SOC2-conditioned event-time result was located","Predeclare feasible conditioning level and run with rank/support diagnostics","A saturated failure must be reported, not replaced opportunistically"
"DYN-04","P0","8","State reference periods, transition exclusions, support, and coefficient meanings","partial_reaudit","Current appendix distinguishes October 2022 reference and December transition","Correct the internal specification-description conflict and update for rebuilt calendar/support","Static and dynamic transition rules differ legitimately"
"DYN-05","P0","8","Report joint preperiod uncertainty and economically meaningful undetectable drift","partial_reaudit","V4 reports max-|t| p=.929 and simultaneous bands","Add drift-scale/MDE interpretation and family-conditioned counterpart","No detected pretrend does not establish parallel trends"
"DYN-06","P0","8","Implement Rambachan--Roth-style sensitivity only with valid event vector, covariance, and linear post functional","missing","Rambachan--Roth is cited, but no sensitivity grid/output exists","Define companion estimand, post weights, covariance rank, restrictions, grid, and zero-exclusion breakdown; otherwise document principled non-pursuit","Static nonlinear coefficient/SE cannot be fed into an event-study method"
"DYN-07","P0","8","Add lower-dimensional seasonality or matched-calendar-month sensitivity","missing","A 5,148-parameter occupation-specific seasonal model failed; this does not answer the new request","Implement exposure-group-specific young-relative month-of-year terms and/or matched calendar windows","Do not resurrect failed saturated model as evidence"
"DYN-08","P1","8","Examine a post-2020 coding-stable window","partial_reaudit","Prior calendar/taxonomy sensitivities include a post-2020 result","Rerun under the corrected treatment contract and integrate with dynamic/end-date table","Changed window and population must be labeled"
"DYN-09","P0","8","Report onset-date sensitivity from November 2022 through June 2023","missing","Only January 2023 and event-time outputs exist","Run the complete declared grid with common support/draws and a simultaneous or family-wise summary","Do not select the most favorable date"
"DYN-10","P0","8","Align partial-year endpoints and foreground calendar emergence","partial_reaudit","Joint 2023, 2024, and 2025--26 coefficients exist","Add endpoint-aligned windows, late-2025 exclusions, and exact onset chronology","Era differences are descriptive"
"DYN-11","P1","8","Acknowledge earlier exploratory selection despite simultaneous summaries","complete_existing","Current draft labels post-outcome analyses exploratory","Preserve concise disclosure in final paper and full chronology in replication docs","Do not call this an ex ante preregistration"
"BCC-01","P0","9","Verify exact BCC version, cuts, weighting, sample, endpoints, outcomes, and controls","partial_reaudit","bcc_bridge/BCC_GROUPING_FINDINGS.md cites an August 2026 paper and reproduces beta top-two versus bottom-three","Refresh the exact source/version and extract every requested design element into a concordance table","Public grouping does not establish proprietary title assignments"
"BCC-02","P0","9","Distinguish grouping-rule reproduction from identical occupation assignment","partial_reaudit","BCC_GROUPING_MEMBERSHIP.csv stores YAX assignments and the paper calls this a bridge","Compare with any public BCC assignment/code if available; otherwise state exact nonverification","No reverse engineering of proprietary job-title mapping"
"BCC-03","P0","9","Align endpoints and CPS employment population to the payroll comparison","missing","Current BCC bridge uses the YAX window and population","Run the closest defensible endpoint/population alignment and list remaining mismatches","CPS stocks and ADP payroll/hiring remain different"
"BCC-04","P0","9","Report BCC grouping under baseline, SOC2-by-post, and SOC2-by-month","missing","Only baseline conditioned/unconditioned on Webb and cross-architecture grouping rows exist","Fit the two broad-family specifications on common support with paired changes and MDEs","Q5--Q1 conditioning result cannot be assumed to transfer"
"BCC-05","P1","9","Clarify ambiguous unconditioned language","partial_reaudit","Current main says the unconditioned result is also -0.0728, referring to Webb removal","Rename explicitly as without-Webb and distinguish from without-family conditioning","Avoid using unconditioned for multiple restrictions"
"BCC-06","P0","9","Compare employment stocks with employment stocks before cross-margin claims","partial_reaudit","CPS stock bridge is correctly labeled; BCC stock comparison is not fully documented","Verify motivating paper's stock outcomes and align units/time or state precise mismatch","Do not compare hiring-rate percentages directly with log stock contrasts"
"BCC-07","P0","9","Verify motivating paper's hiring and separation analyses","partial_reaudit","Current bridge lists hiring/separation as proprietary omissions","Add exact versioned description and citations from the paper/code","Do not summarize entire contribution as a hiring-rate estimate"
"BCC-08","P1","9","Attempt stock-flow calibration only if compatible quantities exist","missing","No stock-accounting model with entry, exit, switches, aging, and denominator changes was located","Write the accounting identity and feasibility audit; execute only if comparable flows can be measured","A principled nonimplementation is acceptable"
"BCC-09","P1","9","Relate employer hires to CPS transitions including job-to-job moves","missing","Current text only says the margins differ","Create an explicit bridge table and limitations; estimate no implied response without assumptions","CPS endpoint transitions may miss intervening jobs"
"BCC-10","P1","9","Verify what BCC firm-time controls absorb","missing","No source-backed control-equivalence audit exists","Read exact specification and state why it is or is not comparable to SOC2-by-age/time controls","Do not assert automatic equivalence"
"FLOW-01","P0","10","Bring a compact, valid flow table into main text","contradicts_prompt","Flow results are currently appendix-only and main text says they remain there","Select a small valid table with risk sets, units, CIs, and MDEs after corrected rerun","Imprecision is informative; it does not establish absent mechanisms"
"FLOW-02","P0","10","Rebuild flows using corrected data and explicit longitudinal samples","partial_reaudit","postoutcome_phase2 adjacent-month flows and appendix table exist","Add restored March samples where linkable, verify corrected calendar/weights, and regenerate canonical outputs","Flow sample differs from stock sample"
"FLOW-03","P0","10","Evaluate adjacent-month links using official definitions and weights","complete_existing","Appendix G uses exact CPSIDV links, MISH rules, origin LNKFW1MWT, and risk-set-specific outcomes","Revalidate in the migrated environment and carry exact attrition counts","Entry destination is not employment finding"
"FLOW-04","P0","10","Evaluate twelve-month links with official definitions and weights","missing","No twelve-month endpoint transition output was located","Implement feasibility/support audit and execute if valid","Twelve-month links do not double independent information and miss intervening states"
"FLOW-05","P0","10","Document link eligibility, attrition, aging, code transitions, and horizons","partial_reaudit","Adjacent-month feasibility and link audit files exist","Extend to corrected and twelve-month samples and present one risk-set flow diagram/table","Preserve person/household dependence"
"FLOW-06","P0","10","Assess hours, weekly earnings, unemployment incidence/duration, and labor-force participation","missing","No focused feasibility memo for all requested outcomes was located","Inventory variables, universes, weights, top coding, nonemployment occupation availability, and power","Do not indiscriminately search outcomes"
"FLOW-07","P1","10","Execute the most informative valid additional margin specifications","missing","No responsive hours/earnings/unemployment/LFP results exist","Choose from feasibility evidence before outcomes and add explicit risk-set/estimand tables","Respect ORG/earnings restrictions and weights"
"FLOW-08","P0","10","Avoid assigning current occupations to nonemployed/never-employed people","complete_existing","Current flow text uses linked prior occupation and correctly bounds entry-destination claims","Enforce with validation tests in new flow code","Population-level alternatives must be explicitly different estimands"
"FLOW-09","P1","10","Show young and older stock paths separately and retain near-age comparison as sensitivity","complete_existing","Q1_Q5_STOCK_PATHS.csv and age-comparison results exist","Improve uncluttered presentation and update with rebuilt treatment","Older workers are not necessarily untreated"
"EXP-01","P0","11","Evaluate D+lambda S grid on common support in corrected model","partial_reaudit","results/core/LAMBDA_GRID_RESULTS.csv contains lambda 0--1 and fixed/restandardized variants","Rerun on canonical corrected support/model and attach common-draw paired coefficient path","Existing lambda result uses a different support/model than headline"
"EXP-02","P0","11","Show characteristic correlations, tail changes, and paired uncertainty over lambda","partial_reaudit","Lambda membership and correlations exist; paired path uncertainty is incomplete","Create a compact linked results table/figure with member transitions and common-draw differences","Do not infer deployed technology from monotonic coefficients"
"EXP-03","P1","11","Repeat focused lambda pattern after computer-use/remotability conditioning","missing","No conditioned lambda outcome path exists","Run only after characteristic block is frozen and supported","Conditioning may remove channels of AI effects"
"EXP-04","P0","11","Verify lambda=.5 reproduces raw beta and identical-model beta contrast","partial_reaudit","Raw identity is verified to numerical tolerance, but lambda=.5 coefficient -0.1297 differs from headline -0.1311/-0.1346","Reconcile support, weights, cutoffs, calendar, and Webb construction; add a fail-fast equality test under identical inputs","Do not copy both values without explanation"
"EXP-05","P1","11","Retain interpretable D/S primitive model with raw/standardized units, covariance, and illustrative change","partial_reaudit","FG_PRIMITIVE_MOMENTS.json and direct D/S estimates exist","Add full covariance and one common economically transparent change after corrected rerun","D/S labels do not reveal adoption"
"EXP-06","P0","11","For architecture comparisons show components and paired difference on each common support","partial_reaudit","PAIRED_ARCHITECTURE_PRECISION.csv and BCC paired files contain differences","Consolidate component estimates, exact supports, common-draw covariance, scales, and membership conventions","Native-support differences mix sample and score changes"
"EXP-07","P1","11","Separate score changes, sample changes, fixed/recomputed ranks, and support","partial_reaudit","Mapping decomposition and architecture support outputs exist","Use one layered table under rebuilt treatment and eliminate ambiguous common/native labels","Common occupations do not imply common tail members"
"EXP-08","P0","11","Preserve nondetection-versus-equivalence and reject PCA as validated latent AI","complete_existing","Current main and response make both limitations explicit","Maintain after new comparisons","PCA is descriptive dependence only"
"EXP-09","P0","11","Limit crosswalk claim to the implementation actually demonstrated","complete_existing","Current main presents a project workflow failure and portable compatibility gate, not a proven correction to named papers","Retain and cite other implementations only if directly verified","Invalid exact-code merge is not a legitimate alternative"
"EXP-10","P1","11","State continuous coefficient units and provide illustrative scale","partial_reaudit","Current artifacts contain continuous slopes but units are scattered","Add units and common-scale examples to canonical results/notes","Do not convert log-ratio coefficient to individual probability effect"
"EXP-11","P1","11","Use age-specific route shares only with genuine validation data; otherwise bounded sensitivities","complete_existing","bridge_uncertainty provides accounting ranges and tilt scenarios and explicitly lacks age-specific validation","Retain bounded status and verify no suitable dual-coded data have appeared","Adjacent vintages are not a same-person bridge"
"EXP-12","P3","11","Optional coding-error simulation must remain hypothetical and low priority","missing","No stock misclassification correction was run; current paper correctly refuses to treat reversals as error rates","Either omit with justification or predefine scenario matrices/persistence if core work completes","Never call it data-identified attenuation"
"EXP-13","P0","11","Remove stable-tails result from main comparison table and keep only narrow appendix support role","contradicts_prompt","Current main Section 5 foregrounds the stable-tail estimate and Appendix C/E repeats it","Remove from main article/table; retain a concise support diagnostic only if useful","New prompt explicitly orders this change"
"WRITE-01","P0","12","Rewrite around one empirical question with the requested focused structure","partial_reaudit","Current major revision is composition-centered and already more coherent than V5.1","Rebuild after new evidence; combine/remove overlapping architecture, timing, and conclusion material","Title and central claim must remain provisional until new results"
"WRITE-02","P0","12","Reduce redundant exposition by roughly one-third to 40 percent","editorial_pending","Current compiled source is shorter than older V5.1 but new prompt requires another evidence-led contraction","Measure baseline page/word counts, set a target, and report achieved reduction","Do not replace deleted text with an unstructured robustness menu"
"WRITE-03","P0","12","Use a small number of main exhibits and focused appendix","editorial_pending","Current main uses a limited table/figure set but requested new modules will change it","Predeclare final exhibit map after core analyses and move implementation history to replication docs","Every main exhibit must answer the organizing question"
"WRITE-04","P0","12","Remove mobility-rematching and F/G machinery from scientific article and appendix absent specific relevance","contradicts_prompt","Appendix H is 127 lines of mobility/rematching and Appendix I is 49 lines of F/G/A/E; main text still discusses both","Archive code/results in replication history and delete scientific-paper sections unless a new specific role survives","Historical transparency belongs in archive/response"
"WRITE-05","P1","12","Move failed logs, hashes, path manifests, and design chronology to README/technical audit","partial_reaudit","Some chronology is in Appendix L and main retains many frozen/post-outcome labels","Consolidate technical material in reproducibility package and keep only necessary limitations in paper","Do not erase outcome-informed status"
"WRITE-06","P0","12","Use one corrected substantive baseline and remove repeated revision-round language","partial_reaudit","Corrected -0.1346 is central, but main/appendix contain 36 uses of frozen, 12 post-outcome, and other chronology terms","Replace with one concise disclosure; preserve full chronology outside article","The fully rebuilt baseline may change the number"
"WRITE-07","P0","12","Write a compact abstract with one question, main result, uncertainty, implication, and about three numbers","editorial_pending","Current abstract predates the new full program","Rewrite only after results are frozen and numerical source of truth exists","Do not headline marginal p-values or causal explanation"
"WRITE-08","P0","12","Audit conflicting intervals, SE/MDE calendars, food-service percentage, service names, architecture endpoint, BCC wording, formulas, counts, Webb support, profiles, age, influence, flows, lambda, memberships, cross-references, figures, and legends","partial_reaudit","Earlier major revision fixed several interval, food-service, and label issues; others remain distributed across historical files","Create itemized numerical/reporting audit and generate all repeated numbers from canonical data","The new prompt explicitly requires rechecking rather than inheriting prior PASS labels"
"WRITE-09","P1","12","Clarify Webb availability via identical-support with/without and broader beta coverage","missing","Current support and Webb-conditioned rows exist, but the exact three-way decomposition requested is not consolidated","Run same-support with/without Webb and broader beta without Webb, with sample-loss decomposition","Do not attribute differences solely to Webb coefficient"
"WRITE-10","P0","12","Repair crowded figures and separate young, older, ratio, conditioning, support, and contrast changes","editorial_pending","Current Q1/Q5 figure has six panels and architecture/composition figures mix changed estimands in one panel","Redesign after final estimates; inspect legends, type, and notes","No figure should require readers to compare incomparable rows"
"WRITE-11","P0","12","Obtain or flag affiliation, email, acknowledgments, funding, conflicts, disclosures","blocked_method","paper/main/title.tex and Appendix L retain AUTHOR TO COMPLETE flags","Request author-supplied metadata near final production and preserve flags until supplied","Never invent personal or disclosure information"
"WRITE-12","P0","12","Verify every quantitative sentence and distinguish log relative-stock contrasts from individual probabilities","partial_reaudit","Earlier FINAL_NUMERIC_AUDIT.json and current prose use exp(beta)-1 carefully in several places","Re-run a complete source-to-ledger scan after rewrite and fail on unregistered numbers","Percent translations need denominator/comparison stated"
"LIT-01","P1","13","Conduct and document the stated ten-journal scope while including relevant outside work","partial_reaudit","LITERATURE_SEARCH_LEDGER.md documents an earlier targeted search, and the main no longer foregrounds the search claim","Refresh search dates/queries/results in replication documentation, not as a priority boast in the article","R1 previously requested deleting the paragraph; documentation reconciles both instructions"
"LIT-02","P0","13","Use primary research and official data/software documentation","partial_reaudit","Existing bibliography and ledgers include many primary/official sources","Verify every load-bearing version/claim and archive locators, dates, and hashes where permitted","Technical-method claims require primary sources"
"LIT-03","P0","13","Prioritize BCC contribution/versions, clustering/few clusters, nonparallel trends, constructed-regressor uncertainty, controls, and CPS comparability","partial_reaudit","Current references cover BCC, Rambachan--Roth, and generated covariates","Add source-backed few-cluster, survey sampling, and exact BCC design concordance tied to analyses","Avoid literature review sprawl"
"LIT-04","P1","13","Verify concurrent macro events before citing them as explanations","missing","Current paper lists rates, tech adjustment, RTO, normalization, and composition as concurrent explanations without a dedicated evidence ledger","Either source occurrence carefully and label explanatory link untested, or remove the examples","Event occurrence is not evidence it caused this coefficient"
"DEL-01","P0","14","Deliver revised main manuscript source and compiled PDF","pending_new_revision","paper/main sources and YAX_WORKING_PAPER_MAJOR_REVISION.pdf exist for the prior pass","Generate new R3 source/PDF only after empirical and numerical audits","Prior PDF is a comparison artifact"
"DEL-02","P0","14","Deliver focused appendix source and compiled PDF","pending_new_revision","paper/appendix sources and YAX_ONLINE_APPENDIX_MAJOR_REVISION.pdf exist","Remove superseded material, integrate validated new analyses, compile and visually inspect","Prior appendix conflicts with requested removal of mobility and F/G"
"DEL-03","P1","14","Deliver change-marked version or source diff","missing","No dedicated change-marked R3 artifact exists","Produce latexdiff or a readable source-diff package against the audited parent","Diff must not include restricted paths/data"
"DEL-04","P0","14","Deliver concise editor response separate from R1 and R2 point-by-point responses","missing","Current referee_response.tex combines major responses and has no separate editor letter","Create three logically separate documents/sections with actual result, location, and limitation","Do not promise unexecuted work"
"DEL-05","P0","14","Cover every major, moderate, and minor referee point in a machine-readable matrix","partial_reaudit","Earlier MAJOR_RESPONSE_MATRIX.md covers major comments; this gap matrix covers integrated-prompt requirements","Locate exact R2, add every report sentence/comment, and update statuses/locations after execution","Cannot claim verbatim completeness until R2 version conflict is resolved"
"DEL-06","P0","14","Provide one master command and dependency/environment record","partial_reaudit","REPRODUCIBILITY.md lists eight commands; Makefile builds PDFs; module wrappers exist","Create a fail-fast R3 master runner for public/code checks plus documented private-data stages and environment lock","Do not embed credentials/private absolute paths"
"DEL-07","P0","14","Provide source manifest, registry, seeds, tests, estimates, and covariance matrices","partial_reaudit","Many receipts, manifests, seeds, and estimate CSV/JSON files exist","Unify them and add full covariance outputs for conditional profiles, dynamics, paired comparisons, and sensitivity work","Restricted microdata remain excluded"
"DEL-08","P0","14","Provide inference/implementation audit covering cell rebuild, conservation, paired covariance, HAC, and fixed/regenerated treatment","partial_reaudit","Earlier cell, bridge, inference, and precision audits cover pieces","Write one R3 audit after full rebuild and new inference, with test results and unresolved approximations","Must distinguish survey from shock uncertainty"
"DEL-09","P0","14","Provide numerical-consistency audit and unresolved-items memo","pending_new_revision","FINAL_CONSISTENCY_AUDIT.md, FINAL_NUMERIC_AUDIT.json, and UNRESOLVED_ITEMS.md exist for the prior pass","Regenerate against the final R3 manuscript and exact report set","Old PASS cannot cover new outputs"
"DEL-10","P0","14","Compile and visually inspect every revised figure/table and representative PDF pages","pending_new_revision","Prior major-revision PDFs have a visual-QA memo","Render new PDFs/pages, inspect clipping/legends/font/notes/cross-references/bibliography, and iterate","Distinguish clean build from full microdata rerun"
"DEL-11","P0","14","Run a clean reproducible build and tests, with cached-versus-rerun status explicit","pending_new_revision","Prior test suite/build logs exist and earlier package was reproducible","Run from clean tagged/committed state after new SCC outputs sync back; record environment and hashes","A cached-table LaTeX build is not a full empirical rerun"
"DEL-12","P0","14","Ensure final claim follows validated evidence and no nondetection/equivalence or causal overclaim survives","pending_new_revision","Current composition-centered paper already narrows many claims","Repeat claims audit after all new modules and let results determine final title/contribution","Do not force a preferred conclusion or publication claim"
