analysis_status,occ_code,exposure_value,full_static_weight,preperiod_weight,full_static_quintile,preperiod_quintile,changed_quintile
POST-OUTCOME SUPPLEMENTARY QUINTILE-WEIGHT SENSITIVITY — NOT PART OF CONFIRMATORY YAX v1.1,0010,0.507777777778,163889050.09179997,97142362.17969999,4,4,False
POST-OUTCOME SUPPLEMENTARY QUINTILE-WEIGHT SENSITIVITY — NOT PART OF CONFIRMATORY YAX v1.1,0020,0.480769230769,123561351.71779999,67597994.51650001,4,4,False
POST-OUTCOME SUPPLEMENTARY QUINTILE-WEIGHT SENSITIVITY — NOT PART OF CONFIRMATORY YAX v1.1,0040,0.476744186047,5935331.3099,3794336.5546000004,4,4,False
POST-OUTCOME SUPPLEMENTARY QUINTILE-WEIGHT SENSITIVITY — NOT PART OF CONFIRMATORY YAX v1.1,0051,0.5,61531214.76749831,37116532.61359832,4,4,False
POST-OUTCOME SUPPLEMENTARY QUINTILE-WEIGHT SENSITIVITY — NOT PART OF CONFIRMATORY YAX v1.1,0052,0.45,56615257.53080169,34363580.36590169,3,3,False
POST-OUTCOME SUPPLEMENTARY QUINTILE-WEIGHT SENSITIVITY — NOT PART OF CONFIRMATORY YAX v1.1,0060,0.553490787572,11202854.406,5731326.6096,5,5,False
POST-OUTCOME SUPPLEMENTARY QUINTILE-WEIGHT SENSITIVITY — NOT PART OF CONFIRMATORY YAX v1.1,0101,0.391304347826,7573779.980804389,4026376.88720439,3,3,False
POST-OUTCOME SUPPLEMENTARY QUINTILE-WEIGHT SENSITIVITY — NOT PART OF CONFIRMATORY YAX v1.1,0102,0.400162337662,12637060.053095607,7308931.47509561,3,3,False
POST-OUTCOME SUPPLEMENTARY QUINTILE-WEIGHT SENSITIVITY — NOT PART OF CONFIRMATORY YAX v1.1,0110,0.530303030303,73196787.07419997,44333925.99339999,4,4,False
POST-OUTCOME SUPPLEMENTARY QUINTILE-WEIGHT SENSITIVITY — NOT PART OF CONFIRMATORY YAX v1.1,0120,0.485055230669,136513322.969,79602814.0246,4,4,False
POST-OUTCOME SUPPLEMENTARY QUINTILE-WEIGHT SENSITIVITY — NOT PART OF CONFIRMATORY YAX v1.1,0135,0.513157894737,1882403.4917,1235794.787,4,4,False
POST-OUTCOME SUPPLEMENTARY QUINTILE-WEIGHT SENSITIVITY — NOT PART OF CONFIRMATORY YAX v1.1,0136,0.48,31748562.348400004,19186933.541699998,4,4,False
POST-OUTCOME SUPPLEMENTARY QUINTILE-WEIGHT SENSITIVITY — NOT PART OF CONFIRMATORY YAX v1.1,0137,0.5,6074327.791900001,3525043.7195999995,4,4,False
POST-OUTCOME SUPPLEMENTARY QUINTILE-WEIGHT SENSITIVITY — NOT PART OF CONFIRMATORY YAX v1.1,0140,0.405718701503,29841071.7746,17303422.5309,3,3,False
POST-OUTCOME SUPPLEMENTARY QUINTILE-WEIGHT SENSITIVITY — NOT PART OF CONFIRMATORY YAX v1.1,0150,0.585714285714,23339541.333599996,14071916.6334,5,5,False
POST-OUTCOME SUPPLEMENTARY QUINTILE-WEIGHT SENSITIVITY — NOT PART OF CONFIRMATORY YAX v1.1,0160,0.486525974026,35421040.4427,19281894.7026,4,4,False
POST-OUTCOME SUPPLEMENTARY QUINTILE-WEIGHT SENSITIVITY — NOT PART OF CONFIRMATORY YAX v1.1,0205,0.367346938776,68734878.5469,44490004.2281,3,3,False
POST-OUTCOME SUPPLEMENTARY QUINTILE-WEIGHT SENSITIVITY — NOT PART OF CONFIRMATORY YAX v1.1,0220,0.444444444444,110207595.66039999,62897837.404699996,3,3,False
POST-OUTCOME SUPPLEMENTARY QUINTILE-WEIGHT SENSITIVITY — NOT PART OF CONFIRMATORY YAX v1.1,0300,0.442610837438,18525990.7127,10641149.684700001,3,3,False
POST-OUTCOME SUPPLEMENTARY QUINTILE-WEIGHT SENSITIVITY — NOT PART OF CONFIRMATORY YAX v1.1,0310,0.416666666667,114701500.5035,70482719.33899999,3,3,False
POST-OUTCOME SUPPLEMENTARY QUINTILE-WEIGHT SENSITIVITY — NOT PART OF CONFIRMATORY YAX v1.1,0335,0.390562469163,6668857.184041919,4023692.8481419203,3,3,False
POST-OUTCOME SUPPLEMENTARY QUINTILE-WEIGHT SENSITIVITY — NOT PART OF CONFIRMATORY YAX v1.1,0340,0.45652173913,12956252.5859,8133776.9664,3,3,False
POST-OUTCOME SUPPLEMENTARY QUINTILE-WEIGHT SENSITIVITY — NOT PART OF CONFIRMATORY YAX v1.1,0350,0.428571428571,78936084.21919999,44628689.02349999,3,3,False
POST-OUTCOME SUPPLEMENTARY QUINTILE-WEIGHT SENSITIVITY — NOT PART OF CONFIRMATORY YAX v1.1,0360,0.530696798493,2949020.3623999995,1133075.8877,4,4,False
POST-OUTCOME SUPPLEMENTARY QUINTILE-WEIGHT SENSITIVITY — NOT PART OF CONFIRMATORY YAX v1.1,0410,0.443181818182,73106308.22850001,43642439.486099996,3,3,False
POST-OUTCOME SUPPLEMENTARY QUINTILE-WEIGHT SENSITIVITY — NOT PART OF CONFIRMATORY YAX v1.1,0420,0.392857142857,44291662.7407,25678570.7911,3,3,False
POST-OUTCOME SUPPLEMENTARY QUINTILE-WEIGHT SENSITIVITY — NOT PART OF CONFIRMATORY YAX v1.1,0425,0.422222222222,1553896.591,798244.509,3,3,False
POST-OUTCOME SUPPLEMENTARY QUINTILE-WEIGHT SENSITIVITY — NOT PART OF CONFIRMATORY YAX v1.1,0426,0.452122153209,902018.6224884,902018.6224884,3,3,False
POST-OUTCOME SUPPLEMENTARY QUINTILE-WEIGHT SENSITIVITY — NOT PART OF CONFIRMATORY YAX v1.1,0440,0.491267364041,506074266.7158818,287061927.1084818,4,4,False
POST-OUTCOME SUPPLEMENTARY QUINTILE-WEIGHT SENSITIVITY — NOT PART OF CONFIRMATORY YAX v1.1,0500,0.54347826087,4691638.657699999,2660589.7832000004,5,5,False
POST-OUTCOME SUPPLEMENTARY QUINTILE-WEIGHT SENSITIVITY — NOT PART OF CONFIRMATORY YAX v1.1,0510,0.527777777778,1008616.9247,626736.9343999999,4,4,False
POST-OUTCOME SUPPLEMENTARY QUINTILE-WEIGHT SENSITIVITY — NOT PART OF CONFIRMATORY YAX v1.1,0520,0.466666666667,17826216.495899998,11091176.200399999,4,4,False
POST-OUTCOME SUPPLEMENTARY QUINTILE-WEIGHT SENSITIVITY — NOT PART OF CONFIRMATORY YAX v1.1,0530,0.473684210526,27245185.5849,15548798.442499999,4,4,False
POST-OUTCOME SUPPLEMENTARY QUINTILE-WEIGHT SENSITIVITY — NOT PART OF CONFIRMATORY YAX v1.1,0540,0.519210553579,36657139.0862,21860552.848899998,4,4,False
POST-OUTCOME SUPPLEMENTARY QUINTILE-WEIGHT SENSITIVITY — NOT PART OF CONFIRMATORY YAX v1.1,0565,0.526304274931,30322621.922500003,17883608.6934,4,4,False
POST-OUTCOME SUPPLEMENTARY QUINTILE-WEIGHT SENSITIVITY — NOT PART OF CONFIRMATORY YAX v1.1,0600,0.5,13025471.362699999,7408658.012,4,4,False
POST-OUTCOME SUPPLEMENTARY QUINTILE-WEIGHT SENSITIVITY — NOT PART OF CONFIRMATORY YAX v1.1,0630,0.636460402172,88405612.52579999,50571299.013399996,5,5,False
POST-OUTCOME SUPPLEMENTARY QUINTILE-WEIGHT SENSITIVITY — NOT PART OF CONFIRMATORY YAX v1.1,0640,0.473684210526,6283316.2752,3748591.9778,4,4,False
POST-OUTCOME SUPPLEMENTARY QUINTILE-WEIGHT SENSITIVITY — NOT PART OF CONFIRMATORY YAX v1.1,0650,0.552631578947,14932616.4718,8346865.366800001,5,5,False
POST-OUTCOME SUPPLEMENTARY QUINTILE-WEIGHT SENSITIVITY — NOT PART OF CONFIRMATORY YAX v1.1,0700,0.527860531833,16883913.954600003,8810479.0897,4,4,False
POST-OUTCOME SUPPLEMENTARY QUINTILE-WEIGHT SENSITIVITY — NOT PART OF CONFIRMATORY YAX v1.1,0710,0.404761904762,99046493.2692,57927832.453999996,3,3,False
POST-OUTCOME SUPPLEMENTARY QUINTILE-WEIGHT SENSITIVITY — NOT PART OF CONFIRMATORY YAX v1.1,0725,0.486486486486,15007647.706200002,8072406.092299999,4,4,False
POST-OUTCOME SUPPLEMENTARY QUINTILE-WEIGHT SENSITIVITY — NOT PART OF CONFIRMATORY YAX v1.1,0726,0.519230769231,8744234.067799998,5425063.4979,4,4,False
POST-OUTCOME SUPPLEMENTARY QUINTILE-WEIGHT SENSITIVITY — NOT PART OF CONFIRMATORY YAX v1.1,0735,0.524590163934,46146842.50759999,24361842.855,4,4,False
POST-OUTCOME SUPPLEMENTARY QUINTILE-WEIGHT SENSITIVITY — NOT PART OF CONFIRMATORY YAX v1.1,0750,0.582840766028,45352892.68859909,20842729.491299096,5,5,False
POST-OUTCOME SUPPLEMENTARY QUINTILE-WEIGHT SENSITIVITY — NOT PART OF CONFIRMATORY YAX v1.1,0800,0.56,176276378.56960005,109075371.5395,5,5,False
POST-OUTCOME SUPPLEMENTARY QUINTILE-WEIGHT SENSITIVITY — NOT PART OF CONFIRMATORY YAX v1.1,0810,0.53125,7951568.490599999,5066880.974099999,4,4,False
POST-OUTCOME SUPPLEMENTARY QUINTILE-WEIGHT SENSITIVITY — NOT PART OF CONFIRMATORY YAX v1.1,0820,0.52,5510425.741099998,3463128.9744,4,4,False
POST-OUTCOME SUPPLEMENTARY QUINTILE-WEIGHT SENSITIVITY — NOT PART OF CONFIRMATORY YAX v1.1,0830,0.555555555556,3762474.5718,2181012.4066,5,5,False
POST-OUTCOME SUPPLEMENTARY QUINTILE-WEIGHT SENSITIVITY — NOT PART OF CONFIRMATORY YAX v1.1,0845,0.461538461538,38054709.613901615,21554419.39900161,3,4,True
POST-OUTCOME SUPPLEMENTARY QUINTILE-WEIGHT SENSITIVITY — NOT PART OF CONFIRMATORY YAX v1.1,0850,0.5,53451588.3097,32676805.1469,4,4,False
POST-OUTCOME SUPPLEMENTARY QUINTILE-WEIGHT SENSITIVITY — NOT PART OF CONFIRMATORY YAX v1.1,0860,0.571428571429,11761017.061799997,6917984.1938,5,5,False
POST-OUTCOME SUPPLEMENTARY QUINTILE-WEIGHT SENSITIVITY — NOT PART OF CONFIRMATORY YAX v1.1,0900,0.5,2008110.8465,1195838.5258,4,4,False
POST-OUTCOME SUPPLEMENTARY QUINTILE-WEIGHT SENSITIVITY — NOT PART OF CONFIRMATORY YAX v1.1,0910,0.593775701278,37976448.82170001,24505184.9006,5,5,False
POST-OUTCOME SUPPLEMENTARY QUINTILE-WEIGHT SENSITIVITY — NOT PART OF CONFIRMATORY YAX v1.1,0930,0.58064516129,5730081.7777,3622588.4908999996,5,5,False
POST-OUTCOME SUPPLEMENTARY QUINTILE-WEIGHT SENSITIVITY — NOT PART OF CONFIRMATORY YAX v1.1,0940,0.625,9633229.187500002,5266667.0654,5,5,False
POST-OUTCOME SUPPLEMENTARY QUINTILE-WEIGHT SENSITIVITY — NOT PART OF CONFIRMATORY YAX v1.1,0960,0.551276075486,9161469.56049839,4161117.22689839,5,5,False
POST-OUTCOME SUPPLEMENTARY QUINTILE-WEIGHT SENSITIVITY — NOT PART OF CONFIRMATORY YAX v1.1,1005,0.634615384615,3411889.3920000005,2017414.5211,5,5,False
POST-OUTCOME SUPPLEMENTARY QUINTILE-WEIGHT SENSITIVITY — NOT PART OF CONFIRMATORY YAX v1.1,1006,0.617424242424,57701141.0617,36083406.159600005,5,5,False
POST-OUTCOME SUPPLEMENTARY QUINTILE-WEIGHT SENSITIVITY — NOT PART OF CONFIRMATORY YAX v1.1,1007,0.652173913043,18811900.115900002,8319423.225800001,5,5,False
POST-OUTCOME SUPPLEMENTARY QUINTILE-WEIGHT SENSITIVITY — NOT PART OF CONFIRMATORY YAX v1.1,1010,0.95,42655463.287499994,28218046.9546,5,5,False
POST-OUTCOME SUPPLEMENTARY QUINTILE-WEIGHT SENSITIVITY — NOT PART OF CONFIRMATORY YAX v1.1,1021,0.868421052632,201856085.72878033,111595296.10908031,5,5,False
POST-OUTCOME SUPPLEMENTARY QUINTILE-WEIGHT SENSITIVITY — NOT PART OF CONFIRMATORY YAX v1.1,1031,0.932692307692,9690938.968286278,7078119.275886279,5,5,False
POST-OUTCOME SUPPLEMENTARY QUINTILE-WEIGHT SENSITIVITY — NOT PART OF CONFIRMATORY YAX v1.1,1032,0.75,7690093.575356871,4475298.115556869,5,5,False
POST-OUTCOME SUPPLEMENTARY QUINTILE-WEIGHT SENSITIVITY — NOT PART OF CONFIRMATORY YAX v1.1,1050,0.616097749431,64361328.04389999,38194484.2236,5,5,False
POST-OUTCOME SUPPLEMENTARY QUINTILE-WEIGHT SENSITIVITY — NOT PART OF CONFIRMATORY YAX v1.1,1065,0.747205536917,13147653.703592902,7570365.3908929005,5,5,False
POST-OUTCOME SUPPLEMENTARY QUINTILE-WEIGHT SENSITIVITY — NOT PART OF CONFIRMATORY YAX v1.1,1105,0.72972972973,20453484.163000003,13525475.1908,5,5,False
POST-OUTCOME SUPPLEMENTARY QUINTILE-WEIGHT SENSITIVITY — NOT PART OF CONFIRMATORY YAX v1.1,1106,0.635222739362,11361917.1873,6865573.5886,5,5,False
POST-OUTCOME SUPPLEMENTARY QUINTILE-WEIGHT SENSITIVITY — NOT PART OF CONFIRMATORY YAX v1.1,1108,0.735786186333,96642372.4296887,49903678.73398871,5,5,False
POST-OUTCOME SUPPLEMENTARY QUINTILE-WEIGHT SENSITIVITY — NOT PART OF CONFIRMATORY YAX v1.1,1200,0.5,3437671.3406,2046878.3680000002,4,4,False
POST-OUTCOME SUPPLEMENTARY QUINTILE-WEIGHT SENSITIVITY — NOT PART OF CONFIRMATORY YAX v1.1,1220,0.629032258065,15767367.009999998,9110568.5469,5,5,False
POST-OUTCOME SUPPLEMENTARY QUINTILE-WEIGHT SENSITIVITY — NOT PART OF CONFIRMATORY YAX v1.1,1240,0.661513089288,31955189.192799997,12247529.818999998,5,5,False
POST-OUTCOME SUPPLEMENTARY QUINTILE-WEIGHT SENSITIVITY — NOT PART OF CONFIRMATORY YAX v1.1,1305,0.488372093023,20368537.751485754,11786973.69488575,4,4,False
POST-OUTCOME SUPPLEMENTARY QUINTILE-WEIGHT SENSITIVITY — NOT PART OF CONFIRMATORY YAX v1.1,1306,0.421052631579,3058596.62921425,1944727.95281425,3,3,False
POST-OUTCOME SUPPLEMENTARY QUINTILE-WEIGHT SENSITIVITY — NOT PART OF CONFIRMATORY YAX v1.1,1310,0.512191890301,4355476.4026,2714128.8722,4,4,False
POST-OUTCOME SUPPLEMENTARY QUINTILE-WEIGHT SENSITIVITY — NOT PART OF CONFIRMATORY YAX v1.1,1320,0.571428571429,15994458.954799999,9104578.6152,5,5,False
POST-OUTCOME SUPPLEMENTARY QUINTILE-WEIGHT SENSITIVITY — NOT PART OF CONFIRMATORY YAX v1.1,1340,0.589743589744,2609204.9492,1408587.2063999998,5,5,False
POST-OUTCOME SUPPLEMENTARY QUINTILE-WEIGHT SENSITIVITY — NOT PART OF CONFIRMATORY YAX v1.1,1350,0.461538461538,8023596.7612,4687118.1488,3,4,True
POST-OUTCOME SUPPLEMENTARY QUINTILE-WEIGHT SENSITIVITY — NOT PART OF CONFIRMATORY YAX v1.1,1360,0.482142857143,49024846.9927,28375074.055299997,4,4,False
POST-OUTCOME SUPPLEMENTARY QUINTILE-WEIGHT SENSITIVITY — NOT PART OF CONFIRMATORY YAX v1.1,1400,0.727272727273,8618146.867899999,5259339.333199999,5,5,False
POST-OUTCOME SUPPLEMENTARY QUINTILE-WEIGHT SENSITIVITY — NOT PART OF CONFIRMATORY YAX v1.1,1410,0.583553862215,28381398.206400003,17573919.697899997,5,5,False
POST-OUTCOME SUPPLEMENTARY QUINTILE-WEIGHT SENSITIVITY — NOT PART OF CONFIRMATORY YAX v1.1,1420,0.555555555556,3730685.3385,2159195.3424,5,5,False
POST-OUTCOME SUPPLEMENTARY QUINTILE-WEIGHT SENSITIVITY — NOT PART OF CONFIRMATORY YAX v1.1,1430,0.550736761188,25815687.334100004,14581459.186900001,5,5,False
POST-OUTCOME SUPPLEMENTARY QUINTILE-WEIGHT SENSITIVITY — NOT PART OF CONFIRMATORY YAX v1.1,1440,0.421052631579,1517351.7397999999,832686.4484999999,3,3,False
POST-OUTCOME SUPPLEMENTARY QUINTILE-WEIGHT SENSITIVITY — NOT PART OF CONFIRMATORY YAX v1.1,1450,0.487804878049,4925663.4491,2735528.8233000003,4,4,False
POST-OUTCOME SUPPLEMENTARY QUINTILE-WEIGHT SENSITIVITY — NOT PART OF CONFIRMATORY YAX v1.1,1460,0.531293509652,38835216.0955,22551730.3157,4,4,False
POST-OUTCOME SUPPLEMENTARY QUINTILE-WEIGHT SENSITIVITY — NOT PART OF CONFIRMATORY YAX v1.1,1520,0.527777777778,2644448.7005,1632446.1838,4,4,False
POST-OUTCOME SUPPLEMENTARY QUINTILE-WEIGHT SENSITIVITY — NOT PART OF CONFIRMATORY YAX v1.1,1530,0.522649620028,65320035.782800004,38032794.711100005,4,4,False
POST-OUTCOME SUPPLEMENTARY QUINTILE-WEIGHT SENSITIVITY — NOT PART OF CONFIRMATORY YAX v1.1,1541,0.54,3950892.12560198,2481280.69010198,5,5,False
POST-OUTCOME SUPPLEMENTARY QUINTILE-WEIGHT SENSITIVITY — NOT PART OF CONFIRMATORY YAX v1.1,1551,0.405660377358,9581727.23296832,6278800.028368319,3,3,False
POST-OUTCOME SUPPLEMENTARY QUINTILE-WEIGHT SENSITIVITY — NOT PART OF CONFIRMATORY YAX v1.1,1560,0.5,6021298.2161,3797060.4297000007,4,4,False
POST-OUTCOME SUPPLEMENTARY QUINTILE-WEIGHT SENSITIVITY — NOT PART OF CONFIRMATORY YAX v1.1,1600,0.432279913773,3036192.3712999998,1934923.1474,3,3,False
POST-OUTCOME SUPPLEMENTARY QUINTILE-WEIGHT SENSITIVITY — NOT PART OF CONFIRMATORY YAX v1.1,1610,0.482459683043,10644590.545,6220881.164600001,4,4,False
POST-OUTCOME SUPPLEMENTARY QUINTILE-WEIGHT SENSITIVITY — NOT PART OF CONFIRMATORY YAX v1.1,1640,0.418160341804,2511741.4436999997,1463915.7222,3,3,False
POST-OUTCOME SUPPLEMENTARY QUINTILE-WEIGHT SENSITIVITY — NOT PART OF CONFIRMATORY YAX v1.1,1650,0.517091770561,15021247.8293,9747749.332300002,4,4,False
POST-OUTCOME SUPPLEMENTARY QUINTILE-WEIGHT SENSITIVITY — NOT PART OF CONFIRMATORY YAX v1.1,1700,0.722522779043,2022142.8628,1201084.2184,5,5,False
POST-OUTCOME SUPPLEMENTARY QUINTILE-WEIGHT SENSITIVITY — NOT PART OF CONFIRMATORY YAX v1.1,1710,0.565217391304,1168553.7367,680724.0510999999,5,5,False
POST-OUTCOME SUPPLEMENTARY QUINTILE-WEIGHT SENSITIVITY — NOT PART OF CONFIRMATORY YAX v1.1,1720,0.387875531818,9803292.955599999,5944252.0302,3,3,False
POST-OUTCOME SUPPLEMENTARY QUINTILE-WEIGHT SENSITIVITY — NOT PART OF CONFIRMATORY YAX v1.1,1745,0.521716295214,4757849.96898312,2502955.0751831206,4,4,False
POST-OUTCOME SUPPLEMENTARY QUINTILE-WEIGHT SENSITIVITY — NOT PART OF CONFIRMATORY YAX v1.1,1750,0.508254748416,4598532.00361688,3194136.7220168803,4,4,False
POST-OUTCOME SUPPLEMENTARY QUINTILE-WEIGHT SENSITIVITY — NOT PART OF CONFIRMATORY YAX v1.1,1760,0.45652173913,38703306.8778,22053772.781400003,3,3,False
POST-OUTCOME SUPPLEMENTARY QUINTILE-WEIGHT SENSITIVITY — NOT PART OF CONFIRMATORY YAX v1.1,1800,0.552631578947,2921246.5148,1787371.0862,5,5,False
POST-OUTCOME SUPPLEMENTARY QUINTILE-WEIGHT SENSITIVITY — NOT PART OF CONFIRMATORY YAX v1.1,1821,0.37037037037,1986389.6862170696,1354780.94561707,3,3,False
POST-OUTCOME SUPPLEMENTARY QUINTILE-WEIGHT SENSITIVITY — NOT PART OF CONFIRMATORY YAX v1.1,1822,0.391891891892,4846910.66326573,2723827.15946573,3,3,False
POST-OUTCOME SUPPLEMENTARY QUINTILE-WEIGHT SENSITIVITY — NOT PART OF CONFIRMATORY YAX v1.1,1825,0.389352914534,12905119.7490172,7813070.9999172,3,3,False
POST-OUTCOME SUPPLEMENTARY QUINTILE-WEIGHT SENSITIVITY — NOT PART OF CONFIRMATORY YAX v1.1,1840,0.477272727273,3642562.918499999,2044144.7583,4,4,False
POST-OUTCOME SUPPLEMENTARY QUINTILE-WEIGHT SENSITIVITY — NOT PART OF CONFIRMATORY YAX v1.1,1860,0.503977867965,5239147.0459,3157593.8854,4,4,False
POST-OUTCOME SUPPLEMENTARY QUINTILE-WEIGHT SENSITIVITY — NOT PART OF CONFIRMATORY YAX v1.1,1900,0.385559604472,3850678.1928,2034216.9496999998,3,3,False
POST-OUTCOME SUPPLEMENTARY QUINTILE-WEIGHT SENSITIVITY — NOT PART OF CONFIRMATORY YAX v1.1,1910,0.416666666667,2352643.5749000004,1264731.7859000002,3,3,False
POST-OUTCOME SUPPLEMENTARY QUINTILE-WEIGHT SENSITIVITY — NOT PART OF CONFIRMATORY YAX v1.1,1920,0.392857142857,6218448.614799999,3632004.3521000003,3,3,False
POST-OUTCOME SUPPLEMENTARY QUINTILE-WEIGHT SENSITIVITY — NOT PART OF CONFIRMATORY YAX v1.1,1970,0.443199800096,25477480.78704693,12536964.94904693,3,3,False
POST-OUTCOME SUPPLEMENTARY QUINTILE-WEIGHT SENSITIVITY — NOT PART OF CONFIRMATORY YAX v1.1,1980,0.343945988498,7257526.54102532,4371749.781325321,3,3,False
POST-OUTCOME SUPPLEMENTARY QUINTILE-WEIGHT SENSITIVITY — NOT PART OF CONFIRMATORY YAX v1.1,2001,0.2,12014960.341329,6340377.764728999,2,2,False
POST-OUTCOME SUPPLEMENTARY QUINTILE-WEIGHT SENSITIVITY — NOT PART OF CONFIRMATORY YAX v1.1,2002,0.289473684211,37755221.382116765,23344125.52301675,2,2,False
POST-OUTCOME SUPPLEMENTARY QUINTILE-WEIGHT SENSITIVITY — NOT PART OF CONFIRMATORY YAX v1.1,2003,0.111111111111,3774914.0073693004,2428383.4482692997,1,1,False
POST-OUTCOME SUPPLEMENTARY QUINTILE-WEIGHT SENSITIVITY — NOT PART OF CONFIRMATORY YAX v1.1,2004,0.254901960784,17361462.97513285,8764199.66333285,2,2,False
POST-OUTCOME SUPPLEMENTARY QUINTILE-WEIGHT SENSITIVITY — NOT PART OF CONFIRMATORY YAX v1.1,2005,0.354838709677,2315758.5551624,1703088.3249624,3,3,False
POST-OUTCOME SUPPLEMENTARY QUINTILE-WEIGHT SENSITIVITY — NOT PART OF CONFIRMATORY YAX v1.1,2011,0.242857142857,9083543.658023462,5972079.960723461,2,2,False
POST-OUTCOME SUPPLEMENTARY QUINTILE-WEIGHT SENSITIVITY — NOT PART OF CONFIRMATORY YAX v1.1,2012,0.34375,9311173.45211329,5838666.83961329,3,3,False
POST-OUTCOME SUPPLEMENTARY QUINTILE-WEIGHT SENSITIVITY — NOT PART OF CONFIRMATORY YAX v1.1,2013,0.270833333333,2782328.32975292,1802122.3763529202,2,2,False
POST-OUTCOME SUPPLEMENTARY QUINTILE-WEIGHT SENSITIVITY — NOT PART OF CONFIRMATORY YAX v1.1,2015,0.394736842105,9015925.8345,6116364.2486,3,3,False
POST-OUTCOME SUPPLEMENTARY QUINTILE-WEIGHT SENSITIVITY — NOT PART OF CONFIRMATORY YAX v1.1,2016,0.392857142857,22244468.4702,13320471.161,3,3,False
POST-OUTCOME SUPPLEMENTARY QUINTILE-WEIGHT SENSITIVITY — NOT PART OF CONFIRMATORY YAX v1.1,2040,0.333333333333,36498125.4148,22729175.6724,3,3,False
POST-OUTCOME SUPPLEMENTARY QUINTILE-WEIGHT SENSITIVITY — NOT PART OF CONFIRMATORY YAX v1.1,2050,0.439393939394,6861000.7501,4130857.8252000003,3,3,False
POST-OUTCOME SUPPLEMENTARY QUINTILE-WEIGHT SENSITIVITY — NOT PART OF CONFIRMATORY YAX v1.1,2100,0.425,115976127.9793,71179278.5567,3,3,False
POST-OUTCOME SUPPLEMENTARY QUINTILE-WEIGHT SENSITIVITY — NOT PART OF CONFIRMATORY YAX v1.1,2105,0.51724137931,1706941.9707000002,1033913.2479000001,4,4,False
POST-OUTCOME SUPPLEMENTARY QUINTILE-WEIGHT SENSITIVITY — NOT PART OF CONFIRMATORY YAX v1.1,2145,0.525,44390500.05459999,26679494.870800003,4,4,False
POST-OUTCOME SUPPLEMENTARY QUINTILE-WEIGHT SENSITIVITY — NOT PART OF CONFIRMATORY YAX v1.1,2170,0.571428571429,9657175.97804208,6112685.33254208,5,5,False
POST-OUTCOME SUPPLEMENTARY QUINTILE-WEIGHT SENSITIVITY — NOT PART OF CONFIRMATORY YAX v1.1,2300,0.22859311977,63386703.8802,38835517.114099994,2,2,False
POST-OUTCOME SUPPLEMENTARY QUINTILE-WEIGHT SENSITIVITY — NOT PART OF CONFIRMATORY YAX v1.1,2310,0.322218482511,352375505.67820007,212520573.0097,2,2,False
POST-OUTCOME SUPPLEMENTARY QUINTILE-WEIGHT SENSITIVITY — NOT PART OF CONFIRMATORY YAX v1.1,2320,0.333333333333,97805013.1318,63288645.3219,3,3,False
POST-OUTCOME SUPPLEMENTARY QUINTILE-WEIGHT SENSITIVITY — NOT PART OF CONFIRMATORY YAX v1.1,2330,0.308023920524,36486901.833900005,22895713.2756,2,2,False
POST-OUTCOME SUPPLEMENTARY QUINTILE-WEIGHT SENSITIVITY — NOT PART OF CONFIRMATORY YAX v1.1,2350,0.542857142857,14396595.688851798,10398302.359951802,5,5,False
POST-OUTCOME SUPPLEMENTARY QUINTILE-WEIGHT SENSITIVITY — NOT PART OF CONFIRMATORY YAX v1.1,2400,0.397395570035,5888564.773600001,3142875.4428999997,3,3,False
POST-OUTCOME SUPPLEMENTARY QUINTILE-WEIGHT SENSITIVITY — NOT PART OF CONFIRMATORY YAX v1.1,2440,0.567307692308,2643117.3089,1714159.9769000001,5,5,False
POST-OUTCOME SUPPLEMENTARY QUINTILE-WEIGHT SENSITIVITY — NOT PART OF CONFIRMATORY YAX v1.1,2631,0.465517241379,1750436.0335694707,1071862.0588694706,4,4,False
POST-OUTCOME SUPPLEMENTARY QUINTILE-WEIGHT SENSITIVITY — NOT PART OF CONFIRMATORY YAX v1.1,2632,0.390625,3399369.3626386453,1869768.1986386443,3,3,False
POST-OUTCOME SUPPLEMENTARY QUINTILE-WEIGHT SENSITIVITY — NOT PART OF CONFIRMATORY YAX v1.1,2633,0.2,5805937.379742183,4039944.4204421816,2,2,False
POST-OUTCOME SUPPLEMENTARY QUINTILE-WEIGHT SENSITIVITY — NOT PART OF CONFIRMATORY YAX v1.1,2634,0.5,31086341.3573062,19268413.88580619,4,4,False
POST-OUTCOME SUPPLEMENTARY QUINTILE-WEIGHT SENSITIVITY — NOT PART OF CONFIRMATORY YAX v1.1,2635,0.5,11256977.55884928,6922331.60644928,4,4,False
POST-OUTCOME SUPPLEMENTARY QUINTILE-WEIGHT SENSITIVITY — NOT PART OF CONFIRMATORY YAX v1.1,2636,0.30487804878,2346788.600143905,1177089.8490439053,2,2,False
POST-OUTCOME SUPPLEMENTARY QUINTILE-WEIGHT SENSITIVITY — NOT PART OF CONFIRMATORY YAX v1.1,2700,0.1875,3970492.1782000004,2242906.4697000007,2,2,False
POST-OUTCOME SUPPLEMENTARY QUINTILE-WEIGHT SENSITIVITY — NOT PART OF CONFIRMATORY YAX v1.1,2710,0.46958537916,19180570.944399998,11465113.332600001,4,4,False
POST-OUTCOME SUPPLEMENTARY QUINTILE-WEIGHT SENSITIVITY — NOT PART OF CONFIRMATORY YAX v1.1,2721,0.0,3110559.7900124006,1701246.0310124,1,1,False
POST-OUTCOME SUPPLEMENTARY QUINTILE-WEIGHT SENSITIVITY — NOT PART OF CONFIRMATORY YAX v1.1,2722,0.3,22168218.806512758,12061080.37801276,2,2,False
POST-OUTCOME SUPPLEMENTARY QUINTILE-WEIGHT SENSITIVITY — NOT PART OF CONFIRMATORY YAX v1.1,2723,0.3125,2069554.55267484,1677098.9257748397,2,2,False
POST-OUTCOME SUPPLEMENTARY QUINTILE-WEIGHT SENSITIVITY — NOT PART OF CONFIRMATORY YAX v1.1,2740,0.148368409864,1528476.8542,898050.9807000001,1,1,False
POST-OUTCOME SUPPLEMENTARY QUINTILE-WEIGHT SENSITIVITY — NOT PART OF CONFIRMATORY YAX v1.1,2751,0.710526315789,4332255.77170192,2554206.4667019197,5,5,False
POST-OUTCOME SUPPLEMENTARY QUINTILE-WEIGHT SENSITIVITY — NOT PART OF CONFIRMATORY YAX v1.1,2752,0.408163265306,12777976.91239808,7485319.0921980785,3,3,False
POST-OUTCOME SUPPLEMENTARY QUINTILE-WEIGHT SENSITIVITY — NOT PART OF CONFIRMATORY YAX v1.1,2755,0.526315789474,1408971.61256804,603168.84776804,4,4,False
POST-OUTCOME SUPPLEMENTARY QUINTILE-WEIGHT SENSITIVITY — NOT PART OF CONFIRMATORY YAX v1.1,2805,0.65,2782845.53450915,2031216.7334091498,5,5,False
POST-OUTCOME SUPPLEMENTARY QUINTILE-WEIGHT SENSITIVITY — NOT PART OF CONFIRMATORY YAX v1.1,2810,0.65,7765463.031100001,4993127.428599999,5,5,False
POST-OUTCOME SUPPLEMENTARY QUINTILE-WEIGHT SENSITIVITY — NOT PART OF CONFIRMATORY YAX v1.1,2825,0.590909090909,13210104.538299998,8016131.8447,5,5,False
POST-OUTCOME SUPPLEMENTARY QUINTILE-WEIGHT SENSITIVITY — NOT PART OF CONFIRMATORY YAX v1.1,2830,0.647058823529,12172124.2502,7756044.4048,5,5,False
POST-OUTCOME SUPPLEMENTARY QUINTILE-WEIGHT SENSITIVITY — NOT PART OF CONFIRMATORY YAX v1.1,2840,0.7,6364895.9709,4098599.958,5,5,False
POST-OUTCOME SUPPLEMENTARY QUINTILE-WEIGHT SENSITIVITY — NOT PART OF CONFIRMATORY YAX v1.1,2850,0.877136752137,22745590.7624,13943466.9703,5,5,False
POST-OUTCOME SUPPLEMENTARY QUINTILE-WEIGHT SENSITIVITY — NOT PART OF CONFIRMATORY YAX v1.1,2861,0.88,9336842.184060289,5714244.79296029,5,5,False
POST-OUTCOME SUPPLEMENTARY QUINTILE-WEIGHT SENSITIVITY — NOT PART OF CONFIRMATORY YAX v1.1,2862,0.958333333333,2825072.5478940797,1953015.8485940797,5,5,False
POST-OUTCOME SUPPLEMENTARY QUINTILE-WEIGHT SENSITIVITY — NOT PART OF CONFIRMATORY YAX v1.1,2910,0.385416666667,19933908.238100003,11797028.062199999,3,3,False
POST-OUTCOME SUPPLEMENTARY QUINTILE-WEIGHT SENSITIVITY — NOT PART OF CONFIRMATORY YAX v1.1,2920,0.484314789376,10459357.4858,5292354.5238,4,4,False
POST-OUTCOME SUPPLEMENTARY QUINTILE-WEIGHT SENSITIVITY — NOT PART OF CONFIRMATORY YAX v1.1,3000,0.454545454545,5573872.799299999,3432040.208,3,3,False
POST-OUTCOME SUPPLEMENTARY QUINTILE-WEIGHT SENSITIVITY — NOT PART OF CONFIRMATORY YAX v1.1,3030,0.548780487805,12300577.713999998,7212391.7395,5,5,False
POST-OUTCOME SUPPLEMENTARY QUINTILE-WEIGHT SENSITIVITY — NOT PART OF CONFIRMATORY YAX v1.1,3040,0.3,4245136.1147,2632185.0241,2,2,False
POST-OUTCOME SUPPLEMENTARY QUINTILE-WEIGHT SENSITIVITY — NOT PART OF CONFIRMATORY YAX v1.1,3050,0.428571428571,35185848.4153,21731666.7251,3,3,False
POST-OUTCOME SUPPLEMENTARY QUINTILE-WEIGHT SENSITIVITY — NOT PART OF CONFIRMATORY YAX v1.1,3065,0.441176470588,621503.1549798899,621503.1549798899,3,3,False
POST-OUTCOME SUPPLEMENTARY QUINTILE-WEIGHT SENSITIVITY — NOT PART OF CONFIRMATORY YAX v1.1,3070,0.488888888889,800470.03206834,800470.03206834,4,4,False
POST-OUTCOME SUPPLEMENTARY QUINTILE-WEIGHT SENSITIVITY — NOT PART OF CONFIRMATORY YAX v1.1,3110,0.270833333333,15948698.407499999,8998775.531700002,2,2,False
POST-OUTCOME SUPPLEMENTARY QUINTILE-WEIGHT SENSITIVITY — NOT PART OF CONFIRMATORY YAX v1.1,3140,0.454545454545,1766265.0133,928386.2109999999,3,3,False
POST-OUTCOME SUPPLEMENTARY QUINTILE-WEIGHT SENSITIVITY — NOT PART OF CONFIRMATORY YAX v1.1,3150,0.289015151515,14406007.3173,8223794.782899999,2,2,False
POST-OUTCOME SUPPLEMENTARY QUINTILE-WEIGHT SENSITIVITY — NOT PART OF CONFIRMATORY YAX v1.1,3160,0.191489361702,31258937.666699998,17804914.1386,2,2,False
POST-OUTCOME SUPPLEMENTARY QUINTILE-WEIGHT SENSITIVITY — NOT PART OF CONFIRMATORY YAX v1.1,3200,0.280487804878,1336101.9675,867657.8169999999,2,2,False
POST-OUTCOME SUPPLEMENTARY QUINTILE-WEIGHT SENSITIVITY — NOT PART OF CONFIRMATORY YAX v1.1,3210,0.318181818182,1453245.4704,875345.9548,2,2,False
POST-OUTCOME SUPPLEMENTARY QUINTILE-WEIGHT SENSITIVITY — NOT PART OF CONFIRMATORY YAX v1.1,3220,0.202380952381,10650683.653900001,7010812.651899999,2,2,False
POST-OUTCOME SUPPLEMENTARY QUINTILE-WEIGHT SENSITIVITY — NOT PART OF CONFIRMATORY YAX v1.1,3230,0.451219512195,19110404.8168,10887823.950299999,3,3,False
POST-OUTCOME SUPPLEMENTARY QUINTILE-WEIGHT SENSITIVITY — NOT PART OF CONFIRMATORY YAX v1.1,3245,0.365602836879,27829243.557800002,14714634.185399998,3,3,False
POST-OUTCOME SUPPLEMENTARY QUINTILE-WEIGHT SENSITIVITY — NOT PART OF CONFIRMATORY YAX v1.1,3250,0.27027027027,9223157.647900002,5595336.580399999,2,2,False
POST-OUTCOME SUPPLEMENTARY QUINTILE-WEIGHT SENSITIVITY — NOT PART OF CONFIRMATORY YAX v1.1,3255,0.380190007037,345289598.2755,205349732.25000003,3,3,False
POST-OUTCOME SUPPLEMENTARY QUINTILE-WEIGHT SENSITIVITY — NOT PART OF CONFIRMATORY YAX v1.1,3258,0.481481481481,27230898.947600003,14650230.4784,4,4,False
POST-OUTCOME SUPPLEMENTARY QUINTILE-WEIGHT SENSITIVITY — NOT PART OF CONFIRMATORY YAX v1.1,3261,0.166666666667,2104631.7117125,1351447.8643125002,2,2,False
POST-OUTCOME SUPPLEMENTARY QUINTILE-WEIGHT SENSITIVITY — NOT PART OF CONFIRMATORY YAX v1.1,3270,0.496394230769,1301139.4795874998,761875.1080875,4,4,False
POST-OUTCOME SUPPLEMENTARY QUINTILE-WEIGHT SENSITIVITY — NOT PART OF CONFIRMATORY YAX v1.1,3300,0.254297259852,33022722.9229,20725511.7583,2,2,False
POST-OUTCOME SUPPLEMENTARY QUINTILE-WEIGHT SENSITIVITY — NOT PART OF CONFIRMATORY YAX v1.1,3310,0.1875,20258517.324400004,12232181.012899999,2,2,False
POST-OUTCOME SUPPLEMENTARY QUINTILE-WEIGHT SENSITIVITY — NOT PART OF CONFIRMATORY YAX v1.1,3321,0.357142857143,4771818.762860759,2501857.5893607587,3,3,False
POST-OUTCOME SUPPLEMENTARY QUINTILE-WEIGHT SENSITIVITY — NOT PART OF CONFIRMATORY YAX v1.1,3322,0.302631578947,9901756.685240556,5281446.159840556,2,2,False
POST-OUTCOME SUPPLEMENTARY QUINTILE-WEIGHT SENSITIVITY — NOT PART OF CONFIRMATORY YAX v1.1,3323,0.377192982456,24306064.042260237,13961682.156760236,3,3,False
POST-OUTCOME SUPPLEMENTARY QUINTILE-WEIGHT SENSITIVITY — NOT PART OF CONFIRMATORY YAX v1.1,3324,0.322222222222,4836634.15155789,2596869.15195789,2,2,False
POST-OUTCOME SUPPLEMENTARY QUINTILE-WEIGHT SENSITIVITY — NOT PART OF CONFIRMATORY YAX v1.1,3330,0.351755380051,3293112.062778285,1608359.1900782853,3,3,False
POST-OUTCOME SUPPLEMENTARY QUINTILE-WEIGHT SENSITIVITY — NOT PART OF CONFIRMATORY YAX v1.1,3401,0.208333333333,13044919.618424898,7502148.972924898,2,2,False
POST-OUTCOME SUPPLEMENTARY QUINTILE-WEIGHT SENSITIVITY — NOT PART OF CONFIRMATORY YAX v1.1,3402,0.153846153846,10277727.126575101,5980596.351475099,1,1,False
POST-OUTCOME SUPPLEMENTARY QUINTILE-WEIGHT SENSITIVITY — NOT PART OF CONFIRMATORY YAX v1.1,3421,0.426470588235,35334440.43467765,21828545.17067766,3,3,False
POST-OUTCOME SUPPLEMENTARY QUINTILE-WEIGHT SENSITIVITY — NOT PART OF CONFIRMATORY YAX v1.1,3422,0.12,8599326.71619727,3331912.279497271,1,1,False
POST-OUTCOME SUPPLEMENTARY QUINTILE-WEIGHT SENSITIVITY — NOT PART OF CONFIRMATORY YAX v1.1,3423,0.0666666666667,10593739.284380535,6329474.001480535,1,1,False
POST-OUTCOME SUPPLEMENTARY QUINTILE-WEIGHT SENSITIVITY — NOT PART OF CONFIRMATORY YAX v1.1,3424,0.16393442623,12999681.675706852,7571810.019806851,2,2,False
POST-OUTCOME SUPPLEMENTARY QUINTILE-WEIGHT SENSITIVITY — NOT PART OF CONFIRMATORY YAX v1.1,3430,0.304705146603,4364605.591385154,2142169.004085154,2,2,False
POST-OUTCOME SUPPLEMENTARY QUINTILE-WEIGHT SENSITIVITY — NOT PART OF CONFIRMATORY YAX v1.1,3500,0.25,58953827.0837,37079047.7569,2,2,False
POST-OUTCOME SUPPLEMENTARY QUINTILE-WEIGHT SENSITIVITY — NOT PART OF CONFIRMATORY YAX v1.1,3515,0.617647058824,18549329.980953004,10934627.189452998,5,5,False
POST-OUTCOME SUPPLEMENTARY QUINTILE-WEIGHT SENSITIVITY — NOT PART OF CONFIRMATORY YAX v1.1,3520,0.285714285714,4787206.8434999995,2849513.6201,2,2,False
POST-OUTCOME SUPPLEMENTARY QUINTILE-WEIGHT SENSITIVITY — NOT PART OF CONFIRMATORY YAX v1.1,3601,0.0769230769231,53926562.3460587,29111485.0700587,1,1,False
POST-OUTCOME SUPPLEMENTARY QUINTILE-WEIGHT SENSITIVITY — NOT PART OF CONFIRMATORY YAX v1.1,3602,0.222222222222,136914965.6572,77417591.67060001,2,2,False
POST-OUTCOME SUPPLEMENTARY QUINTILE-WEIGHT SENSITIVITY — NOT PART OF CONFIRMATORY YAX v1.1,3603,0.101694915254,128183213.34725654,80586738.38485654,1,1,False
POST-OUTCOME SUPPLEMENTARY QUINTILE-WEIGHT SENSITIVITY — NOT PART OF CONFIRMATORY YAX v1.1,3605,0.0990644367741,5646881.1909847595,3283903.95868476,1,1,False
POST-OUTCOME SUPPLEMENTARY QUINTILE-WEIGHT SENSITIVITY — NOT PART OF CONFIRMATORY YAX v1.1,3610,0.265457675824,3346660.5036,2081862.4894000003,2,2,False
POST-OUTCOME SUPPLEMENTARY QUINTILE-WEIGHT SENSITIVITY — NOT PART OF CONFIRMATORY YAX v1.1,3620,0.162561583951,9183252.474700002,5049927.106999999,1,2,True
POST-OUTCOME SUPPLEMENTARY QUINTILE-WEIGHT SENSITIVITY — NOT PART OF CONFIRMATORY YAX v1.1,3630,0.0740740740741,16363782.897400003,9936317.1141,1,1,False
POST-OUTCOME SUPPLEMENTARY QUINTILE-WEIGHT SENSITIVITY — NOT PART OF CONFIRMATORY YAX v1.1,3640,0.266666666667,29201135.9606,18243211.977799997,2,2,False
POST-OUTCOME SUPPLEMENTARY QUINTILE-WEIGHT SENSITIVITY — NOT PART OF CONFIRMATORY YAX v1.1,3645,0.358974358974,58867724.158199996,34413607.5512,3,3,False
POST-OUTCOME SUPPLEMENTARY QUINTILE-WEIGHT SENSITIVITY — NOT PART OF CONFIRMATORY YAX v1.1,3646,0.875,3920540.8137999997,2390033.2000999996,5,5,False
POST-OUTCOME SUPPLEMENTARY QUINTILE-WEIGHT SENSITIVITY — NOT PART OF CONFIRMATORY YAX v1.1,3647,0.38,3664334.309699999,2391195.7854000004,3,3,False
POST-OUTCOME SUPPLEMENTARY QUINTILE-WEIGHT SENSITIVITY — NOT PART OF CONFIRMATORY YAX v1.1,3648,0.222222222222,5713958.7185,3199169.8214999996,2,2,False
POST-OUTCOME SUPPLEMENTARY QUINTILE-WEIGHT SENSITIVITY — NOT PART OF CONFIRMATORY YAX v1.1,3649,0.182926829268,11679084.050099999,6765597.523599999,2,2,False
POST-OUTCOME SUPPLEMENTARY QUINTILE-WEIGHT SENSITIVITY — NOT PART OF CONFIRMATORY YAX v1.1,3655,0.32487995025,19109071.259999998,10922818.3883,2,3,True
POST-OUTCOME SUPPLEMENTARY QUINTILE-WEIGHT SENSITIVITY — NOT PART OF CONFIRMATORY YAX v1.1,3700,0.282608695652,4962334.1998,2984622.0376999998,2,2,False
POST-OUTCOME SUPPLEMENTARY QUINTILE-WEIGHT SENSITIVITY — NOT PART OF CONFIRMATORY YAX v1.1,3710,0.328947368421,10036658.909100002,5921070.7494,2,3,True
POST-OUTCOME SUPPLEMENTARY QUINTILE-WEIGHT SENSITIVITY — NOT PART OF CONFIRMATORY YAX v1.1,3720,0.415094339623,5193626.4661,2954972.3345999997,3,3,False
POST-OUTCOME SUPPLEMENTARY QUINTILE-WEIGHT SENSITIVITY — NOT PART OF CONFIRMATORY YAX v1.1,3740,0.140350877193,32308670.462500002,19765857.083499998,1,1,False
POST-OUTCOME SUPPLEMENTARY QUINTILE-WEIGHT SENSITIVITY — NOT PART OF CONFIRMATORY YAX v1.1,3750,0.277344614942,2592303.4361,1681837.1385000001,2,2,False
POST-OUTCOME SUPPLEMENTARY QUINTILE-WEIGHT SENSITIVITY — NOT PART OF CONFIRMATORY YAX v1.1,3801,0.0357142857143,2240944.5350507,1538743.9060507,1,1,False
POST-OUTCOME SUPPLEMENTARY QUINTILE-WEIGHT SENSITIVITY — NOT PART OF CONFIRMATORY YAX v1.1,3802,0.261363636364,32824670.962349303,21049827.197049297,2,2,False
POST-OUTCOME SUPPLEMENTARY QUINTILE-WEIGHT SENSITIVITY — NOT PART OF CONFIRMATORY YAX v1.1,3820,0.397410759175,15800225.378899999,9580736.5663,3,3,False
POST-OUTCOME SUPPLEMENTARY QUINTILE-WEIGHT SENSITIVITY — NOT PART OF CONFIRMATORY YAX v1.1,3840,0.320512820513,1475025.4367,802727.9901999999,2,2,False
POST-OUTCOME SUPPLEMENTARY QUINTILE-WEIGHT SENSITIVITY — NOT PART OF CONFIRMATORY YAX v1.1,3870,0.35064744166,75506887.18879999,47176186.47289999,3,3,False
POST-OUTCOME SUPPLEMENTARY QUINTILE-WEIGHT SENSITIVITY — NOT PART OF CONFIRMATORY YAX v1.1,3900,0.35,948390.1529,685638.8128999999,3,3,False
POST-OUTCOME SUPPLEMENTARY QUINTILE-WEIGHT SENSITIVITY — NOT PART OF CONFIRMATORY YAX v1.1,3910,0.388888888889,11381610.5933,5936926.424500001,3,3,False
POST-OUTCOME SUPPLEMENTARY QUINTILE-WEIGHT SENSITIVITY — NOT PART OF CONFIRMATORY YAX v1.1,3930,0.169000889377,82838962.94070002,50099447.963700004,2,2,False
POST-OUTCOME SUPPLEMENTARY QUINTILE-WEIGHT SENSITIVITY — NOT PART OF CONFIRMATORY YAX v1.1,3940,0.105263157895,3835250.4263999998,2483178.1042000004,1,1,False
POST-OUTCOME SUPPLEMENTARY QUINTILE-WEIGHT SENSITIVITY — NOT PART OF CONFIRMATORY YAX v1.1,3945,0.26,4413954.0007,2653848.4043,2,2,False
POST-OUTCOME SUPPLEMENTARY QUINTILE-WEIGHT SENSITIVITY — NOT PART OF CONFIRMATORY YAX v1.1,3946,0.166666666667,1828858.7070248,791731.0849248001,2,2,False
POST-OUTCOME SUPPLEMENTARY QUINTILE-WEIGHT SENSITIVITY — NOT PART OF CONFIRMATORY YAX v1.1,3960,0.193332020647,4396770.4773752,2273902.2564751995,2,2,False
POST-OUTCOME SUPPLEMENTARY QUINTILE-WEIGHT SENSITIVITY — NOT PART OF CONFIRMATORY YAX v1.1,4000,0.261904761905,46075472.827999994,26700217.5009,2,2,False
POST-OUTCOME SUPPLEMENTARY QUINTILE-WEIGHT SENSITIVITY — NOT PART OF CONFIRMATORY YAX v1.1,4010,0.511111111111,46940051.0389,28871933.162600003,4,4,False
POST-OUTCOME SUPPLEMENTARY QUINTILE-WEIGHT SENSITIVITY — NOT PART OF CONFIRMATORY YAX v1.1,4030,0.037037037037,66576580.9251,40707005.26890001,1,1,False
POST-OUTCOME SUPPLEMENTARY QUINTILE-WEIGHT SENSITIVITY — NOT PART OF CONFIRMATORY YAX v1.1,4040,0.194444444444,41044734.357700005,24772604.568699997,2,2,False
POST-OUTCOME SUPPLEMENTARY QUINTILE-WEIGHT SENSITIVITY — NOT PART OF CONFIRMATORY YAX v1.1,4055,0.0970394736842,35678723.6057,17939703.9226,1,1,False
POST-OUTCOME SUPPLEMENTARY QUINTILE-WEIGHT SENSITIVITY — NOT PART OF CONFIRMATORY YAX v1.1,4110,0.183673469388,127667839.8756,78735581.969,2,2,False
POST-OUTCOME SUPPLEMENTARY QUINTILE-WEIGHT SENSITIVITY — NOT PART OF CONFIRMATORY YAX v1.1,4120,0.12962962963,14666952.1296,8575045.4439,1,1,False
POST-OUTCOME SUPPLEMENTARY QUINTILE-WEIGHT SENSITIVITY — NOT PART OF CONFIRMATORY YAX v1.1,4130,0.0,18078127.886500005,11151711.150799999,1,1,False
POST-OUTCOME SUPPLEMENTARY QUINTILE-WEIGHT SENSITIVITY — NOT PART OF CONFIRMATORY YAX v1.1,4140,0.0,17470025.354799997,10388757.4778,1,1,False
POST-OUTCOME SUPPLEMENTARY QUINTILE-WEIGHT SENSITIVITY — NOT PART OF CONFIRMATORY YAX v1.1,4150,0.228571428571,11021712.369699998,6665293.961899999,2,2,False
POST-OUTCOME SUPPLEMENTARY QUINTILE-WEIGHT SENSITIVITY — NOT PART OF CONFIRMATORY YAX v1.1,4200,0.265306122449,33933577.4643,20455210.189600002,2,2,False
POST-OUTCOME SUPPLEMENTARY QUINTILE-WEIGHT SENSITIVITY — NOT PART OF CONFIRMATORY YAX v1.1,4210,0.354545454545,27003127.672000006,16023758.202700002,3,3,False
POST-OUTCOME SUPPLEMENTARY QUINTILE-WEIGHT SENSITIVITY — NOT PART OF CONFIRMATORY YAX v1.1,4230,0.0,135885852.44079998,83718449.614,1,1,False
POST-OUTCOME SUPPLEMENTARY QUINTILE-WEIGHT SENSITIVITY — NOT PART OF CONFIRMATORY YAX v1.1,4240,0.25,10027727.575499998,6267196.073099999,2,2,False
POST-OUTCOME SUPPLEMENTARY QUINTILE-WEIGHT SENSITIVITY — NOT PART OF CONFIRMATORY YAX v1.1,4251,0.0243902439024,104494046.30693966,64865265.09333965,1,1,False
POST-OUTCOME SUPPLEMENTARY QUINTILE-WEIGHT SENSITIVITY — NOT PART OF CONFIRMATORY YAX v1.1,4252,0.0609756097561,9205794.550122188,5481707.002622188,1,1,False
POST-OUTCOME SUPPLEMENTARY QUINTILE-WEIGHT SENSITIVITY — NOT PART OF CONFIRMATORY YAX v1.1,4330,0.399572976219,20100473.28819214,13754865.81669214,3,3,False
POST-OUTCOME SUPPLEMENTARY QUINTILE-WEIGHT SENSITIVITY — NOT PART OF CONFIRMATORY YAX v1.1,4340,0.103448275862,5633051.1576000005,3292992.2356,1,1,False
POST-OUTCOME SUPPLEMENTARY QUINTILE-WEIGHT SENSITIVITY — NOT PART OF CONFIRMATORY YAX v1.1,4350,0.272727272727,25720693.361700002,14177197.7315,2,2,False
POST-OUTCOME SUPPLEMENTARY QUINTILE-WEIGHT SENSITIVITY — NOT PART OF CONFIRMATORY YAX v1.1,4420,0.142857142857,1949762.1051999999,999315.8944999999,1,1,False
POST-OUTCOME SUPPLEMENTARY QUINTILE-WEIGHT SENSITIVITY — NOT PART OF CONFIRMATORY YAX v1.1,4461,0.158684521841,1428906.9909485998,908639.9139486001,1,2,True
POST-OUTCOME SUPPLEMENTARY QUINTILE-WEIGHT SENSITIVITY — NOT PART OF CONFIRMATORY YAX v1.1,4465,0.162790697674,2998527.6498000002,1700339.7178,2,2,False
POST-OUTCOME SUPPLEMENTARY QUINTILE-WEIGHT SENSITIVITY — NOT PART OF CONFIRMATORY YAX v1.1,4500,0.161764705882,12291821.8315,7067696.560699999,1,2,True
POST-OUTCOME SUPPLEMENTARY QUINTILE-WEIGHT SENSITIVITY — NOT PART OF CONFIRMATORY YAX v1.1,4510,0.0789473684211,70896851.5809,43904618.3087,1,1,False
POST-OUTCOME SUPPLEMENTARY QUINTILE-WEIGHT SENSITIVITY — NOT PART OF CONFIRMATORY YAX v1.1,4521,0.0833333333333,29008302.97527058,16861878.96737058,1,1,False
POST-OUTCOME SUPPLEMENTARY QUINTILE-WEIGHT SENSITIVITY — NOT PART OF CONFIRMATORY YAX v1.1,4522,0.19696969697,9385591.2323254,5108304.345325398,2,2,False
POST-OUTCOME SUPPLEMENTARY QUINTILE-WEIGHT SENSITIVITY — NOT PART OF CONFIRMATORY YAX v1.1,4525,0.120689388147,2792627.7227053014,1790081.8022053011,1,1,False
POST-OUTCOME SUPPLEMENTARY QUINTILE-WEIGHT SENSITIVITY — NOT PART OF CONFIRMATORY YAX v1.1,4530,0.345772135604,7490341.210200001,4609089.3885,3,3,False
POST-OUTCOME SUPPLEMENTARY QUINTILE-WEIGHT SENSITIVITY — NOT PART OF CONFIRMATORY YAX v1.1,4540,0.324615384615,3919090.1154000005,2438530.2560000005,2,2,False
POST-OUTCOME SUPPLEMENTARY QUINTILE-WEIGHT SENSITIVITY — NOT PART OF CONFIRMATORY YAX v1.1,4600,0.141431203931,87748555.89209999,55156531.0674,1,1,False
POST-OUTCOME SUPPLEMENTARY QUINTILE-WEIGHT SENSITIVITY — NOT PART OF CONFIRMATORY YAX v1.1,4621,0.0147058823529,21483578.9514412,11982296.4769412,1,1,False
POST-OUTCOME SUPPLEMENTARY QUINTILE-WEIGHT SENSITIVITY — NOT PART OF CONFIRMATORY YAX v1.1,4622,0.238095238095,15121050.909658799,10656409.106258802,2,2,False
POST-OUTCOME SUPPLEMENTARY QUINTILE-WEIGHT SENSITIVITY — NOT PART OF CONFIRMATORY YAX v1.1,4640,0.24,2775621.6421,1629925.1890999998,2,2,False
POST-OUTCOME SUPPLEMENTARY QUINTILE-WEIGHT SENSITIVITY — NOT PART OF CONFIRMATORY YAX v1.1,4700,0.486486486486,305992165.941,190497124.50290003,4,4,False
POST-OUTCOME SUPPLEMENTARY QUINTILE-WEIGHT SENSITIVITY — NOT PART OF CONFIRMATORY YAX v1.1,4710,0.537037037037,117000514.7968,73521193.18210001,4,4,False
POST-OUTCOME SUPPLEMENTARY QUINTILE-WEIGHT SENSITIVITY — NOT PART OF CONFIRMATORY YAX v1.1,4720,0.209572816076,173495830.11279997,112373971.21599999,2,2,False
POST-OUTCOME SUPPLEMENTARY QUINTILE-WEIGHT SENSITIVITY — NOT PART OF CONFIRMATORY YAX v1.1,4740,0.532258064516,7475893.990200001,5095653.433,4,4,False
POST-OUTCOME SUPPLEMENTARY QUINTILE-WEIGHT SENSITIVITY — NOT PART OF CONFIRMATORY YAX v1.1,4750,0.342857142857,11176160.7078,6741723.914700001,3,3,False
POST-OUTCOME SUPPLEMENTARY QUINTILE-WEIGHT SENSITIVITY — NOT PART OF CONFIRMATORY YAX v1.1,4760,0.342105263158,228812358.4479,145939716.43159997,3,3,False
POST-OUTCOME SUPPLEMENTARY QUINTILE-WEIGHT SENSITIVITY — NOT PART OF CONFIRMATORY YAX v1.1,4800,0.538461538462,15391254.927499998,10577634.486399999,5,5,False
POST-OUTCOME SUPPLEMENTARY QUINTILE-WEIGHT SENSITIVITY — NOT PART OF CONFIRMATORY YAX v1.1,4810,0.575757575758,59125760.14389999,36040583.0154,5,5,False
POST-OUTCOME SUPPLEMENTARY QUINTILE-WEIGHT SENSITIVITY — NOT PART OF CONFIRMATORY YAX v1.1,4820,0.605769230769,23122950.633800004,14669730.5,5,5,False
POST-OUTCOME SUPPLEMENTARY QUINTILE-WEIGHT SENSITIVITY — NOT PART OF CONFIRMATORY YAX v1.1,4830,0.5625,6958153.8108,3950701.8101999997,5,5,False
POST-OUTCOME SUPPLEMENTARY QUINTILE-WEIGHT SENSITIVITY — NOT PART OF CONFIRMATORY YAX v1.1,4840,0.633333333333,61512398.3254,34485357.219699994,5,5,False
POST-OUTCOME SUPPLEMENTARY QUINTILE-WEIGHT SENSITIVITY — NOT PART OF CONFIRMATORY YAX v1.1,4850,0.599099659829,119133359.4162,75347723.85839999,5,5,False
POST-OUTCOME SUPPLEMENTARY QUINTILE-WEIGHT SENSITIVITY — NOT PART OF CONFIRMATORY YAX v1.1,4900,0.133131473338,3245010.1121,2016813.3978,1,1,False
POST-OUTCOME SUPPLEMENTARY QUINTILE-WEIGHT SENSITIVITY — NOT PART OF CONFIRMATORY YAX v1.1,4920,0.450998306444,98938699.83330001,61537179.0249,3,3,False
POST-OUTCOME SUPPLEMENTARY QUINTILE-WEIGHT SENSITIVITY — NOT PART OF CONFIRMATORY YAX v1.1,4930,0.511363636364,4252809.0244,2370521.7867,4,4,False
POST-OUTCOME SUPPLEMENTARY QUINTILE-WEIGHT SENSITIVITY — NOT PART OF CONFIRMATORY YAX v1.1,4940,0.805555555556,3543014.7935999995,2658390.6177,5,5,False
POST-OUTCOME SUPPLEMENTARY QUINTILE-WEIGHT SENSITIVITY — NOT PART OF CONFIRMATORY YAX v1.1,4950,0.260869565217,12082550.5947,6959169.2097000005,2,2,False
POST-OUTCOME SUPPLEMENTARY QUINTILE-WEIGHT SENSITIVITY — NOT PART OF CONFIRMATORY YAX v1.1,5000,0.489583333333,130810605.30960001,81431868.1848,4,4,False
POST-OUTCOME SUPPLEMENTARY QUINTILE-WEIGHT SENSITIVITY — NOT PART OF CONFIRMATORY YAX v1.1,5010,0.629032258065,1464785.0644,969911.6636000001,5,5,False
POST-OUTCOME SUPPLEMENTARY QUINTILE-WEIGHT SENSITIVITY — NOT PART OF CONFIRMATORY YAX v1.1,5020,0.894736842105,2430039.0006,1814336.2458,5,5,False
POST-OUTCOME SUPPLEMENTARY QUINTILE-WEIGHT SENSITIVITY — NOT PART OF CONFIRMATORY YAX v1.1,5100,0.696428571429,10903897.3404,6806668.9123,5,5,False
POST-OUTCOME SUPPLEMENTARY QUINTILE-WEIGHT SENSITIVITY — NOT PART OF CONFIRMATORY YAX v1.1,5110,0.77380952381,45447892.688999996,28854186.927200004,5,5,False
POST-OUTCOME SUPPLEMENTARY QUINTILE-WEIGHT SENSITIVITY — NOT PART OF CONFIRMATORY YAX v1.1,5120,0.802325581395,106672546.905,62563247.624199994,5,5,False
POST-OUTCOME SUPPLEMENTARY QUINTILE-WEIGHT SENSITIVITY — NOT PART OF CONFIRMATORY YAX v1.1,5130,0.41935483871,363555.36209999997,363555.36209999997,3,3,False
POST-OUTCOME SUPPLEMENTARY QUINTILE-WEIGHT SENSITIVITY — NOT PART OF CONFIRMATORY YAX v1.1,5140,0.837837837838,13994555.063900001,8459152.5467,5,5,False
POST-OUTCOME SUPPLEMENTARY QUINTILE-WEIGHT SENSITIVITY — NOT PART OF CONFIRMATORY YAX v1.1,5150,0.614285714286,3715127.9359,1956634.3111,5,5,False
POST-OUTCOME SUPPLEMENTARY QUINTILE-WEIGHT SENSITIVITY — NOT PART OF CONFIRMATORY YAX v1.1,5160,0.541666666667,22906262.9295,15227409.909500001,5,5,False
POST-OUTCOME SUPPLEMENTARY QUINTILE-WEIGHT SENSITIVITY — NOT PART OF CONFIRMATORY YAX v1.1,5200,0.766666666667,140971.8487,140971.8487,5,5,False
POST-OUTCOME SUPPLEMENTARY QUINTILE-WEIGHT SENSITIVITY — NOT PART OF CONFIRMATORY YAX v1.1,5220,0.7,8040814.084100001,5083188.6159,5,5,False
POST-OUTCOME SUPPLEMENTARY QUINTILE-WEIGHT SENSITIVITY — NOT PART OF CONFIRMATORY YAX v1.1,5230,0.65,4254071.596899999,3104694.3584999996,5,5,False
POST-OUTCOME SUPPLEMENTARY QUINTILE-WEIGHT SENSITIVITY — NOT PART OF CONFIRMATORY YAX v1.1,5240,0.568181818182,228261075.1092,138207688.10549998,5,5,False
POST-OUTCOME SUPPLEMENTARY QUINTILE-WEIGHT SENSITIVITY — NOT PART OF CONFIRMATORY YAX v1.1,5250,0.68,7681991.7288,4420573.5056,5,5,False
POST-OUTCOME SUPPLEMENTARY QUINTILE-WEIGHT SENSITIVITY — NOT PART OF CONFIRMATORY YAX v1.1,5260,0.794117647059,13437590.4411,8717200.177400002,5,5,False
POST-OUTCOME SUPPLEMENTARY QUINTILE-WEIGHT SENSITIVITY — NOT PART OF CONFIRMATORY YAX v1.1,5300,0.5,9741016.4771,6381340.465100001,4,4,False
POST-OUTCOME SUPPLEMENTARY QUINTILE-WEIGHT SENSITIVITY — NOT PART OF CONFIRMATORY YAX v1.1,5310,0.672413793103,16246697.303399999,9506929.841599999,5,5,False
POST-OUTCOME SUPPLEMENTARY QUINTILE-WEIGHT SENSITIVITY — NOT PART OF CONFIRMATORY YAX v1.1,5320,0.534482758621,6627608.1337,4351641.731299999,4,4,False
POST-OUTCOME SUPPLEMENTARY QUINTILE-WEIGHT SENSITIVITY — NOT PART OF CONFIRMATORY YAX v1.1,5330,0.59375,12775854.791299999,8559454.3823,5,5,False
POST-OUTCOME SUPPLEMENTARY QUINTILE-WEIGHT SENSITIVITY — NOT PART OF CONFIRMATORY YAX v1.1,5340,0.56,1846238.2814,1284354.4681000002,5,5,False
POST-OUTCOME SUPPLEMENTARY QUINTILE-WEIGHT SENSITIVITY — NOT PART OF CONFIRMATORY YAX v1.1,5350,0.714285714286,9872327.156399997,6340588.474199999,5,5,False
POST-OUTCOME SUPPLEMENTARY QUINTILE-WEIGHT SENSITIVITY — NOT PART OF CONFIRMATORY YAX v1.1,5360,0.620689655172,7601459.439199999,3587265.2890000003,5,5,False
POST-OUTCOME SUPPLEMENTARY QUINTILE-WEIGHT SENSITIVITY — NOT PART OF CONFIRMATORY YAX v1.1,5400,0.533333333333,109318493.98640002,67083856.878299996,4,4,False
POST-OUTCOME SUPPLEMENTARY QUINTILE-WEIGHT SENSITIVITY — NOT PART OF CONFIRMATORY YAX v1.1,5410,0.457142857143,11594632.134300003,6936282.0545,3,4,True
POST-OUTCOME SUPPLEMENTARY QUINTILE-WEIGHT SENSITIVITY — NOT PART OF CONFIRMATORY YAX v1.1,5500,0.527301315037,2123814.4747,1284013.9914000002,4,4,False
POST-OUTCOME SUPPLEMENTARY QUINTILE-WEIGHT SENSITIVITY — NOT PART OF CONFIRMATORY YAX v1.1,5510,0.310344827586,67076305.8961,31094107.5118,2,2,False
POST-OUTCOME SUPPLEMENTARY QUINTILE-WEIGHT SENSITIVITY — NOT PART OF CONFIRMATORY YAX v1.1,5521,0.65625,8890281.72196498,5760311.72566498,5,5,False
POST-OUTCOME SUPPLEMENTARY QUINTILE-WEIGHT SENSITIVITY — NOT PART OF CONFIRMATORY YAX v1.1,5522,0.673913043478,18561889.791435022,11575336.188935021,5,5,False
POST-OUTCOME SUPPLEMENTARY QUINTILE-WEIGHT SENSITIVITY — NOT PART OF CONFIRMATORY YAX v1.1,5530,0.4375,1967666.2185,1315419.6472,3,3,False
POST-OUTCOME SUPPLEMENTARY QUINTILE-WEIGHT SENSITIVITY — NOT PART OF CONFIRMATORY YAX v1.1,5540,0.314814814815,10183734.062400002,6477331.309400001,2,2,False
POST-OUTCOME SUPPLEMENTARY QUINTILE-WEIGHT SENSITIVITY — NOT PART OF CONFIRMATORY YAX v1.1,5550,0.230769230769,32142933.355599996,18957078.161199998,2,2,False
POST-OUTCOME SUPPLEMENTARY QUINTILE-WEIGHT SENSITIVITY — NOT PART OF CONFIRMATORY YAX v1.1,5600,0.596153846154,23896915.7081,15565110.6559,5,5,False
POST-OUTCOME SUPPLEMENTARY QUINTILE-WEIGHT SENSITIVITY — NOT PART OF CONFIRMATORY YAX v1.1,5610,0.5,58563005.4203,35449128.8565,4,4,False
POST-OUTCOME SUPPLEMENTARY QUINTILE-WEIGHT SENSITIVITY — NOT PART OF CONFIRMATORY YAX v1.1,5630,0.293103448276,6149528.559,3324479.3843,2,2,False
POST-OUTCOME SUPPLEMENTARY QUINTILE-WEIGHT SENSITIVITY — NOT PART OF CONFIRMATORY YAX v1.1,5710,0.648648648649,21274138.4998368,11893299.9995368,5,5,False
POST-OUTCOME SUPPLEMENTARY QUINTILE-WEIGHT SENSITIVITY — NOT PART OF CONFIRMATORY YAX v1.1,5720,0.695652173913,5197807.144740799,3671926.3923408003,5,5,False
POST-OUTCOME SUPPLEMENTARY QUINTILE-WEIGHT SENSITIVITY — NOT PART OF CONFIRMATORY YAX v1.1,5730,0.666666666667,8652858.517060801,4682439.777960801,5,5,False
POST-OUTCOME SUPPLEMENTARY QUINTILE-WEIGHT SENSITIVITY — NOT PART OF CONFIRMATORY YAX v1.1,5740,0.644230769231,190792704.04926157,128757157.05976158,5,5,False
POST-OUTCOME SUPPLEMENTARY QUINTILE-WEIGHT SENSITIVITY — NOT PART OF CONFIRMATORY YAX v1.1,5810,0.892857142857,22907000.8792,14572803.148399998,5,5,False
POST-OUTCOME SUPPLEMENTARY QUINTILE-WEIGHT SENSITIVITY — NOT PART OF CONFIRMATORY YAX v1.1,5820,0.743243243243,4836528.3924,3143174.5404,5,5,False
POST-OUTCOME SUPPLEMENTARY QUINTILE-WEIGHT SENSITIVITY — NOT PART OF CONFIRMATORY YAX v1.1,5840,0.833333333333,27934504.961099997,16028832.569199998,5,5,False
POST-OUTCOME SUPPLEMENTARY QUINTILE-WEIGHT SENSITIVITY — NOT PART OF CONFIRMATORY YAX v1.1,5850,0.216216216216,5063956.6843,3278076.9868000005,2,2,False
POST-OUTCOME SUPPLEMENTARY QUINTILE-WEIGHT SENSITIVITY — NOT PART OF CONFIRMATORY YAX v1.1,5860,0.575757575758,119468677.6626,71587723.4674,5,5,False
POST-OUTCOME SUPPLEMENTARY QUINTILE-WEIGHT SENSITIVITY — NOT PART OF CONFIRMATORY YAX v1.1,5900,0.397058823529,2297704.1344999997,1443722.9796999998,3,3,False
POST-OUTCOME SUPPLEMENTARY QUINTILE-WEIGHT SENSITIVITY — NOT PART OF CONFIRMATORY YAX v1.1,5910,0.975,883604.8137,507072.6294,5,5,False
POST-OUTCOME SUPPLEMENTARY QUINTILE-WEIGHT SENSITIVITY — NOT PART OF CONFIRMATORY YAX v1.1,5920,0.891304347826,3657831.4852000005,2598027.3524,5,5,False
POST-OUTCOME SUPPLEMENTARY QUINTILE-WEIGHT SENSITIVITY — NOT PART OF CONFIRMATORY YAX v1.1,6005,0.280701754386,5433284.0905,3211200.018,2,2,False
POST-OUTCOME SUPPLEMENTARY QUINTILE-WEIGHT SENSITIVITY — NOT PART OF CONFIRMATORY YAX v1.1,6010,0.291666666667,1549919.4792,923899.4909000001,2,2,False
POST-OUTCOME SUPPLEMENTARY QUINTILE-WEIGHT SENSITIVITY — NOT PART OF CONFIRMATORY YAX v1.1,6040,0.1,5890548.508700002,4031534.3723000004,1,1,False
POST-OUTCOME SUPPLEMENTARY QUINTILE-WEIGHT SENSITIVITY — NOT PART OF CONFIRMATORY YAX v1.1,6115,0.0438596491228,2962358.6137,1984412.4321,1,1,False
POST-OUTCOME SUPPLEMENTARY QUINTILE-WEIGHT SENSITIVITY — NOT PART OF CONFIRMATORY YAX v1.1,6120,0.0434782608696,1687509.7943000002,1101541.5773,1,1,False
POST-OUTCOME SUPPLEMENTARY QUINTILE-WEIGHT SENSITIVITY — NOT PART OF CONFIRMATORY YAX v1.1,6200,0.416666666667,71537912.9583,41958965.9306,3,3,False
POST-OUTCOME SUPPLEMENTARY QUINTILE-WEIGHT SENSITIVITY — NOT PART OF CONFIRMATORY YAX v1.1,6210,0.030303030303,1629486.3432,1141367.2551000002,1,1,False
POST-OUTCOME SUPPLEMENTARY QUINTILE-WEIGHT SENSITIVITY — NOT PART OF CONFIRMATORY YAX v1.1,6220,0.0331319950258,13027021.780499998,8300392.865800001,1,1,False
POST-OUTCOME SUPPLEMENTARY QUINTILE-WEIGHT SENSITIVITY — NOT PART OF CONFIRMATORY YAX v1.1,6230,0.144444444444,124178587.2517,76900493.6519,1,1,False
POST-OUTCOME SUPPLEMENTARY QUINTILE-WEIGHT SENSITIVITY — NOT PART OF CONFIRMATORY YAX v1.1,6240,0.061590800335,14500176.246199999,10158455.0565,1,1,False
POST-OUTCOME SUPPLEMENTARY QUINTILE-WEIGHT SENSITIVITY — NOT PART OF CONFIRMATORY YAX v1.1,6250,0.0,5803959.462499999,3712419.8944,1,1,False
POST-OUTCOME SUPPLEMENTARY QUINTILE-WEIGHT SENSITIVITY — NOT PART OF CONFIRMATORY YAX v1.1,6260,0.05,204354638.40659997,120874665.036,1,1,False
POST-OUTCOME SUPPLEMENTARY QUINTILE-WEIGHT SENSITIVITY — NOT PART OF CONFIRMATORY YAX v1.1,6305,0.0485911192114,37432852.083900005,22299099.679899998,1,1,False
POST-OUTCOME SUPPLEMENTARY QUINTILE-WEIGHT SENSITIVITY — NOT PART OF CONFIRMATORY YAX v1.1,6330,0.0362255560531,15093130.693100002,9956074.820500001,1,1,False
POST-OUTCOME SUPPLEMENTARY QUINTILE-WEIGHT SENSITIVITY — NOT PART OF CONFIRMATORY YAX v1.1,6355,0.146341463415,91439980.32190001,53590068.4823,1,1,False
POST-OUTCOME SUPPLEMENTARY QUINTILE-WEIGHT SENSITIVITY — NOT PART OF CONFIRMATORY YAX v1.1,6360,0.0833333333333,3872469.1693,2617276.8345000003,1,1,False
POST-OUTCOME SUPPLEMENTARY QUINTILE-WEIGHT SENSITIVITY — NOT PART OF CONFIRMATORY YAX v1.1,6400,0.047818773654,5411850.466499999,3416529.857,1,1,False
POST-OUTCOME SUPPLEMENTARY QUINTILE-WEIGHT SENSITIVITY — NOT PART OF CONFIRMATORY YAX v1.1,6410,0.0568174459752,54922008.67380001,35380551.5707,1,1,False
POST-OUTCOME SUPPLEMENTARY QUINTILE-WEIGHT SENSITIVITY — NOT PART OF CONFIRMATORY YAX v1.1,6441,0.0357142857143,5043857.494626249,3206630.5395262497,1,1,False
POST-OUTCOME SUPPLEMENTARY QUINTILE-WEIGHT SENSITIVITY — NOT PART OF CONFIRMATORY YAX v1.1,6442,0.0753161698284,58656971.79017374,34873169.43237374,1,1,False
POST-OUTCOME SUPPLEMENTARY QUINTILE-WEIGHT SENSITIVITY — NOT PART OF CONFIRMATORY YAX v1.1,6460,0.0769230769231,2285283.1444,1394558.6999000001,1,1,False
POST-OUTCOME SUPPLEMENTARY QUINTILE-WEIGHT SENSITIVITY — NOT PART OF CONFIRMATORY YAX v1.1,6500,0.0714285714286,199764.4368,199764.4368,1,1,False
POST-OUTCOME SUPPLEMENTARY QUINTILE-WEIGHT SENSITIVITY — NOT PART OF CONFIRMATORY YAX v1.1,6515,0.04,21984621.8674,12753007.023300001,1,1,False
POST-OUTCOME SUPPLEMENTARY QUINTILE-WEIGHT SENSITIVITY — NOT PART OF CONFIRMATORY YAX v1.1,6520,0.0657894736842,13553177.427599998,8152823.591200001,1,1,False
POST-OUTCOME SUPPLEMENTARY QUINTILE-WEIGHT SENSITIVITY — NOT PART OF CONFIRMATORY YAX v1.1,6530,0.0285714285714,4985410.348999999,3349969.1993000004,1,1,False
POST-OUTCOME SUPPLEMENTARY QUINTILE-WEIGHT SENSITIVITY — NOT PART OF CONFIRMATORY YAX v1.1,6660,0.334104289319,10076300.3013,6151139.319399999,3,3,False
POST-OUTCOME SUPPLEMENTARY QUINTILE-WEIGHT SENSITIVITY — NOT PART OF CONFIRMATORY YAX v1.1,6700,0.184210526316,3516140.3828000003,1986332.9679999999,2,2,False
POST-OUTCOME SUPPLEMENTARY QUINTILE-WEIGHT SENSITIVITY — NOT PART OF CONFIRMATORY YAX v1.1,6710,0.0512820512821,3754233.8848,2354394.936,1,1,False
POST-OUTCOME SUPPLEMENTARY QUINTILE-WEIGHT SENSITIVITY — NOT PART OF CONFIRMATORY YAX v1.1,6720,0.0806451612903,2985994.1704,1955695.9195,1,1,False
POST-OUTCOME SUPPLEMENTARY QUINTILE-WEIGHT SENSITIVITY — NOT PART OF CONFIRMATORY YAX v1.1,6730,0.0161290322581,9135292.900100002,6200810.690400002,1,1,False
POST-OUTCOME SUPPLEMENTARY QUINTILE-WEIGHT SENSITIVITY — NOT PART OF CONFIRMATORY YAX v1.1,6740,0.0,1278398.5896,691927.0913000001,1,1,False
POST-OUTCOME SUPPLEMENTARY QUINTILE-WEIGHT SENSITIVITY — NOT PART OF CONFIRMATORY YAX v1.1,6765,0.120833333333,4156433.8955000006,2297184.1741,1,1,False
POST-OUTCOME SUPPLEMENTARY QUINTILE-WEIGHT SENSITIVITY — NOT PART OF CONFIRMATORY YAX v1.1,6800,0.0521675635234,2958164.1501,1859395.0868,1,1,False
POST-OUTCOME SUPPLEMENTARY QUINTILE-WEIGHT SENSITIVITY — NOT PART OF CONFIRMATORY YAX v1.1,6821,0.0,342838.05010884,342838.05010884,1,1,False
POST-OUTCOME SUPPLEMENTARY QUINTILE-WEIGHT SENSITIVITY — NOT PART OF CONFIRMATORY YAX v1.1,6825,0.136363636364,2874674.9646616704,1500475.3413616698,1,1,False
POST-OUTCOME SUPPLEMENTARY QUINTILE-WEIGHT SENSITIVITY — NOT PART OF CONFIRMATORY YAX v1.1,7000,0.410256410256,26636654.502,15708400.264400002,3,3,False
POST-OUTCOME SUPPLEMENTARY QUINTILE-WEIGHT SENSITIVITY — NOT PART OF CONFIRMATORY YAX v1.1,7010,0.367346938776,16558350.486299999,11379100.1268,3,3,False
POST-OUTCOME SUPPLEMENTARY QUINTILE-WEIGHT SENSITIVITY — NOT PART OF CONFIRMATORY YAX v1.1,7020,0.268462416999,12900462.173,8207694.6649,2,2,False
POST-OUTCOME SUPPLEMENTARY QUINTILE-WEIGHT SENSITIVITY — NOT PART OF CONFIRMATORY YAX v1.1,7030,0.24,1111129.7714999998,623609.9676,2,2,False
POST-OUTCOME SUPPLEMENTARY QUINTILE-WEIGHT SENSITIVITY — NOT PART OF CONFIRMATORY YAX v1.1,7040,0.105769230769,2101661.2624,1303856.6363,1,1,False
POST-OUTCOME SUPPLEMENTARY QUINTILE-WEIGHT SENSITIVITY — NOT PART OF CONFIRMATORY YAX v1.1,7100,0.227546136511,1999326.027,1178971.7267000002,2,2,False
POST-OUTCOME SUPPLEMENTARY QUINTILE-WEIGHT SENSITIVITY — NOT PART OF CONFIRMATORY YAX v1.1,7110,0.166666666667,228337.88970000003,228337.88970000003,2,2,False
POST-OUTCOME SUPPLEMENTARY QUINTILE-WEIGHT SENSITIVITY — NOT PART OF CONFIRMATORY YAX v1.1,7120,0.238095238095,3077006.6521,1968578.1715,2,2,False
POST-OUTCOME SUPPLEMENTARY QUINTILE-WEIGHT SENSITIVITY — NOT PART OF CONFIRMATORY YAX v1.1,7130,0.166666666667,6176076.4438000005,3987533.6103000003,2,2,False
POST-OUTCOME SUPPLEMENTARY QUINTILE-WEIGHT SENSITIVITY — NOT PART OF CONFIRMATORY YAX v1.1,7140,0.134328358209,15411964.381899998,9504113.4186,1,1,False
POST-OUTCOME SUPPLEMENTARY QUINTILE-WEIGHT SENSITIVITY — NOT PART OF CONFIRMATORY YAX v1.1,7150,0.0425531914894,12898514.0545,8106526.7538,1,1,False
POST-OUTCOME SUPPLEMENTARY QUINTILE-WEIGHT SENSITIVITY — NOT PART OF CONFIRMATORY YAX v1.1,7160,0.0,2188247.3498000004,1291853.4962000002,1,1,False
POST-OUTCOME SUPPLEMENTARY QUINTILE-WEIGHT SENSITIVITY — NOT PART OF CONFIRMATORY YAX v1.1,7200,0.0818181818182,85354521.076,51787230.1563,1,1,False
POST-OUTCOME SUPPLEMENTARY QUINTILE-WEIGHT SENSITIVITY — NOT PART OF CONFIRMATORY YAX v1.1,7210,0.0,34990989.983399995,22021388.3241,1,1,False
POST-OUTCOME SUPPLEMENTARY QUINTILE-WEIGHT SENSITIVITY — NOT PART OF CONFIRMATORY YAX v1.1,7220,0.102291808775,20487641.739899997,13037786.7275,1,1,False
POST-OUTCOME SUPPLEMENTARY QUINTILE-WEIGHT SENSITIVITY — NOT PART OF CONFIRMATORY YAX v1.1,7240,0.10950292839,4090293.4076,2713217.2924,1,1,False
POST-OUTCOME SUPPLEMENTARY QUINTILE-WEIGHT SENSITIVITY — NOT PART OF CONFIRMATORY YAX v1.1,7260,0.02015335729,7438558.798999999,4467562.8981,1,1,False
POST-OUTCOME SUPPLEMENTARY QUINTILE-WEIGHT SENSITIVITY — NOT PART OF CONFIRMATORY YAX v1.1,7300,0.132801907886,2395988.0089,1446390.0212,1,1,False
POST-OUTCOME SUPPLEMENTARY QUINTILE-WEIGHT SENSITIVITY — NOT PART OF CONFIRMATORY YAX v1.1,7315,0.105263157895,48442276.92140001,28117386.0128,1,1,False
POST-OUTCOME SUPPLEMENTARY QUINTILE-WEIGHT SENSITIVITY — NOT PART OF CONFIRMATORY YAX v1.1,7320,0.145454545455,4219145.7509,2632112.1303000003,1,1,False
POST-OUTCOME SUPPLEMENTARY QUINTILE-WEIGHT SENSITIVITY — NOT PART OF CONFIRMATORY YAX v1.1,7330,0.236670683742,40317999.51359999,25910121.434700005,2,2,False
POST-OUTCOME SUPPLEMENTARY QUINTILE-WEIGHT SENSITIVITY — NOT PART OF CONFIRMATORY YAX v1.1,7340,0.137254901961,61076538.656600006,34891786.19359999,1,1,False
POST-OUTCOME SUPPLEMENTARY QUINTILE-WEIGHT SENSITIVITY — NOT PART OF CONFIRMATORY YAX v1.1,7350,0.142857142857,2980051.7053000005,1453369.6375,1,1,False
POST-OUTCOME SUPPLEMENTARY QUINTILE-WEIGHT SENSITIVITY — NOT PART OF CONFIRMATORY YAX v1.1,7360,0.0217391304348,4545091.303699999,2913582.7813999997,1,1,False
POST-OUTCOME SUPPLEMENTARY QUINTILE-WEIGHT SENSITIVITY — NOT PART OF CONFIRMATORY YAX v1.1,7410,0.0,13119090.7542,7961139.021199999,1,1,False
POST-OUTCOME SUPPLEMENTARY QUINTILE-WEIGHT SENSITIVITY — NOT PART OF CONFIRMATORY YAX v1.1,7420,0.03125,15346975.804399999,10216568.585099999,1,1,False
POST-OUTCOME SUPPLEMENTARY QUINTILE-WEIGHT SENSITIVITY — NOT PART OF CONFIRMATORY YAX v1.1,7510,0.321428571429,3331663.6464000004,1915758.7703,2,2,False
POST-OUTCOME SUPPLEMENTARY QUINTILE-WEIGHT SENSITIVITY — NOT PART OF CONFIRMATORY YAX v1.1,7540,0.08,2971788.6429000003,1705234.3785,1,1,False
POST-OUTCOME SUPPLEMENTARY QUINTILE-WEIGHT SENSITIVITY — NOT PART OF CONFIRMATORY YAX v1.1,7550,0.0769230769231,168257.5183,168257.5183,1,1,False
POST-OUTCOME SUPPLEMENTARY QUINTILE-WEIGHT SENSITIVITY — NOT PART OF CONFIRMATORY YAX v1.1,7560,0.0,1106420.6544999997,614197.7764000001,1,1,False
POST-OUTCOME SUPPLEMENTARY QUINTILE-WEIGHT SENSITIVITY — NOT PART OF CONFIRMATORY YAX v1.1,7610,0.0333333333333,1287149.81,821295.6557,1,1,False
POST-OUTCOME SUPPLEMENTARY QUINTILE-WEIGHT SENSITIVITY — NOT PART OF CONFIRMATORY YAX v1.1,7700,0.4,80607458.7697,50028382.481000006,3,3,False
POST-OUTCOME SUPPLEMENTARY QUINTILE-WEIGHT SENSITIVITY — NOT PART OF CONFIRMATORY YAX v1.1,7710,0.025,140542.2783,140542.2783,1,1,False
POST-OUTCOME SUPPLEMENTARY QUINTILE-WEIGHT SENSITIVITY — NOT PART OF CONFIRMATORY YAX v1.1,7720,0.121276871277,11051376.577300001,6424231.3462000005,1,1,False
POST-OUTCOME SUPPLEMENTARY QUINTILE-WEIGHT SENSITIVITY — NOT PART OF CONFIRMATORY YAX v1.1,7730,0.0952380952381,1115420.8651,566991.7844,1,1,False
POST-OUTCOME SUPPLEMENTARY QUINTILE-WEIGHT SENSITIVITY — NOT PART OF CONFIRMATORY YAX v1.1,7740,0.0227272727273,2192751.1317,1405559.4947,1,1,False
POST-OUTCOME SUPPLEMENTARY QUINTILE-WEIGHT SENSITIVITY — NOT PART OF CONFIRMATORY YAX v1.1,7800,0.264705882353,21543473.7475,12759430.1305,2,2,False
POST-OUTCOME SUPPLEMENTARY QUINTILE-WEIGHT SENSITIVITY — NOT PART OF CONFIRMATORY YAX v1.1,7810,0.0526813975787,24572161.302300002,15371086.2027,1,1,False
POST-OUTCOME SUPPLEMENTARY QUINTILE-WEIGHT SENSITIVITY — NOT PART OF CONFIRMATORY YAX v1.1,7830,0.0666666666667,1025785.2087,613141.8624,1,1,False
POST-OUTCOME SUPPLEMENTARY QUINTILE-WEIGHT SENSITIVITY — NOT PART OF CONFIRMATORY YAX v1.1,7840,0.115384615385,8202041.0847,4934519.769599999,1,1,False
POST-OUTCOME SUPPLEMENTARY QUINTILE-WEIGHT SENSITIVITY — NOT PART OF CONFIRMATORY YAX v1.1,7850,0.129032258065,944362.794,522063.9642,1,1,False
POST-OUTCOME SUPPLEMENTARY QUINTILE-WEIGHT SENSITIVITY — NOT PART OF CONFIRMATORY YAX v1.1,7925,0.0711597406889,2299035.0541000003,1285097.1696,1,1,False
POST-OUTCOME SUPPLEMENTARY QUINTILE-WEIGHT SENSITIVITY — NOT PART OF CONFIRMATORY YAX v1.1,7950,0.01,6439841.536199999,4186500.5233000005,1,1,False
POST-OUTCOME SUPPLEMENTARY QUINTILE-WEIGHT SENSITIVITY — NOT PART OF CONFIRMATORY YAX v1.1,8000,0.0645161290323,3521929.3216,2066685.0835,1,1,False
POST-OUTCOME SUPPLEMENTARY QUINTILE-WEIGHT SENSITIVITY — NOT PART OF CONFIRMATORY YAX v1.1,8030,0.234693877551,32185441.0124,20427178.697799996,2,2,False
POST-OUTCOME SUPPLEMENTARY QUINTILE-WEIGHT SENSITIVITY — NOT PART OF CONFIRMATORY YAX v1.1,8040,0.0732134780642,1820364.011,1147587.207,1,1,False
POST-OUTCOME SUPPLEMENTARY QUINTILE-WEIGHT SENSITIVITY — NOT PART OF CONFIRMATORY YAX v1.1,8100,0.0751302730671,3469436.869,2242102.04,1,1,False
POST-OUTCOME SUPPLEMENTARY QUINTILE-WEIGHT SENSITIVITY — NOT PART OF CONFIRMATORY YAX v1.1,8130,0.1875,4062581.6353,2844420.8890000004,2,2,False
POST-OUTCOME SUPPLEMENTARY QUINTILE-WEIGHT SENSITIVITY — NOT PART OF CONFIRMATORY YAX v1.1,8140,0.0868292339452,56097385.6572,34711030.35130001,1,1,False
POST-OUTCOME SUPPLEMENTARY QUINTILE-WEIGHT SENSITIVITY — NOT PART OF CONFIRMATORY YAX v1.1,8250,0.4375,1573104.1207000003,1096439.0860000001,3,3,False
POST-OUTCOME SUPPLEMENTARY QUINTILE-WEIGHT SENSITIVITY — NOT PART OF CONFIRMATORY YAX v1.1,8255,0.2875,14222633.7242,9054013.513600001,2,2,False
POST-OUTCOME SUPPLEMENTARY QUINTILE-WEIGHT SENSITIVITY — NOT PART OF CONFIRMATORY YAX v1.1,8300,0.05,11841194.691199997,7523537.3747,1,1,False
POST-OUTCOME SUPPLEMENTARY QUINTILE-WEIGHT SENSITIVITY — NOT PART OF CONFIRMATORY YAX v1.1,8310,0.0104166666667,2508855.6802999997,1605408.6936000003,1,1,False
POST-OUTCOME SUPPLEMENTARY QUINTILE-WEIGHT SENSITIVITY — NOT PART OF CONFIRMATORY YAX v1.1,8320,0.0813953488372,13061985.5048,9097360.5464,1,1,False
POST-OUTCOME SUPPLEMENTARY QUINTILE-WEIGHT SENSITIVITY — NOT PART OF CONFIRMATORY YAX v1.1,8335,0.0698267907662,989517.0514000001,559108.5322,1,1,False
POST-OUTCOME SUPPLEMENTARY QUINTILE-WEIGHT SENSITIVITY — NOT PART OF CONFIRMATORY YAX v1.1,8350,0.0813316231343,5624918.265999999,3712918.4606999997,1,1,False
POST-OUTCOME SUPPLEMENTARY QUINTILE-WEIGHT SENSITIVITY — NOT PART OF CONFIRMATORY YAX v1.1,8365,0.129806071064,1428005.8833,791773.7623000001,1,1,False
POST-OUTCOME SUPPLEMENTARY QUINTILE-WEIGHT SENSITIVITY — NOT PART OF CONFIRMATORY YAX v1.1,8450,0.191176470588,2283342.0799,1578863.9607,2,2,False
POST-OUTCOME SUPPLEMENTARY QUINTILE-WEIGHT SENSITIVITY — NOT PART OF CONFIRMATORY YAX v1.1,8500,0.117647058824,5271617.132199999,3476258.9203000003,1,1,False
POST-OUTCOME SUPPLEMENTARY QUINTILE-WEIGHT SENSITIVITY — NOT PART OF CONFIRMATORY YAX v1.1,8510,0.0285714285714,1329588.7197,801063.5106,1,1,False
POST-OUTCOME SUPPLEMENTARY QUINTILE-WEIGHT SENSITIVITY — NOT PART OF CONFIRMATORY YAX v1.1,8530,0.0588235294118,2341450.7643,1681964.5088999998,1,1,False
POST-OUTCOME SUPPLEMENTARY QUINTILE-WEIGHT SENSITIVITY — NOT PART OF CONFIRMATORY YAX v1.1,8540,0.0652173913043,1595568.2244000002,1034426.8256000001,1,1,False
POST-OUTCOME SUPPLEMENTARY QUINTILE-WEIGHT SENSITIVITY — NOT PART OF CONFIRMATORY YAX v1.1,8600,0.222181427261,3986977.414,2187911.9908,2,2,False
POST-OUTCOME SUPPLEMENTARY QUINTILE-WEIGHT SENSITIVITY — NOT PART OF CONFIRMATORY YAX v1.1,8610,0.162790697674,8018134.540599999,4288671.848300001,2,2,False
POST-OUTCOME SUPPLEMENTARY QUINTILE-WEIGHT SENSITIVITY — NOT PART OF CONFIRMATORY YAX v1.1,8620,0.125,10564925.745,6443023.638900001,1,1,False
POST-OUTCOME SUPPLEMENTARY QUINTILE-WEIGHT SENSITIVITY — NOT PART OF CONFIRMATORY YAX v1.1,8630,0.148533814252,4378222.1003,2620552.7972999997,1,1,False
POST-OUTCOME SUPPLEMENTARY QUINTILE-WEIGHT SENSITIVITY — NOT PART OF CONFIRMATORY YAX v1.1,8640,0.14924748778,6252680.064100001,4182057.2825,1,1,False
POST-OUTCOME SUPPLEMENTARY QUINTILE-WEIGHT SENSITIVITY — NOT PART OF CONFIRMATORY YAX v1.1,8650,0.10291641051,7671213.242700001,4709312.3082,1,1,False
POST-OUTCOME SUPPLEMENTARY QUINTILE-WEIGHT SENSITIVITY — NOT PART OF CONFIRMATORY YAX v1.1,8710,0.0597244963337,5242613.767899999,3375870.5875,1,1,False
POST-OUTCOME SUPPLEMENTARY QUINTILE-WEIGHT SENSITIVITY — NOT PART OF CONFIRMATORY YAX v1.1,8720,0.075,1865533.3747999999,1280086.5263999999,1,1,False
POST-OUTCOME SUPPLEMENTARY QUINTILE-WEIGHT SENSITIVITY — NOT PART OF CONFIRMATORY YAX v1.1,8730,0.16,1359281.1579,870001.2111,1,2,True
POST-OUTCOME SUPPLEMENTARY QUINTILE-WEIGHT SENSITIVITY — NOT PART OF CONFIRMATORY YAX v1.1,8740,0.416666666667,76832348.95960002,48020703.59330001,3,3,False
POST-OUTCOME SUPPLEMENTARY QUINTILE-WEIGHT SENSITIVITY — NOT PART OF CONFIRMATORY YAX v1.1,8750,0.205357142857,4115644.8361,2666707.8203000003,2,2,False
POST-OUTCOME SUPPLEMENTARY QUINTILE-WEIGHT SENSITIVITY — NOT PART OF CONFIRMATORY YAX v1.1,8760,0.0776242906442,7721937.1519,4982141.9253,1,1,False
POST-OUTCOME SUPPLEMENTARY QUINTILE-WEIGHT SENSITIVITY — NOT PART OF CONFIRMATORY YAX v1.1,8800,0.0,25673048.0797,16259755.9419,1,1,False
POST-OUTCOME SUPPLEMENTARY QUINTILE-WEIGHT SENSITIVITY — NOT PART OF CONFIRMATORY YAX v1.1,8810,0.0402020470116,15878962.534000002,9805098.405699998,1,1,False
POST-OUTCOME SUPPLEMENTARY QUINTILE-WEIGHT SENSITIVITY — NOT PART OF CONFIRMATORY YAX v1.1,8830,0.38,2017490.1151000003,1029985.9782000001,3,3,False
POST-OUTCOME SUPPLEMENTARY QUINTILE-WEIGHT SENSITIVITY — NOT PART OF CONFIRMATORY YAX v1.1,8850,0.0645161290323,816490.2437,492168.5341,1,1,False
POST-OUTCOME SUPPLEMENTARY QUINTILE-WEIGHT SENSITIVITY — NOT PART OF CONFIRMATORY YAX v1.1,8910,0.136363636364,557451.4763,346452.7336,1,1,False
POST-OUTCOME SUPPLEMENTARY QUINTILE-WEIGHT SENSITIVITY — NOT PART OF CONFIRMATORY YAX v1.1,8920,0.0709815546772,2819960.3468000004,1716732.6887,1,1,False
POST-OUTCOME SUPPLEMENTARY QUINTILE-WEIGHT SENSITIVITY — NOT PART OF CONFIRMATORY YAX v1.1,8930,0.0,1829820.5060999999,1307462.7832,1,1,False
POST-OUTCOME SUPPLEMENTARY QUINTILE-WEIGHT SENSITIVITY — NOT PART OF CONFIRMATORY YAX v1.1,8940,0.0192307692308,850864.8956,450331.1413,1,1,False
POST-OUTCOME SUPPLEMENTARY QUINTILE-WEIGHT SENSITIVITY — NOT PART OF CONFIRMATORY YAX v1.1,8950,0.0888888888889,4578290.857799999,2609192.5628000004,1,1,False
POST-OUTCOME SUPPLEMENTARY QUINTILE-WEIGHT SENSITIVITY — NOT PART OF CONFIRMATORY YAX v1.1,9030,0.31310261708,17193977.6269,9185362.986599999,2,2,False
POST-OUTCOME SUPPLEMENTARY QUINTILE-WEIGHT SENSITIVITY — NOT PART OF CONFIRMATORY YAX v1.1,9040,0.35020433316,3647752.1557,2148914.3209999995,3,3,False
POST-OUTCOME SUPPLEMENTARY QUINTILE-WEIGHT SENSITIVITY — NOT PART OF CONFIRMATORY YAX v1.1,9050,0.166666666667,10865461.289400002,6193937.8111000005,2,2,False
POST-OUTCOME SUPPLEMENTARY QUINTILE-WEIGHT SENSITIVITY — NOT PART OF CONFIRMATORY YAX v1.1,9110,0.0909090909091,1251391.2592,633079.1213,1,1,False
POST-OUTCOME SUPPLEMENTARY QUINTILE-WEIGHT SENSITIVITY — NOT PART OF CONFIRMATORY YAX v1.1,9121,0.323529411765,22588922.99976638,15702383.38696638,2,2,False
POST-OUTCOME SUPPLEMENTARY QUINTILE-WEIGHT SENSITIVITY — NOT PART OF CONFIRMATORY YAX v1.1,9122,0.240740740741,22328923.940340117,12623786.67654012,2,2,False
POST-OUTCOME SUPPLEMENTARY QUINTILE-WEIGHT SENSITIVITY — NOT PART OF CONFIRMATORY YAX v1.1,9130,0.312292386253,343819414.8974999,207960101.7807,2,2,False
POST-OUTCOME SUPPLEMENTARY QUINTILE-WEIGHT SENSITIVITY — NOT PART OF CONFIRMATORY YAX v1.1,9142,0.28125,42807230.81913449,22948291.57153449,2,2,False
POST-OUTCOME SUPPLEMENTARY QUINTILE-WEIGHT SENSITIVITY — NOT PART OF CONFIRMATORY YAX v1.1,9210,0.277380653417,4395863.026137389,2740272.07203739,2,2,False
POST-OUTCOME SUPPLEMENTARY QUINTILE-WEIGHT SENSITIVITY — NOT PART OF CONFIRMATORY YAX v1.1,9240,0.277777777778,5062184.8339,3009538.1708,2,2,False
POST-OUTCOME SUPPLEMENTARY QUINTILE-WEIGHT SENSITIVITY — NOT PART OF CONFIRMATORY YAX v1.1,9300,0.0425531914894,2076487.5148000002,1418196.4971,1,1,False
POST-OUTCOME SUPPLEMENTARY QUINTILE-WEIGHT SENSITIVITY — NOT PART OF CONFIRMATORY YAX v1.1,9310,0.243698090483,3901688.9679000005,2177325.8236000002,2,2,False
POST-OUTCOME SUPPLEMENTARY QUINTILE-WEIGHT SENSITIVITY — NOT PART OF CONFIRMATORY YAX v1.1,9350,0.107142857143,5750158.778999999,3720143.1781,1,1,False
POST-OUTCOME SUPPLEMENTARY QUINTILE-WEIGHT SENSITIVITY — NOT PART OF CONFIRMATORY YAX v1.1,9410,0.412575757576,3882156.0349,2416821.1876,3,3,False
POST-OUTCOME SUPPLEMENTARY QUINTILE-WEIGHT SENSITIVITY — NOT PART OF CONFIRMATORY YAX v1.1,9415,0.222222222222,2671401.5552000003,1578273.7242,2,2,False
POST-OUTCOME SUPPLEMENTARY QUINTILE-WEIGHT SENSITIVITY — NOT PART OF CONFIRMATORY YAX v1.1,9510,0.184210526316,5916504.9982,3652538.5771999997,2,2,False
POST-OUTCOME SUPPLEMENTARY QUINTILE-WEIGHT SENSITIVITY — NOT PART OF CONFIRMATORY YAX v1.1,9570,0.0998585486549,2675560.4515989,1342200.8012989,1,1,False
POST-OUTCOME SUPPLEMENTARY QUINTILE-WEIGHT SENSITIVITY — NOT PART OF CONFIRMATORY YAX v1.1,9600,0.03125,61465442.0219,37145567.934,1,1,False
POST-OUTCOME SUPPLEMENTARY QUINTILE-WEIGHT SENSITIVITY — NOT PART OF CONFIRMATORY YAX v1.1,9610,0.0833333333333,28124023.565100003,16602151.3314,1,1,False
POST-OUTCOME SUPPLEMENTARY QUINTILE-WEIGHT SENSITIVITY — NOT PART OF CONFIRMATORY YAX v1.1,9620,0.0417391304348,188309665.85270002,113088777.79959999,1,1,False
POST-OUTCOME SUPPLEMENTARY QUINTILE-WEIGHT SENSITIVITY — NOT PART OF CONFIRMATORY YAX v1.1,9630,0.0909090909091,2122411.2681,1245709.7078,1,1,False
POST-OUTCOME SUPPLEMENTARY QUINTILE-WEIGHT SENSITIVITY — NOT PART OF CONFIRMATORY YAX v1.1,9640,0.1,55677709.6437,33996110.7899,1,1,False
POST-OUTCOME SUPPLEMENTARY QUINTILE-WEIGHT SENSITIVITY — NOT PART OF CONFIRMATORY YAX v1.1,9645,0.181818181818,131234642.18769999,78824435.7931,2,2,False
POST-OUTCOME SUPPLEMENTARY QUINTILE-WEIGHT SENSITIVITY — NOT PART OF CONFIRMATORY YAX v1.1,9650,0.116191591826,1831480.1794,1129928.7881,1,1,False
POST-OUTCOME SUPPLEMENTARY QUINTILE-WEIGHT SENSITIVITY — NOT PART OF CONFIRMATORY YAX v1.1,9720,0.196428571429,9954648.7303,5603820.623699999,2,2,False
