event_id,wave_id,pre_series_id,pre_accession,pre_report_date,effective_date,strictly_pre_pass,series_id_pass,positions,common_equity_candidates,position_value_usd,common_equity_value_usd,source_url
P1E000016732,W002,S000016732,0001752724-21-127156,2021-04-30,2021-06-11,True,True,2466,2334,13220834754.579983,12497703681.709991,https://www.sec.gov/Archives/edgar/data/355437/000175272421127156/primary_doc.xml
P1E000000972,W002,S000000972,0001752724-21-127168,2021-04-30,2021-06-11,True,True,1937,1833,5449142734.480002,5218037873.080001,https://www.sec.gov/Archives/edgar/data/355437/000175272421127168/primary_doc.xml
P1E000000976,W002,S000000976,0001752724-21-127167,2021-04-30,2021-06-11,True,True,1942,1845,4319410042.890007,3953999486.7500076,https://www.sec.gov/Archives/edgar/data/355437/000175272421127167/primary_doc.xml
P1E000000977,W002,S000000977,0001752724-21-127155,2021-04-30,2021-06-11,True,True,1362,1279,6130424408.959994,5548112549.469996,https://www.sec.gov/Archives/edgar/data/355437/000175272421127155/primary_doc.xml
P1E000028002,W005,S000028002,0001752724-22-093865,2022-02-28,2022-04-08,True,True,1094,0,1178110922.2999995,0.0,https://www.sec.gov/Archives/edgar/data/1217286/000175272422093865/primary_doc.xml
P1E000003858,W006,S000003858,0001752724-22-126192,2022-03-31,2022-05-06,True,True,649,627,1120805357.6799998,1034526621.2900001,https://www.sec.gov/Archives/edgar/data/763852/000175272422126192/primary_doc.xml
P1E000001015,W006,S000001015,0001752724-22-151138,2022-04-30,2022-05-06,True,True,1028,979,7765976886.49,7377197835.270001,https://www.sec.gov/Archives/edgar/data/861929/000175272422151138/primary_doc.xml
P1E000041661,W007,S000041661,0001752724-22-151024,2022-04-30,2022-05-20,True,True,45,44,148234359.23,143179864.68,https://www.sec.gov/Archives/edgar/data/890540/000175272422151024/primary_doc.xml
P1E000003653,W008,S000003653,0001752724-22-150868,2022-04-30,2022-06-10,True,True,201,2,5125009280.81,33090719.61,https://www.sec.gov/Archives/edgar/data/763852/000175272422150868/primary_doc.xml
P1E000043622,W009,S000043622,0001752724-22-221660,2022-07-31,2022-08-01,True,True,50,48,63874230.220000006,37730535.370000005,https://www.sec.gov/Archives/edgar/data/1552947/000175272422221660/primary_doc.xml
P1E000004420,W011,S000004420,0001752724-22-261692,2022-09-30,2022-10-14,True,True,37,37,203555424.21,203555424.21,https://www.sec.gov/Archives/edgar/data/916006/000175272422261692/primary_doc.xml
P1E000047047,W013,S000047047,0001752724-22-264370,2022-09-30,2022-10-28,True,True,123,116,181525039.09999996,167905758.75,https://www.sec.gov/Archives/edgar/data/1474103/000175272422264370/primary_doc.xml
P1E000045556,W010,S000045556,0001145549-22-049425,2022-06-30,2022-09-30,True,True,12,11,155181833.65,154748851.0,https://www.sec.gov/Archives/edgar/data/1602508/000114554922049425/primary_doc.xml
P1E000030751,W016,S000030751,0001752724-23-036454,2022-12-30,2023-03-10,True,True,588,553,820877495.1099998,722219562.8299998,https://www.sec.gov/Archives/edgar/data/916006/000175272423036454/primary_doc.xml
P1E000067932,W018,S000067932,0001752724-23-163291,2023-05-31,2023-06-09,True,True,35,28,38024638.949999996,34443301.480000004,https://www.sec.gov/Archives/edgar/data/225322/000175272423163291/primary_doc.xml
P1E000067933,W018,S000067933,0001752724-23-163293,2023-05-31,2023-06-09,True,True,39,29,41048783.57000001,28643972.999999996,https://www.sec.gov/Archives/edgar/data/225322/000175272423163293/primary_doc.xml
P1E000067934,W018,S000067934,0001752724-23-163292,2023-05-31,2023-06-09,True,True,68,64,43460479.879999995,40576709.779999994,https://www.sec.gov/Archives/edgar/data/225322/000175272423163292/primary_doc.xml
P1E000067935,W018,S000067935,0001752724-23-163295,2023-05-31,2023-06-09,True,True,53,38,103989726.34,81493436.83999999,https://www.sec.gov/Archives/edgar/data/225322/000175272423163295/primary_doc.xml
P1E000067936,W019,S000067936,0001752724-23-163297,2023-05-31,2023-06-16,True,True,5,5,95529733.55,95529733.55,https://www.sec.gov/Archives/edgar/data/225322/000175272423163297/primary_doc.xml
P1E000032550,W021,S000032550,0001752724-23-191331,2023-06-30,2023-07-28,True,True,41,39,244522613.74999997,237694239.71,https://www.sec.gov/Archives/edgar/data/1217286/000175272423191331/primary_doc.xml
P1E000018749,W020,S000018749,0001752724-23-165873,2023-05-31,2023-07-14,True,True,445,0,255942166.31000003,0.0,https://www.sec.gov/Archives/edgar/data/1217286/000175272423165873/primary_doc.xml
P1E000003492,W021,S000003492,0001752724-23-165872,2023-05-31,2023-07-28,True,True,376,0,1037781083.6200001,0.0,https://www.sec.gov/Archives/edgar/data/763852/000175272423165872/primary_doc.xml
P1E000003497,W020,S000003497,0001752724-23-165893,2023-05-31,2023-07-14,True,True,479,0,263302382.72000027,0.0,https://www.sec.gov/Archives/edgar/data/763852/000175272423165893/primary_doc.xml
P1E000045559,W022,S000045559,0001145549-23-069377,2023-09-30,2023-10-09,True,True,10,9,58899764.79,58617333.0,https://www.sec.gov/Archives/edgar/data/1602508/000114554923069377/primary_doc.xml
P1E000004018,W023,S000004018,0001752724-23-219537,2023-07-31,2023-10-13,True,True,71,66,236618438.6800001,219062719.54000005,https://www.sec.gov/Archives/edgar/data/49905/000175272423219537/primary_doc.xml
P1E000015911,W025,S000015911,0001752724-23-239278,2023-08-31,2023-11-17,True,True,185,174,2085290965.1999998,1987965506.0600002,https://www.sec.gov/Archives/edgar/data/1364923/000175272423239278/primary_doc.xml
P1E000015909,W025,S000015909,0001752724-23-239275,2023-08-31,2023-11-17,True,True,106,101,2370097828.930001,2350519813.950001,https://www.sec.gov/Archives/edgar/data/1364923/000175272423239275/primary_doc.xml
P1E000015910,W025,S000015910,0001752724-23-239281,2023-08-31,2023-11-17,True,True,358,335,5663455789.590002,5264824325.880003,https://www.sec.gov/Archives/edgar/data/1364923/000175272423239281/primary_doc.xml
P1E000019927,W025,S000019927,0001752724-23-239300,2023-08-31,2023-11-17,True,True,291,269,1683721283.1999996,1522732658.4199998,https://www.sec.gov/Archives/edgar/data/1364923/000175272423239300/primary_doc.xml
P1E000019928,W025,S000019928,0001752724-23-239326,2023-08-31,2023-11-17,True,True,579,543,625908582.05,545286363.9700003,https://www.sec.gov/Archives/edgar/data/1364923/000175272423239326/primary_doc.xml
P1E000071994,W026,S000071994,0001145549-24-016787,2024-01-31,2024-02-16,True,True,80,0,30891368.01,0.0,https://www.sec.gov/Archives/edgar/data/1612930/000114554924016787/primary_doc.xml
P1E000063885,W027,S000063885,0001752724-24-045045,2023-12-31,2024-03-22,True,True,83,0,141217103.16000003,0.0,https://www.sec.gov/Archives/edgar/data/741375/000175272424045045/primary_doc.xml
P1E000062248,W029,S000062248,0001752724-24-115511,2024-03-28,2024-06-21,True,True,863,1,438649408.74999964,252450.0,https://www.sec.gov/Archives/edgar/data/1028621/000175272424115511/primary_doc.xml
P1E000007831,W029,S000007831,0001752724-24-140147,2024-04-30,2024-06-21,True,True,353,0,167181634.37000003,0.0,https://www.sec.gov/Archives/edgar/data/723620/000175272424140147/primary_doc.xml
P1E000004119,W028,S000004119,0001752724-24-125101,2024-03-31,2024-06-14,True,True,269,0,236408867.94000006,0.0,https://www.sec.gov/Archives/edgar/data/741375/000175272424125101/primary_doc.xml
P1E000068295,W030,S000068295,0001145549-24-073262,2024-09-30,2024-10-07,True,True,39,16,70567842.11999997,28020286.7,https://www.sec.gov/Archives/edgar/data/1318342/000114554924073262/primary_doc.xml
P1E000006320,W031,S000006320,0001752724-24-289084,2024-10-31,2024-11-18,True,True,241,1,41416046.76,2501232.97,https://www.sec.gov/Archives/edgar/data/892071/000175272424289084/primary_doc.xml
P1E000062250,W031,S000062250,0001752724-24-262595,2024-09-30,2024-11-18,True,True,256,0,4803754.599999999,0.0,https://www.sec.gov/Archives/edgar/data/1028621/000175272424262595/primary_doc.xml
P1E000072756,W033,S000072756,0001752724-25-076981,2025-01-31,2025-02-14,True,True,82,11,73545133.86000001,14883488.580000002,https://www.sec.gov/Archives/edgar/data/1413594/000175272425076981/primary_doc.xml
P1E000000305,W034,S000000305,0001752724-25-066362,2025-01-31,2025-03-28,True,True,48,46,134228400.33,128655312.60000001,https://www.sec.gov/Archives/edgar/data/819940/000175272425066362/primary_doc.xml
P1E000079710,W035,S000079710,0001752724-25-076694,2025-01-31,2025-04-04,True,True,346,0,68886705.08999997,0.0,https://www.sec.gov/Archives/edgar/data/35315/000175272425076694/primary_doc.xml
P1E000063497,W037,S000063497,0001752724-25-153184,2025-04-30,2025-07-11,True,True,212,2,204131521.92999998,2502916.76,https://www.sec.gov/Archives/edgar/data/1659326/000175272425153184/primary_doc.xml
P1E000046127,W038,S000046127,0001145549-25-051670,2025-06-30,2025-08-22,True,True,34,27,29137715.610000007,23240285.150000002,https://www.sec.gov/Archives/edgar/data/1027596/000114554925051670/primary_doc.xml
P1E000030249,W040,S000030249,0002071691-25-004160,2025-08-31,2025-09-26,True,True,1515,2,1252289887.7100005,29841.08,https://www.sec.gov/Archives/edgar/data/1217286/000207169125004160/primary_doc.xml
P1E000002946,W042,S000002946,0002071691-25-004194,2025-08-31,2025-10-24,True,True,496,0,1903120892.2799995,0.0,https://www.sec.gov/Archives/edgar/data/1217286/000207169125004194/primary_doc.xml
P1E000042723,W042,S000042723,0001410368-25-029300,2025-09-30,2025-10-24,True,True,72,13,141211756.32999998,24701347.59,https://www.sec.gov/Archives/edgar/data/874964/000141036825029300/primary_doc.xml
P1E000074874,W045,S000074874,0001410368-25-032568,2025-09-30,2025-12-12,True,True,47,40,103405507.04,90818523.26000002,https://www.sec.gov/Archives/edgar/data/1217673/000141036825032568/primary_doc.xml
P1E000037782,W015,S000037782,0001387131-23-003789,2023-02-28,2023-03-06,True,True,37,0,123491305.16,0.0,https://www.sec.gov/Archives/edgar/data/1464413/000138713123003789/primary_doc.xml
P1E000000369,W044,S000000369,0000940400-26-002292,2025-11-30,2025-12-05,True,True,60,54,139934519.35000002,123870220.42000002,https://www.sec.gov/Archives/edgar/data/1111565/000094040026002292/primary_doc.xml
P1E000023621,W046,S000023621,0000940400-26-002281,2025-11-30,2026-01-09,True,True,699,0,1914856675.8000007,0.0,https://www.sec.gov/Archives/edgar/data/1111565/000094040026002281/primary_doc.xml
P1E000008762,W024,S000008762,0001752724-23-273220,2023-09-30,2023-11-10,True,True,48,47,53784938.809999995,51836289.75,https://www.sec.gov/Archives/edgar/data/870355/000175272423273220/primary_doc.xml
P1E000008771,W024,S000008771,0001752724-23-273221,2023-09-30,2023-11-10,True,True,36,35,13476798.5893,12790464.069299998,https://www.sec.gov/Archives/edgar/data/870355/000175272423273221/primary_doc.xml
P1E000001110,W036,S000001110,0001145549-25-030746,2025-03-31,2025-05-02,True,True,38,36,169275301.85999998,160440300.32999998,https://www.sec.gov/Archives/edgar/data/19780/000114554925030746/primary_doc.xml
P1E000011051,W039,S000011051,0001752724-25-203757,2025-06-30,2025-09-03,True,True,381,0,1029187027.6599993,0.0,https://www.sec.gov/Archives/edgar/data/832808/000175272425203757/primary_doc.xml
P1E000063425,W003,S000063425,0001145549-21-057267,2021-07-31,2021-09-24,True,True,25,22,5266504.2700000005,3963087.7,https://www.sec.gov/Archives/edgar/data/1587982/000114554921057267/primary_doc.xml
P1E000021579,W047,S000021579,0001410368-26-033302,2026-01-31,2026-03-16,True,True,447,3,1494317175.9199998,2485.01,https://www.sec.gov/Archives/edgar/data/773757/000141036826033302/primary_doc.xml
P1E000046191,W041,S000046191,0001049169-25-000332,2025-07-31,2025-10-03,True,True,66,65,18531208.730000008,18363743.020000003,https://www.sec.gov/Archives/edgar/data/915802/000104916925000332/primary_doc.xml
P1E000029296,W017,S000029296,0001752724-23-139141,2023-04-30,2023-05-12,True,True,51,24,386073217.96999997,153590421.76,https://www.sec.gov/Archives/edgar/data/1489215/000175272423139141/primary_doc.xml
P1E000011056,W039,S000011056,0001752724-25-203774,2025-06-30,2025-09-03,True,True,187,7,1214906700.1100006,57037984.739999995,https://www.sec.gov/Archives/edgar/data/832808/000175272425203774/primary_doc.xml
P1E000009157,W001,S000009157,0001398344-21-005128,2020-12-31,2021-03-26,True,True,37,37,4126590.7000000016,4126590.7000000016,https://www.sec.gov/Archives/edgar/data/919160/000139834421005128/primary_doc.xml
P1E000036495,W001,S000036495,0001398344-21-005130,2020-12-31,2021-03-26,True,True,35,35,20853202.580000006,20853202.580000006,https://www.sec.gov/Archives/edgar/data/919160/000139834421005130/primary_doc.xml
P1E000002382,W043,S000002382,0001410368-25-043334,2025-10-31,2025-11-07,True,True,391,0,414881186.4199998,0.0,https://www.sec.gov/Archives/edgar/data/882381/000141036825043334/primary_doc.xml
P1E000002792,W037,S000002792,0001752724-25-203886,2025-06-30,2025-07-11,True,True,118,107,149612942.55999994,136910918.08999997,https://www.sec.gov/Archives/edgar/data/1217286/000175272425203886/primary_doc.xml
P1E000008429,W032,S000008429,0001752724-25-016206,2024-11-30,2024-12-09,True,True,1011,949,2808710200.409994,2721543029.609995,https://www.sec.gov/Archives/edgar/data/875186/000175272425016206/primary_doc.xml
P1E000055869,W004,S000055869,0001145549-22-003013,2021-11-30,2021-12-10,True,True,47,44,655397207.2199999,617850775.1999999,https://www.sec.gov/Archives/edgar/data/831114/000114554922003013/primary_doc.xml
P1E000055870,W004,S000055870,0001145549-22-003010,2021-11-30,2021-12-10,True,True,34,32,345612851.37,304415458.26,https://www.sec.gov/Archives/edgar/data/831114/000114554922003010/primary_doc.xml
P1E000039735,W014,S000039735,0001752724-22-269320,2022-09-30,2022-12-09,True,True,45,44,40648868.82,40508483.46,https://www.sec.gov/Archives/edgar/data/1537140/000175272422269320/primary_doc.xml
P1E000011060,W039,S000011060,0001752724-25-203758,2025-06-30,2025-09-03,True,True,402,0,1238722932.1000001,0.0,https://www.sec.gov/Archives/edgar/data/832808/000175272425203758/primary_doc.xml
P1E000080611,W038,S000080611,0001752724-25-210867,2025-06-30,2025-08-22,True,True,16,0,191481498.02,0.0,https://www.sec.gov/Archives/edgar/data/804239/000175272425210867/primary_doc.xml
P1E000008433,W032,S000008433,0001752724-25-016208,2024-11-30,2024-12-09,True,True,2470,2316,598191042.510001,569025973.9400015,https://www.sec.gov/Archives/edgar/data/875186/000175272425016208/primary_doc.xml
P1E000054437,W012,S000054437,0001145549-22-059726,2022-07-31,2022-10-24,True,True,7,1,99537061.52,101498600.0,https://www.sec.gov/Archives/edgar/data/1261788/000114554922059726/primary_doc.xml
