control,support_occupations,support_hash_sha256,primary_support_employment_coverage,baseline_specification,augmented_specification,characteristic_weighted_mean,characteristic_weighted_sd
computer_use,455,ea68bb5116f6284ace4c2ef3b35f7540308d196361d6d100f0d505fac44d3ee0,0.9675419595175052,support_specific_computer_use_baseline,support_specific_computer_use_augmented,3.464636520026743,0.9748269104366126
remotability,408,12e4bdcdc7958ec8a52b06762585d4887743963ddcbca7de1223b2eea44a5aca,0.8858369692614991,support_specific_remotability_baseline,support_specific_remotability_augmented,0.3929193925189126,0.4696889860872726
wage,457,f48d5e814f8926588f309a3003ccc46c2c03d29ed01db27def719fc3e0a696e5,0.9793340504046826,support_specific_wage_baseline,support_specific_wage_augmented,10.960633079684017,0.4961908121332311
education_requirement,404,61669f2832f2943d20ca02b2d8af6092d1336086add60d27c69df8cce1d115ec,0.8453622535371023,support_specific_education_requirement_baseline,support_specific_education_requirement_augmented,4.006352815839904,1.9465588531068938
routine_task_intensity,449,3fe0a6d3cfecdc5fbf697cdd0af06df6d30fcf345d0c8b6c3882febe008e1fbe,0.9845421722715809,support_specific_routine_task_intensity_baseline,support_specific_routine_task_intensity_augmented,0.8515586037978956,1.8575843576673507
manual_physical,455,1954f53572f4279eb0c6471ae015caf7b03f12f1b84f86fce4b01ecb7eabc99a,0.9685499001536444,support_specific_manual_physical_baseline,support_specific_manual_physical_augmented,1.9069373482703624,0.5833893515696877
pandemic_total_shortfall,468,11ec58ab1004cd83d62c57785f6c0dd3ee5a8abf08b7f71a3b664e91ded8333b,1.0,support_specific_pandemic_total_shortfall_baseline,support_specific_pandemic_total_shortfall_augmented,0.05947395922972111,0.2329388881209708
pandemic_young_relative_shortfall,458,f678664423ded1dde48cfdc5a1760a71e79683bbd62ac1d7a4c49c7a3dc39708,0.9994953992692724,support_specific_pandemic_young_relative_shortfall_baseline,support_specific_pandemic_young_relative_shortfall_augmented,-0.0018125360983267834,0.040429715911283234
SOC2_post,468,11ec58ab1004cd83d62c57785f6c0dd3ee5a8abf08b7f71a3b664e91ded8333b,1.0,support_specific_SOC2_post_baseline,support_specific_SOC2_post_augmented,nan,nan
