analysis_status,treatment_contract,structure,event_bin,quintile,reference_bin,transition_month_excluded,observed_month_count_in_bin,simultaneous_all_targets_ci_lower,simultaneous_all_targets_ci_upper,coefficient,occupation_cluster_se,bootstrap_se,ci_lower,ci_upper,wild_score_p_value,critical,normal_theory_MDE80,simultaneous_q5_ci_lower,simultaneous_q5_ci_upper
POST-OUTCOME EXPLORATORY -- NOT PART OF CONFIRMATORY YAX v1.1,historical_production_full_static_weight,unconditioned,2017Q1,5,2022Q4,True,3,-0.22763124561007023,0.38768704033267465,0.0800278973613022,0.09244527776745287,0.09200843736741084,-0.10145344299880033,0.2615092377214047,0.3831,1.9631218028964212,0.2589933236776434,-0.1906337423685844,0.3506895370911888
POST-OUTCOME EXPLORATORY -- NOT PART OF CONFIRMATORY YAX v1.1,historical_production_full_static_weight,unconditioned,2017Q2,5,2022Q4,True,3,-0.377724160100024,0.3147917851163013,-0.031466187491861385,0.10404343634258642,0.10249264173225127,-0.23278274532702448,0.1698503703433017,0.7617,1.9349279965367832,0.2914865532990677,-0.33608496049673825,0.2731525855130155
POST-OUTCOME EXPLORATORY -- NOT PART OF CONFIRMATORY YAX v1.1,historical_production_full_static_weight,unconditioned,2017Q3,5,2022Q4,True,3,-0.29775700346587386,0.25330255008086344,-0.022227226692505188,0.08279106059067602,0.08231606361024268,-0.18437261597747898,0.13991816259246861,0.7888,1.9584890944522422,0.23194621154273307,-0.2646232122486009,0.22016875886359052
POST-OUTCOME EXPLORATORY -- NOT PART OF CONFIRMATORY YAX v1.1,historical_production_full_static_weight,unconditioned,2017Q4,5,2022Q4,True,3,-0.27858354836863797,0.278052522527899,-0.0002655129203694892,0.0836288752748072,0.08368932262759747,-0.16383830572049793,0.16330727987975893,0.9976,1.9559367773705305,0.23429342077731294,-0.24511445553033603,0.24458342968959704
POST-OUTCOME EXPLORATORY -- NOT PART OF CONFIRMATORY YAX v1.1,historical_production_full_static_weight,unconditioned,2018Q1,5,2022Q4,True,3,-0.23198047819824397,0.4053575303171886,0.08668852605947229,0.09575351582261732,0.09520683715281872,-0.09884708887186743,0.272224140990812,0.3696,1.9376376244507103,0.2682616345109909,-0.19365898576958251,0.3670360378885271
POST-OUTCOME EXPLORATORY -- NOT PART OF CONFIRMATORY YAX v1.1,historical_production_full_static_weight,unconditioned,2018Q2,5,2022Q4,True,3,-0.38615584850672896,0.36857061549008124,-0.008792616508323843,0.11338993037682088,0.11283663763325956,-0.22775029800222665,0.210165064985579,0.9412,1.9310152212480947,0.31767155282656,-0.34077609068695996,0.32319085767031225
POST-OUTCOME EXPLORATORY -- NOT PART OF CONFIRMATORY YAX v1.1,historical_production_full_static_weight,unconditioned,2018Q3,5,2022Q4,True,3,-0.31873382243046566,0.40560368920380696,0.04343493338667066,0.10882430116280785,0.10848026556207495,-0.16589060348442808,0.2527604702577694,0.6961,1.9235183192946477,0.3048805535091964,-0.27518127402283976,0.36205114079618106
POST-OUTCOME EXPLORATORY -- NOT PART OF CONFIRMATORY YAX v1.1,historical_production_full_static_weight,unconditioned,2018Q4,5,2022Q4,True,3,-0.3274306949878344,0.32369862341895794,-0.0018660357844382395,0.09782551904893197,0.09755374752085337,-0.19051190801938156,0.18677983645050505,0.9857,1.9283912221368673,0.2740665281217164,-0.2882799666270274,0.2845478950581509
POST-OUTCOME EXPLORATORY -- NOT PART OF CONFIRMATORY YAX v1.1,historical_production_full_static_weight,unconditioned,2019Q1,5,2022Q4,True,3,-0.2108387248551658,0.38633773965144186,0.08774950739813801,0.08971965468719338,0.08880802775370565,-0.08618520202766712,0.26168421682394316,0.3232,1.9386466659086756,0.2513572583458409,-0.17493204259645245,0.3504310573927285
POST-OUTCOME EXPLORATORY -- NOT PART OF CONFIRMATORY YAX v1.1,historical_production_full_static_weight,unconditioned,2019Q2,5,2022Q4,True,3,-0.32532075406195227,0.2556136912420083,-0.03485353140997199,0.08727945745757176,0.08689437395975332,-0.205546376582856,0.135839313762912,0.6853,1.9557047001106886,0.24452083785805273,-0.29039066257231955,0.22068359975237556
POST-OUTCOME EXPLORATORY -- NOT PART OF CONFIRMATORY YAX v1.1,historical_production_full_static_weight,unconditioned,2019Q3,5,2022Q4,True,3,-0.26386867132260144,0.36223283706410686,0.049182082870752715,0.0940653466274789,0.09384353897620035,-0.13494944148807989,0.2333136072295853,0.5964,1.9574852053438674,0.2635320846482174,-0.2262228006972129,0.3245869664387183
POST-OUTCOME EXPLORATORY -- NOT PART OF CONFIRMATORY YAX v1.1,historical_production_full_static_weight,unconditioned,2019Q4,5,2022Q4,True,3,-0.3020940850442188,0.2810388780919348,-0.010527603476141996,0.08760976227105931,0.086664072956179,-0.17964209089969171,0.15858688394740775,0.9041,1.9303155611850622,0.245446214940991,-0.26703180234154844,0.24597659538926445
POST-OUTCOME EXPLORATORY -- NOT PART OF CONFIRMATORY YAX v1.1,historical_production_full_static_weight,unconditioned,2020Q1,5,2022Q4,True,3,-0.23671146113238933,0.33924979841335107,0.051269168640480874,0.08653228717300365,0.0863600565593993,-0.11721422341271029,0.21975256069367202,0.5538,1.9470581161959002,0.24242757663339345,-0.20208039448959397,0.3046187317705557
POST-OUTCOME EXPLORATORY -- NOT PART OF CONFIRMATORY YAX v1.1,historical_production_full_static_weight,unconditioned,2020Q2,5,2022Q4,True,3,-0.34019114660675387,0.33218830280785117,-0.0040014218994513335,0.1010181338443824,0.10089940353403001,-0.2002510086920539,0.19224816489315125,0.9677,1.942716414608524,0.28301091053977906,-0.2997627026168087,0.291759858817906
POST-OUTCOME EXPLORATORY -- NOT PART OF CONFIRMATORY YAX v1.1,historical_production_full_static_weight,unconditioned,2020Q3,5,2022Q4,True,3,-0.37538734954653175,0.28108123356990167,-0.04715305798831503,0.09862768895096977,0.0980704190526523,-0.23763815788239184,0.14333204190576176,0.6326,1.9313551997428593,0.2763138754616806,-0.33591558495469603,0.24160946897806596
POST-OUTCOME EXPLORATORY -- NOT PART OF CONFIRMATORY YAX v1.1,historical_production_full_static_weight,unconditioned,2020Q4,5,2022Q4,True,3,-0.2451316606090797,0.28950919132548997,0.02218876535820514,0.08032431863648191,0.08064492266572518,-0.1356162284566366,0.17999375917304686,0.7825,1.964597975975478,0.22503542374696375,-0.2129850836189713,0.2573626143353816
POST-OUTCOME EXPLORATORY -- NOT PART OF CONFIRMATORY YAX v1.1,historical_production_full_static_weight,unconditioned,2021Q1,5,2022Q4,True,3,-0.29963140557245554,0.3178262594617966,0.009097426944670535,0.09276669759014065,0.09232571201333514,-0.17401370920371498,0.19220856309305603,0.9177,1.9738887004192198,0.259893808701694,-0.26250526697804577,0.2807001208673868
POST-OUTCOME EXPLORATORY -- NOT PART OF CONFIRMATORY YAX v1.1,historical_production_full_static_weight,unconditioned,2021Q2,5,2022Q4,True,3,-0.2473740756426867,0.3623083628787486,0.05746714361803097,0.09159854934702293,0.09077122330577517,-0.12057026182971771,0.23550454906577967,0.5328,1.9436705790312294,0.2566211418512107,-0.2107154413865731,0.325649728622635
POST-OUTCOME EXPLORATORY -- NOT PART OF CONFIRMATORY YAX v1.1,historical_production_full_static_weight,unconditioned,2021Q3,5,2022Q4,True,3,-0.3539360680340968,0.23689456535531447,-0.05852075133939114,0.08876625847957743,0.08874022002934254,-0.23169152379562413,0.11465002111684186,0.5215,1.9508625847520047,0.24868623762357908,-0.3184109442512033,0.201369441572421
POST-OUTCOME EXPLORATORY -- NOT PART OF CONFIRMATORY YAX v1.1,historical_production_full_static_weight,unconditioned,2021Q4,5,2022Q4,True,3,-0.2779702801005688,0.27045411692121846,-0.0037580815896751697,0.08239515528040803,0.08234900998638989,-0.16399237679737316,0.15647621361802283,0.9665,1.9447053004801922,0.23083704907771382,-0.24499493405598283,0.2374787708766325
POST-OUTCOME EXPLORATORY -- NOT PART OF CONFIRMATORY YAX v1.1,historical_production_full_static_weight,unconditioned,2022Q1,5,2022Q4,True,3,-0.24950174850827841,0.326457769355894,0.0384780104238078,0.08653202550316544,0.08643901594830555,-0.13116561180019043,0.20812163264780603,0.6554,1.9604721054148035,0.2424268435430427,-0.21487078658830852,0.29182680743592415
POST-OUTCOME EXPLORATORY -- NOT PART OF CONFIRMATORY YAX v1.1,historical_production_full_static_weight,unconditioned,2022Q2,5,2022Q4,True,3,-0.31582224734429143,0.24368937331506857,-0.036066437014611416,0.08406089720984689,0.08389724334224002,-0.19913988669606192,0.12700701266683906,0.6712,1.939944196340889,0.2355037670444207,-0.2821802551072529,0.21004738107803006
POST-OUTCOME EXPLORATORY -- NOT PART OF CONFIRMATORY YAX v1.1,historical_production_full_static_weight,unconditioned,2022Q3,5,2022Q4,True,3,-0.304460196349579,0.21286397845085991,-0.045798108949359546,0.07772266504638696,0.07823688455622711,-0.19891196667098943,0.10731574877227035,0.5593,1.9700026707813925,0.2177466695063032,-0.2733548265412467,0.1817586086425276
POST-OUTCOME EXPLORATORY -- NOT PART OF CONFIRMATORY YAX v1.1,historical_production_full_static_weight,unconditioned,2023Q1,5,2022Q4,True,3,-0.3626570727298663,0.18977973115263763,-0.08643867078861432,0.08299797836437778,0.08312883052021106,-0.24829993627433783,0.07542259469710917,0.3045,1.9501832294651813,0.23252590931890074,-0.32944047099822066,0.156563129420992
POST-OUTCOME EXPLORATORY -- NOT PART OF CONFIRMATORY YAX v1.1,historical_production_full_static_weight,unconditioned,2023Q2,5,2022Q4,True,3,-0.4018851812300002,0.1770119313399114,-0.11243662494504442,0.08697336905615963,0.087111460123865,-0.28502329888554034,0.06015004899545154,0.1955,1.984362291738462,0.24366330511722067,-0.3670775893087274,0.14220433941863858
POST-OUTCOME EXPLORATORY -- NOT PART OF CONFIRMATORY YAX v1.1,historical_production_full_static_weight,unconditioned,2023Q3,5,2022Q4,True,3,-0.3646480049451619,0.17078468245120593,-0.09693166124697801,0.08044328381415396,0.0818109864353901,-0.2579506101600101,0.06408728766605405,0.2372,2.0016456474480826,0.22536871483019993,-0.33245381692880277,0.13859049443484672
POST-OUTCOME EXPLORATORY -- NOT PART OF CONFIRMATORY YAX v1.1,historical_production_full_static_weight,unconditioned,2023Q4,5,2022Q4,True,3,-0.482104525082979,0.039189857477164025,-0.2214573338029075,0.07831914814712566,0.07824509288643383,-0.3741688129314249,-0.06874585467439012,0.0055,1.949861339677019,0.21941776774418692,-0.45076043691081014,0.007845769304995115
POST-OUTCOME EXPLORATORY -- NOT PART OF CONFIRMATORY YAX v1.1,historical_production_full_static_weight,unconditioned,2024Q1,5,2022Q4,True,3,-0.43401308242366476,0.17398255423190154,-0.13001526409588163,0.09134512462263006,0.09053555622171897,-0.30651920406496846,0.04648867587320524,0.1523,1.9322754301148477,0.2559111508894473,-0.3974558712179074,0.1374253430261441
POST-OUTCOME EXPLORATORY -- NOT PART OF CONFIRMATORY YAX v1.1,historical_production_full_static_weight,unconditioned,2024Q2,5,2022Q4,True,3,-0.38572084444079835,0.25223074402361834,-0.06674505020859,0.09584569993303993,0.09600364613053794,-0.2555472061156687,0.12205710569848871,0.4872,1.9698552573457166,0.26851989615209576,-0.3473624590306181,0.21387235861343806
POST-OUTCOME EXPLORATORY -- NOT PART OF CONFIRMATORY YAX v1.1,historical_production_full_static_weight,unconditioned,2024Q3,5,2022Q4,True,3,-0.338284772992887,0.2265362332681024,-0.055874269862392315,0.08485857808156864,0.08459262654901985,-0.22088746150939131,0.1091389217846067,0.5175,1.9445670122869996,0.23773853798340785,-0.30432354107860465,0.19257500135382005
POST-OUTCOME EXPLORATORY -- NOT PART OF CONFIRMATORY YAX v1.1,historical_production_full_static_weight,unconditioned,2024Q4,5,2022Q4,True,3,-0.32749978280977643,0.25720088929092755,-0.03514944675942446,0.08784529450534732,0.08712785583465993,-0.20392032800797366,0.13362143448912472,0.6829,1.92122847557049,0.24610607856696143,-0.2923432378060779,0.222044344287229
POST-OUTCOME EXPLORATORY -- NOT PART OF CONFIRMATORY YAX v1.1,historical_production_full_static_weight,unconditioned,2025Q1,5,2022Q4,True,3,-0.3955745072291497,0.19911336402650265,-0.09823057160132354,0.08934576900950335,0.0892159910887962,-0.27477357463316654,0.0783124314305195,0.271,1.975952582746978,0.2503097857579603,-0.3598174576710604,0.1633563144684133
POST-OUTCOME EXPLORATORY -- NOT PART OF CONFIRMATORY YAX v1.1,historical_production_full_static_weight,unconditioned,2025Q2,5,2022Q4,True,3,-0.48896245247587816,0.29524338150226753,-0.09685953548680531,0.1178189041430705,0.11867054327759019,-0.32410790341067064,0.13038883243706004,0.4243,1.9287937668127677,0.3300797002614951,-0.44181017608912004,0.2480911051155094
POST-OUTCOME EXPLORATORY -- NOT PART OF CONFIRMATORY YAX v1.1,historical_production_full_static_weight,unconditioned,2025Q3,5,2022Q4,True,3,-0.43606357537236423,0.23175455412270046,-0.10215451062483188,0.10033284218869555,0.10095624381139147,-0.2989700474545221,0.09466102620485833,0.3157,1.961626248557178,0.28109100756711064,-0.39590939179749857,0.1916003705478348
POST-OUTCOME EXPLORATORY -- NOT PART OF CONFIRMATORY YAX v1.1,historical_production_full_static_weight,unconditioned,2025Q4,5,2022Q4,True,2,-0.42303450062321624,0.1605562453456548,-0.13123912763878073,0.08767853945856462,0.08739863922233297,-0.30141591022995984,0.03893765495239837,0.1329,1.9409171690365776,0.24563890009284925,-0.38794469261823605,0.12546643734067456
POST-OUTCOME EXPLORATORY -- NOT PART OF CONFIRMATORY YAX v1.1,historical_production_full_static_weight,unconditioned,2026Q1,5,2022Q4,True,3,-0.44638348170676384,0.21017538783345474,-0.11810404693665455,0.09864125356251491,0.09832367002393243,-0.30770153781480747,0.0714934439414984,0.2394,1.9220912552372784,0.27635187787687493,-0.40690628842487786,0.17069819455156876
POST-OUTCOME EXPLORATORY -- NOT PART OF CONFIRMATORY YAX v1.1,historical_production_full_static_weight,unconditioned,2026Q2,5,2022Q4,True,3,-0.618840012151256,-0.021530326392755206,-0.3201851692720056,0.08973966981743921,0.09034281697896468,-0.49796029460911506,-0.14241004393489606,0.0006,1.9810093540433584,0.2514133324388762,-0.5829253196418944,-0.057445018902116673
POST-OUTCOME EXPLORATORY -- NOT PART OF CONFIRMATORY YAX v1.1,historical_production_full_static_weight,unconditioned,2026Q3,5,2022Q4,True,1,-0.7097115780788759,0.025596160895949738,-0.34205770859146306,0.11047246559548958,0.1106283147311614,-0.5552402013599486,-0.12887521582297756,0.0026,1.9297341796378753,0.30949802662081705,-0.6654994181647105,-0.01861599901821559
POST-OUTCOME EXPLORATORY -- NOT PART OF CONFIRMATORY YAX v1.1,historical_production_full_static_weight,SOC2_x_calendar_month,2017Q1,5,2022Q4,True,3,-0.7366954508602016,0.3310336296906723,-0.20283091058476466,0.15736360571428215,0.1579501358437279,-0.5079473373088907,0.10228551613936149,0.2061,1.938926255147661,0.4408675516380903,-0.6748270631699351,0.26916524200040576
POST-OUTCOME EXPLORATORY -- NOT PART OF CONFIRMATORY YAX v1.1,historical_production_full_static_weight,SOC2_x_calendar_month,2017Q2,5,2022Q4,True,3,-0.7480996207393051,0.3145352621845153,-0.2167821792773949,0.15661281478668024,0.1562330383126694,-0.5159843551008729,0.08241999654608312,0.1711,1.9104578142664534,0.43876414687342746,-0.6865264107298775,0.2529620521750877
POST-OUTCOME EXPLORATORY -- NOT PART OF CONFIRMATORY YAX v1.1,historical_production_full_static_weight,SOC2_x_calendar_month,2017Q3,5,2022Q4,True,3,-0.7217136761294339,0.2576185934062387,-0.23204754136159764,0.1443355434760416,0.14401741437226495,-0.5098206457645004,0.04572556304130512,0.1065,1.9244955034170816,0.40436832505077985,-0.6649673444682587,0.20087226174506337
POST-OUTCOME EXPLORATORY -- NOT PART OF CONFIRMATORY YAX v1.1,historical_production_full_static_weight,SOC2_x_calendar_month,2017Q4,5,2022Q4,True,3,-0.6684047635822435,0.2939470152170095,-0.18722887418261705,0.1418329318138189,0.14219124446597523,-0.46264746560838044,0.08818971724314631,0.193,1.9418522052924885,0.39735704521121956,-0.6126423477881062,0.2381845994228721
POST-OUTCOME EXPLORATORY -- NOT PART OF CONFIRMATORY YAX v1.1,historical_production_full_static_weight,SOC2_x_calendar_month,2018Q1,5,2022Q4,True,3,-0.662017661283585,0.39312643649965684,-0.13444561239196404,0.15550881098943956,0.15685220243727227,-0.43997569100776734,0.1710844662238393,0.3987,1.9647123315511144,0.43567118615433736,-0.6008784965836124,0.33198727179968424
POST-OUTCOME EXPLORATORY -- NOT PART OF CONFIRMATORY YAX v1.1,historical_production_full_static_weight,SOC2_x_calendar_month,2018Q2,5,2022Q4,True,3,-0.7596687547532426,0.21856744107180054,-0.270550656840721,0.14417400239378103,0.14480194540466965,-0.5493788994693642,0.00827758578792226,0.0584,1.9339703275149596,0.40391575394260065,-0.7029859338781848,0.16188462019674277
POST-OUTCOME EXPLORATORY -- NOT PART OF CONFIRMATORY YAX v1.1,historical_production_full_static_weight,SOC2_x_calendar_month,2018Q3,5,2022Q4,True,3,-0.7903819159049871,0.31343188431484903,-0.238475015795069,0.16268182894312516,0.16478964280377223,-0.5580156639613107,0.08106563237117273,0.1501,1.9642061454691147,0.4557670072226419,-0.7264226388057498,0.24947260721561174
POST-OUTCOME EXPLORATORY -- NOT PART OF CONFIRMATORY YAX v1.1,historical_production_full_static_weight,SOC2_x_calendar_month,2018Q4,5,2022Q4,True,3,-0.8705291798304229,0.07927264930848127,-0.39562826526097084,0.1399833003239036,0.14140897100880787,-0.6727131395284454,-0.11854339099349631,0.0034,1.9794137845466944,0.39217514497011663,-0.8154939570716941,0.024237426549752417
POST-OUTCOME EXPLORATORY -- NOT PART OF CONFIRMATORY YAX v1.1,historical_production_full_static_weight,SOC2_x_calendar_month,2019Q1,5,2022Q4,True,3,-0.6335537601197606,0.4794744955309168,-0.07703963229442189,0.1640398700021386,0.1647098676969032,-0.39582209800842344,0.24174283341957964,0.647,1.9433230818205693,0.45957167497916446,-0.5690605615311358,0.414981296942292
POST-OUTCOME EXPLORATORY -- NOT PART OF CONFIRMATORY YAX v1.1,historical_production_full_static_weight,SOC2_x_calendar_month,2019Q2,5,2022Q4,True,3,-0.7182296996277887,0.2968053048613907,-0.21071219738319905,0.14959746919154848,0.14993617671461767,-0.4990095787452481,0.07758518397884998,0.1646,1.9271541351605725,0.41911005835415244,-0.6594146122420182,0.23799021747562013
POST-OUTCOME EXPLORATORY -- NOT PART OF CONFIRMATORY YAX v1.1,historical_production_full_static_weight,SOC2_x_calendar_month,2019Q3,5,2022Q4,True,3,-0.5721492843766216,0.444406210749619,-0.06387153681350129,0.14982156151371254,0.151252750503004,-0.35789156341754297,0.23014848979054042,0.6877,1.9624680428733303,0.41973787209141983,-0.5132460938325437,0.3855030202055411
POST-OUTCOME EXPLORATORY -- NOT PART OF CONFIRMATORY YAX v1.1,historical_production_full_static_weight,SOC2_x_calendar_month,2019Q4,5,2022Q4,True,3,-0.6627089699917313,0.3288817009796149,-0.1669136345060582,0.14614220612609838,0.14662882222378051,-0.45037355635051735,0.11654628733840097,0.259,1.9396170987036874,0.40942984442529573,-0.6052523387364924,0.27142506972437597
POST-OUTCOME EXPLORATORY -- NOT PART OF CONFIRMATORY YAX v1.1,historical_production_full_static_weight,SOC2_x_calendar_month,2020Q1,5,2022Q4,True,3,-0.5958034394022584,0.3012080768978355,-0.14729768125221143,0.1322029802722907,0.13238453867681446,-0.40858499663498304,0.11398963413056018,0.2701,1.9764101750551577,0.37037791532132996,-0.543827093282271,0.2492317307778481
POST-OUTCOME EXPLORATORY -- NOT PART OF CONFIRMATORY YAX v1.1,historical_production_full_static_weight,SOC2_x_calendar_month,2020Q2,5,2022Q4,True,3,-0.5781187582501011,0.31216055051372843,-0.13297910386818634,0.13121077684576524,0.13238666618149636,-0.3904791047009551,0.1245208969645824,0.3226,1.9624912451776209,0.3675981728682152,-0.5265325024942817,0.2605742947579091
POST-OUTCOME EXPLORATORY -- NOT PART OF CONFIRMATORY YAX v1.1,historical_production_full_static_weight,SOC2_x_calendar_month,2020Q3,5,2022Q4,True,3,-0.5738019862070659,0.443010525236161,-0.06539573048545246,0.14985944098623522,0.14935609619853174,-0.35496399610828794,0.22417253513738306,0.6736,1.9322657532763166,0.4198439946617093,-0.514883903135069,0.38409244216416416
POST-OUTCOME EXPLORATORY -- NOT PART OF CONFIRMATORY YAX v1.1,historical_production_full_static_weight,SOC2_x_calendar_month,2020Q4,5,2022Q4,True,3,-0.6440445731667196,0.38817258215367,-0.12793599550652482,0.15212980183845073,0.15324397641286613,-0.4256567425691937,0.16978475155614406,0.4134,1.9570179114465927,0.42620460406505867,-0.5842338849414276,0.328361893928378
POST-OUTCOME EXPLORATORY -- NOT PART OF CONFIRMATORY YAX v1.1,historical_production_full_static_weight,SOC2_x_calendar_month,2021Q1,5,2022Q4,True,3,-0.66409326416433,0.1761121757261939,-0.24399054421906805,0.12383081061509736,0.12461174434499188,-0.48657833074814016,-0.001402757689995926,0.0486,1.9590260721389157,0.34692256856620324,-0.6154084836881827,0.12742739525004657
POST-OUTCOME EXPLORATORY -- NOT PART OF CONFIRMATORY YAX v1.1,historical_production_full_static_weight,SOC2_x_calendar_month,2021Q2,5,2022Q4,True,3,-0.6773561815558212,0.5179995682996555,-0.07967830662808281,0.17617342670062702,0.17806159548108133,-0.4213357776878184,0.2619791644316527,0.6605,1.9393246612630004,0.4935648680687852,-0.6080926068279582,0.4487359935717925
POST-OUTCOME EXPLORATORY -- NOT PART OF CONFIRMATORY YAX v1.1,historical_production_full_static_weight,SOC2_x_calendar_month,2021Q3,5,2022Q4,True,3,-0.8685999825191318,0.09516290509825798,-0.38671853871043693,0.1420409032699889,0.14221020216968394,-0.666091348189617,-0.10734572923125685,0.0061,1.9668475984565734,0.39793969496861487,-0.8127558015759282,0.039318724155054274
POST-OUTCOME EXPLORATORY -- NOT PART OF CONFIRMATORY YAX v1.1,historical_production_full_static_weight,SOC2_x_calendar_month,2021Q4,5,2022Q4,True,3,-0.6497022595596071,0.21662447452330283,-0.21653889251815214,0.1276806083914365,0.128871676692746,-0.46578692734340066,0.03270914230709637,0.0877,1.9521212967682375,0.3577081051091191,-0.5995039094097442,0.16642612437343987
POST-OUTCOME EXPLORATORY -- NOT PART OF CONFIRMATORY YAX v1.1,historical_production_full_static_weight,SOC2_x_calendar_month,2022Q1,5,2022Q4,True,3,-0.6018854850930845,0.35766865663900227,-0.12210841422704113,0.141420611624748,0.14192975345063089,-0.39788443142724383,0.1536676029731616,0.3951,1.9500411858772013,0.396201895064389,-0.5462851753030271,0.3020683468489448
POST-OUTCOME EXPLORATORY -- NOT PART OF CONFIRMATORY YAX v1.1,historical_production_full_static_weight,SOC2_x_calendar_month,2022Q2,5,2022Q4,True,3,-0.6014767604033683,0.3156670501802502,-0.14290485511155904,0.13517010974123983,0.1367956194015158,-0.4079257544037647,0.12211604418064664,0.2997,1.9606472155681687,0.37869058138176526,-0.5483338706249605,0.26252416040184245
POST-OUTCOME EXPLORATORY -- NOT PART OF CONFIRMATORY YAX v1.1,historical_production_full_static_weight,SOC2_x_calendar_month,2022Q3,5,2022Q4,True,3,-0.6074183211920343,0.16535652884995386,-0.22103089617104024,0.11389278331276725,0.11464136990325627,-0.4443174227002141,0.0022556303581336146,0.0521,1.9604975840830443,0.3190803381787921,-0.5626407321101499,0.12057893976806941
POST-OUTCOME EXPLORATORY -- NOT PART OF CONFIRMATORY YAX v1.1,historical_production_full_static_weight,SOC2_x_calendar_month,2023Q1,5,2022Q4,True,3,-0.6602979648603321,0.24007605344302582,-0.21011095570865315,0.13269855115173332,0.13515289942872544,-0.46962738822222294,0.04940547680491661,0.1208,1.9556839939934787,0.3717662993717037,-0.6081267822585661,0.1879048708412598
POST-OUTCOME EXPLORATORY -- NOT PART OF CONFIRMATORY YAX v1.1,historical_production_full_static_weight,SOC2_x_calendar_month,2023Q2,5,2022Q4,True,3,-0.711098289571573,0.187608349127189,-0.26174497022219195,0.13245281010051252,0.1339641279313728,-0.5221501845664664,-0.001339755877917459,0.0491,1.9660225717118769,0.3710778348751199,-0.6590237214478454,0.13553378100346153
POST-OUTCOME EXPLORATORY -- NOT PART OF CONFIRMATORY YAX v1.1,historical_production_full_static_weight,SOC2_x_calendar_month,2023Q3,5,2022Q4,True,3,-0.5858814482112567,0.2644894821163605,-0.1606959830474481,0.12532901672203392,0.12755671467084875,-0.4087959561607406,0.08740399006584446,0.2098,1.9795892412014306,0.35111992064908326,-0.5366076395678712,0.21521567347297493
POST-OUTCOME EXPLORATORY -- NOT PART OF CONFIRMATORY YAX v1.1,historical_production_full_static_weight,SOC2_x_calendar_month,2023Q4,5,2022Q4,True,3,-0.701471368293934,0.2137202447915914,-0.24387556175117125,0.13488239177704628,0.1366175349073244,-0.5122348310899305,0.024483707587587944,0.076,1.9895797057212878,0.37788451498629505,-0.648441596453269,0.16069047295092648
POST-OUTCOME EXPLORATORY -- NOT PART OF CONFIRMATORY YAX v1.1,historical_production_full_static_weight,SOC2_x_calendar_month,2024Q1,5,2022Q4,True,3,-0.6240290898108428,0.23358044529375302,-0.19522432225854489,0.1263958537772336,0.12702667376763518,-0.44885371329397294,0.058405068776883146,0.1256,2.0066274601256873,0.35410875557306587,-0.5743358481719191,0.18388720365482927
POST-OUTCOME EXPLORATORY -- NOT PART OF CONFIRMATORY YAX v1.1,historical_production_full_static_weight,SOC2_x_calendar_month,2024Q2,5,2022Q4,True,3,-0.5147381948594312,0.38219375333401656,-0.06627222076270733,0.13219125339850804,0.13207275197821855,-0.3237257425806925,0.1911813010552778,0.6187,1.9475836350674232,0.37034506148508584,-0.4627664592259047,0.33022201770049003
POST-OUTCOME EXPLORATORY -- NOT PART OF CONFIRMATORY YAX v1.1,historical_production_full_static_weight,SOC2_x_calendar_month,2024Q3,5,2022Q4,True,3,-0.7307295177447773,0.3444094038915949,-0.19316005692659122,0.15845567984827702,0.1588647690615125,-0.5016112834113202,0.11529116955813784,0.225,1.9466088358591775,0.4439270903889739,-0.6684317749593358,0.28211166110615343
POST-OUTCOME EXPLORATORY -- NOT PART OF CONFIRMATORY YAX v1.1,historical_production_full_static_weight,SOC2_x_calendar_month,2024Q4,5,2022Q4,True,3,-0.8293586855059955,0.2221361227887334,-0.303611281358631,0.15497097291546735,0.15339867065770715,-0.6045724017930572,-0.002650160924204892,0.0487,1.9420483382948923,0.4341643869565585,-0.7684309748733344,0.1612084121560724
POST-OUTCOME EXPLORATORY -- NOT PART OF CONFIRMATORY YAX v1.1,historical_production_full_static_weight,SOC2_x_calendar_month,2025Q1,5,2022Q4,True,3,-0.6813451934298691,0.18025547734609404,-0.25054485804188753,0.1269840736839324,0.12770710347186107,-0.5002982955085996,-0.0007914205751754777,0.0488,1.9668091455969248,0.355756703768673,-0.6314206898224006,0.13033097373862562
POST-OUTCOME EXPLORATORY -- NOT PART OF CONFIRMATORY YAX v1.1,historical_production_full_static_weight,SOC2_x_calendar_month,2025Q2,5,2022Q4,True,3,-0.8323533438525024,0.39893220949328717,-0.21671056717960763,0.181468818137305,0.1825721564337687,-0.5691323064682825,0.1357111721090672,0.2373,1.942051217978515,0.5084003584419042,-0.7610078561633224,0.32758672180410725
POST-OUTCOME EXPLORATORY -- NOT PART OF CONFIRMATORY YAX v1.1,historical_production_full_static_weight,SOC2_x_calendar_month,2025Q3,5,2022Q4,True,3,-0.7807659447895556,0.31496988150559524,-0.23289803164198022,0.16149128433137905,0.16296668847282791,-0.5540749239355521,0.08827886065159166,0.1539,1.988818737948229,0.45243159503686997,-0.7172747370083015,0.25147867372434096
POST-OUTCOME EXPLORATORY -- NOT PART OF CONFIRMATORY YAX v1.1,historical_production_full_static_weight,SOC2_x_calendar_month,2025Q4,5,2022Q4,True,2,-0.628319780726007,0.37252968809044895,-0.12789504631777904,0.14750678244047058,0.14723255270064936,-0.4166560398476215,0.16086594721206343,0.3876,1.957611634884504,0.41325282125662793,-0.5703266586089368,0.3145365659733788
POST-OUTCOME EXPLORATORY -- NOT PART OF CONFIRMATORY YAX v1.1,historical_production_full_static_weight,SOC2_x_calendar_month,2026Q1,5,2022Q4,True,3,-0.7686615107905412,0.28563669252373963,-0.24151240913340083,0.1553841417206951,0.1548496162190918,-0.5467529314319495,0.06372811316514787,0.1196,1.9644251911319386,0.43532191457386993,-0.7075713605155798,0.22454654224877807
POST-OUTCOME EXPLORATORY -- NOT PART OF CONFIRMATORY YAX v1.1,historical_production_full_static_weight,SOC2_x_calendar_month,2026Q2,5,2022Q4,True,3,-0.807292949594278,0.2521432298604889,-0.2775748598668945,0.156141384795056,0.15778683710100266,-0.5809283141655255,0.025778594431736523,0.0755,1.9428126290592262,0.4374433955775178,-0.7459050849406474,0.19075536520685843
POST-OUTCOME EXPLORATORY -- NOT PART OF CONFIRMATORY YAX v1.1,historical_production_full_static_weight,SOC2_x_calendar_month,2026Q3,5,2022Q4,True,1,-0.6980318195115157,0.4746975859363624,-0.11166711678757664,0.17283872016788376,0.1727552185218993,-0.45090023306987376,0.2275659994947205,0.5191,1.9627148127039427,0.4842224035399069,-0.630079303434505,0.4067450698593517
POST-OUTCOME EXPLORATORY -- NOT PART OF CONFIRMATORY YAX v1.1,rebuilt_corrected_preperiod_weight,unconditioned,2017Q1,5,2022Q4,True,3,-0.22688187861169462,0.3870690639658809,0.08009359267709316,0.09278518482686293,0.0924499342575086,-0.10012672721807696,0.2603139125722633,0.3933,1.9423393964398634,0.25994560227081887,-0.19010944777667638,0.3502966331308627
POST-OUTCOME EXPLORATORY -- NOT PART OF CONFIRMATORY YAX v1.1,rebuilt_corrected_preperiod_weight,unconditioned,2017Q2,5,2022Q4,True,3,-0.3728433464845703,0.3166236762695741,-0.028109835107498083,0.10419777982535958,0.10397016897622306,-0.22893050191047454,0.17271083169547835,0.7923,1.927302742338286,0.29191895971891707,-0.3315478998144982,0.27532822959950204
POST-OUTCOME EXPLORATORY -- NOT PART OF CONFIRMATORY YAX v1.1,rebuilt_corrected_preperiod_weight,unconditioned,2017Q3,5,2022Q4,True,3,-0.2925937106039092,0.25592919552217736,-0.018332257540865936,0.08289717581180542,0.08274845822600867,-0.17875869098170263,0.14209417589997078,0.8244,1.9352460668266858,0.23224350237766597,-0.25974007486835354,0.22307555978662166
POST-OUTCOME EXPLORATORY -- NOT PART OF CONFIRMATORY YAX v1.1,rebuilt_corrected_preperiod_weight,unconditioned,2017Q4,5,2022Q4,True,3,-0.27665929175742326,0.2777071011180616,0.0005239046803191423,0.08378029034177088,0.08342628807402482,-0.16279811801193306,0.16384592737257136,0.9949,1.9494086500058796,0.234717622990718,-0.24345566191415358,0.24450347127479188
POST-OUTCOME EXPLORATORY -- NOT PART OF CONFIRMATORY YAX v1.1,rebuilt_corrected_preperiod_weight,unconditioned,2018Q1,5,2022Q4,True,3,-0.22602055665863813,0.40729170198352377,0.09063557266244282,0.09571122201478856,0.0951576347217049,-0.09395700944006641,0.27522815476495205,0.3452,1.9286409494801708,0.2681431448041601,-0.18808848487108565,0.3693596301959713
POST-OUTCOME EXPLORATORY -- NOT PART OF CONFIRMATORY YAX v1.1,rebuilt_corrected_preperiod_weight,unconditioned,2018Q2,5,2022Q4,True,3,-0.38736345643987646,0.3639412794473106,-0.011711088496282952,0.11354319041831573,0.11273298864226314,-0.22809148167853222,0.20466930468596634,0.9214,1.9057099979757552,0.3181009238933394,-0.3423642561447447,0.3189420791521788
POST-OUTCOME EXPLORATORY -- NOT PART OF CONFIRMATORY YAX v1.1,rebuilt_corrected_preperiod_weight,unconditioned,2018Q3,5,2022Q4,True,3,-0.3132044798539251,0.4079516423838988,0.04737358126498688,0.10898689040192411,0.10832649228661552,-0.16066703578983688,0.2554141983198106,0.6716,1.9088590956913005,0.3053360611181287,-0.2700110228736231,0.36475818540359684
POST-OUTCOME EXPLORATORY -- NOT PART OF CONFIRMATORY YAX v1.1,rebuilt_corrected_preperiod_weight,unconditioned,2018Q4,5,2022Q4,True,3,-0.32542803139469695,0.32316691403564574,-0.0011305586795255873,0.09802086407240816,0.09801994885588822,-0.19226756949082666,0.1900064521317755,0.9909,1.949962516858736,0.27461380385191925,-0.28658060708641664,0.2843194897273654
POST-OUTCOME EXPLORATORY -- NOT PART OF CONFIRMATORY YAX v1.1,rebuilt_corrected_preperiod_weight,unconditioned,2019Q1,5,2022Q4,True,3,-0.20589957818495372,0.38938891461178315,0.09174466821341473,0.08996476591038188,0.09026757407111329,-0.08362684569528117,0.26711618212211063,0.3141,1.949335521901893,0.25204395832551935,-0.1702449298895252,0.35373426631635463
POST-OUTCOME EXPLORATORY -- NOT PART OF CONFIRMATORY YAX v1.1,rebuilt_corrected_preperiod_weight,unconditioned,2019Q2,5,2022Q4,True,3,-0.3153250275203694,0.2620497759186148,-0.026637625800877297,0.08725750566738605,0.0873299046859212,-0.19638310536234144,0.14310785376058682,0.7579,1.9453395815428327,0.2444593380471573,-0.2807433149551841,0.2274680633534295
POST-OUTCOME EXPLORATORY -- NOT PART OF CONFIRMATORY YAX v1.1,rebuilt_corrected_preperiod_weight,unconditioned,2019Q3,5,2022Q4,True,3,-0.2587294512971543,0.3638014099721588,0.05253597933750225,0.0940818508736159,0.09327236576926837,-0.1289873225168986,0.2340592811919031,0.5723,1.9294189067161183,0.26357832270023096,-0.22144312848024994,0.32651508715525446
POST-OUTCOME EXPLORATORY -- NOT PART OF CONFIRMATORY YAX v1.1,rebuilt_corrected_preperiod_weight,unconditioned,2019Q4,5,2022Q4,True,3,-0.2967591276155039,0.2822553106221904,-0.007251908496656751,0.08750530041334434,0.08802848525785094,-0.17830384118350467,0.16380002419019118,0.9313,1.9547608188173586,0.2451535561445601,-0.2620792095536756,0.2475753925603621
POST-OUTCOME EXPLORATORY -- NOT PART OF CONFIRMATORY YAX v1.1,rebuilt_corrected_preperiod_weight,unconditioned,2020Q1,5,2022Q4,True,3,-0.2273922121786503,0.34320811171974336,0.05790794977054654,0.08623369204859666,0.08689290689077168,-0.11047457621022443,0.2262904757513175,0.5149,1.952630369645772,0.2415910369466542,-0.19321625529046377,0.3090321548315568
POST-OUTCOME EXPLORATORY -- NOT PART OF CONFIRMATORY YAX v1.1,rebuilt_corrected_preperiod_weight,unconditioned,2020Q2,5,2022Q4,True,3,-0.3360023539611692,0.33443379862425693,-0.000784277668456142,0.1013216822684323,0.1019951550668136,-0.1976498068691993,0.196081251532287,0.9947,1.9429753315700564,0.2838613273175788,-0.2958467562732835,0.29427820093637125
POST-OUTCOME EXPLORATORY -- NOT PART OF CONFIRMATORY YAX v1.1,rebuilt_corrected_preperiod_weight,unconditioned,2020Q3,5,2022Q4,True,3,-0.3727885336937349,0.27961549187613044,-0.04658652090880223,0.09859652277777989,0.09853762506562341,-0.23863469125510292,0.14546164943749848,0.6451,1.9478188980269135,0.2762265607715667,-0.3337129655285731,0.24053992371096866
POST-OUTCOME EXPLORATORY -- NOT PART OF CONFIRMATORY YAX v1.1,rebuilt_corrected_preperiod_weight,unconditioned,2020Q4,5,2022Q4,True,3,-0.24856237463269115,0.2841418440198312,0.01778973469357004,0.08050652903668855,0.08065722073707685,-0.1407222524963246,0.17630172188346468,0.8239,1.9689333161743607,0.2255459017107691,-0.2166561950384686,0.2522356644256087
POST-OUTCOME EXPLORATORY -- NOT PART OF CONFIRMATORY YAX v1.1,rebuilt_corrected_preperiod_weight,unconditioned,2021Q1,5,2022Q4,True,3,-0.29930011718291694,0.31660039518132643,0.008650138999204743,0.09307981943110248,0.09395771220294104,-0.176570984730352,0.19387126272876148,0.9271,1.9899170933250154,0.26077104622280095,-0.2624109173763628,0.2797111953747723
POST-OUTCOME EXPLORATORY -- NOT PART OF CONFIRMATORY YAX v1.1,rebuilt_corrected_preperiod_weight,unconditioned,2021Q2,5,2022Q4,True,3,-0.24239461043610577,0.3633936109847359,0.06049950027431506,0.09155156901378513,0.09197908070358995,-0.11969878234246079,0.2406977828910909,0.5162,1.9682708287571018,0.2564895224440697,-0.20611108364593084,0.32711008419456095
POST-OUTCOME EXPLORATORY -- NOT PART OF CONFIRMATORY YAX v1.1,rebuilt_corrected_preperiod_weight,unconditioned,2021Q3,5,2022Q4,True,3,-0.3526011429827449,0.23593386537398928,-0.058333638804377835,0.08894412523938588,0.08888729239876568,-0.23356703519310562,0.11689975758434995,0.5134,1.9701514396493456,0.24918454650865207,-0.31735099286826673,0.2006837152595111
POST-OUTCOME EXPLORATORY -- NOT PART OF CONFIRMATORY YAX v1.1,rebuilt_corrected_preperiod_weight,unconditioned,2021Q4,5,2022Q4,True,3,-0.2766007470849177,0.2688747786420133,-0.0038629842214521967,0.0824366312732038,0.08275477158034983,-0.16531416245468253,0.15758819401177812,0.9601,1.9584883047702892,0.23095324760603703,-0.24392963339987875,0.23620366495697434
POST-OUTCOME EXPLORATORY -- NOT PART OF CONFIRMATORY YAX v1.1,rebuilt_corrected_preperiod_weight,unconditioned,2022Q1,5,2022Q4,True,3,-0.24194542684642165,0.33081679998790064,0.044435686570739506,0.08656041613936152,0.08541802321271777,-0.12325299693574593,0.21212437007722496,0.6003,1.9372444240160318,0.24250638232974245,-0.2076399833483609,0.2965113564898399
POST-OUTCOME EXPLORATORY -- NOT PART OF CONFIRMATORY YAX v1.1,rebuilt_corrected_preperiod_weight,unconditioned,2022Q2,5,2022Q4,True,3,-0.3064826855085392,0.24907212141971022,-0.028705282044414495,0.0839598929938552,0.08442385287572499,-0.19412368560204465,0.13671312151321566,0.7302,1.970207412838612,0.2352207951259313,-0.2732078759169737,0.21579731182814474
POST-OUTCOME EXPLORATORY -- NOT PART OF CONFIRMATORY YAX v1.1,rebuilt_corrected_preperiod_weight,unconditioned,2022Q3,5,2022Q4,True,3,-0.3070255352600608,0.20908454794800813,-0.04897049365602635,0.0779986903520675,0.07811227302874856,-0.20122023003949827,0.10327924272744557,0.5344,1.9519524712050023,0.2185199779225229,-0.27611325706020085,0.17817226974814818
POST-OUTCOME EXPLORATORY -- NOT PART OF CONFIRMATORY YAX v1.1,rebuilt_corrected_preperiod_weight,unconditioned,2023Q1,5,2022Q4,True,3,-0.3594925344768656,0.19088681333407195,-0.08430286057139683,0.08317773615124559,0.08292071623082531,-0.2460848916159037,0.07747917047311004,0.3143,1.9450160407146904,0.2330295160774303,-0.3265277076530304,0.15792198651023676
POST-OUTCOME EXPLORATORY -- NOT PART OF CONFIRMATORY YAX v1.1,rebuilt_corrected_preperiod_weight,unconditioned,2023Q2,5,2022Q4,True,3,-0.3921691991650629,0.18220932088638853,-0.10497993913933716,0.086804683318521,0.08645517161578901,-0.27272087264667916,0.06276099436800482,0.2246,1.932394971038989,0.2431907176481458,-0.3577669482082719,0.14780706992959752
POST-OUTCOME EXPLORATORY -- NOT PART OF CONFIRMATORY YAX v1.1,rebuilt_corrected_preperiod_weight,unconditioned,2023Q3,5,2022Q4,True,3,-0.35955056058262685,0.1731554995584747,-0.09319753051207609,0.08050680733719487,0.07953684645673335,-0.24785385809035554,0.061458797066203344,0.245,1.921034167092437,0.22554668139335382,-0.3276442706929284,0.14124920966877624
POST-OUTCOME EXPLORATORY -- NOT PART OF CONFIRMATORY YAX v1.1,rebuilt_corrected_preperiod_weight,unconditioned,2023Q4,5,2022Q4,True,3,-0.4709924323467128,0.04418610249617888,-0.21340316492526695,0.07785790730045222,0.07790302989768004,-0.3651189294771168,-0.06168740037341708,0.005,1.9486237148191197,0.2181255622061567,-0.44013594899209596,0.013329619141562055
POST-OUTCOME EXPLORATORY -- NOT PART OF CONFIRMATORY YAX v1.1,rebuilt_corrected_preperiod_weight,unconditioned,2024Q1,5,2022Q4,True,3,-0.4268653117341798,0.17823708541596445,-0.12431411315910768,0.09144792175583284,0.09129069607467276,-0.3050060740414534,0.05637784772323806,0.179,1.9759001343387077,0.2561991458182926,-0.39062286220899495,0.1419946358907796
POST-OUTCOME EXPLORATORY -- NOT PART OF CONFIRMATORY YAX v1.1,rebuilt_corrected_preperiod_weight,unconditioned,2024Q2,5,2022Q4,True,3,-0.3837111160668156,0.25200028926811424,-0.06585541339935068,0.09607380028265572,0.09585707216525284,-0.2524205116617403,0.12070968486303894,0.502,1.9418936038077217,0.26915893871982577,-0.3456353480167369,0.2139245212180355
POST-OUTCOME EXPLORATORY -- NOT PART OF CONFIRMATORY YAX v1.1,rebuilt_corrected_preperiod_weight,unconditioned,2024Q3,5,2022Q4,True,3,-0.3373238557897492,0.22671889292397573,-0.055302481432886734,0.08524265875370332,0.08508355127512256,-0.2201571815737657,0.10955221870799223,0.5149,1.9339460142509568,0.23881457271702325,-0.30354066314899797,0.19293570028322451
POST-OUTCOME EXPLORATORY -- NOT PART OF CONFIRMATORY YAX v1.1,rebuilt_corrected_preperiod_weight,unconditioned,2024Q4,5,2022Q4,True,3,-0.3179878262643592,0.2638562858312735,-0.02706577021654285,0.08793294339538177,0.08736934330041016,-0.19597064596474362,0.1418391055316579,0.7637,1.920837279251949,0.24635163440166594,-0.28313842562825575,0.22900688519517007
POST-OUTCOME EXPLORATORY -- NOT PART OF CONFIRMATORY YAX v1.1,rebuilt_corrected_preperiod_weight,unconditioned,2025Q1,5,2022Q4,True,3,-0.38829837689168634,0.20299781745529266,-0.09265027971819685,0.08936141778619854,0.08885134585158704,-0.2662525031618351,0.08095194372544136,0.299,1.9426977295614292,0.2503536271394311,-0.35288284626582295,0.16758228682942927
POST-OUTCOME EXPLORATORY -- NOT PART OF CONFIRMATORY YAX v1.1,rebuilt_corrected_preperiod_weight,unconditioned,2025Q2,5,2022Q4,True,3,-0.48114592113541654,0.29977653321205056,-0.09068469396168297,0.11801925730071136,0.11723997701959209,-0.3180302867558872,0.13666089883252128,0.4495,1.926343191729558,0.33064100670634394,-0.4343727753536972,0.25300338743033124
POST-OUTCOME EXPLORATORY -- NOT PART OF CONFIRMATORY YAX v1.1,rebuilt_corrected_preperiod_weight,unconditioned,2025Q3,5,2022Q4,True,3,-0.4367737831170995,0.22856277370638362,-0.10410550470535794,0.10055099050383029,0.09942808432494242,-0.2994134387189808,0.09120242930826493,0.2905,1.9423770271679521,0.28170216866214837,-0.3969236243811524,0.1887126149704365
POST-OUTCOME EXPLORATORY -- NOT PART OF CONFIRMATORY YAX v1.1,rebuilt_corrected_preperiod_weight,unconditioned,2025Q4,5,2022Q4,True,2,-0.40789545682898437,0.17081872308646856,-0.1185383668712579,0.08745992297030632,0.08771822997672625,-0.2906283836461987,0.05355164990368286,0.1782,1.967644275577139,0.24502642737090904,-0.37323352266069143,0.13615678891817562
POST-OUTCOME EXPLORATORY -- NOT PART OF CONFIRMATORY YAX v1.1,rebuilt_corrected_preperiod_weight,unconditioned,2026Q1,5,2022Q4,True,3,-0.4470174487320341,0.20660560042016704,-0.12020592415593354,0.09878075138718716,0.09887721036233542,-0.3120417402423973,0.07162989193053021,0.2281,1.942036412889108,0.27674269292043563,-0.40786886746882334,0.1674570191569563
POST-OUTCOME EXPLORATORY -- NOT PART OF CONFIRMATORY YAX v1.1,rebuilt_corrected_preperiod_weight,unconditioned,2026Q2,5,2022Q4,True,3,-0.6119074531245712,-0.018222574785318302,-0.31506501395494474,0.08972241484695,0.08912539313134535,-0.4891619430935785,-0.14096808481631096,0.0006,1.940395044377832,0.25136499116861466,-0.5763488528968861,-0.053781175013003335
POST-OUTCOME EXPLORATORY -- NOT PART OF CONFIRMATORY YAX v1.1,rebuilt_corrected_preperiod_weight,unconditioned,2026Q3,5,2022Q4,True,1,-0.6887941237459587,0.03908744249705404,-0.3248533406244523,0.11000329337777803,0.1102084292528483,-0.5377890020661891,-0.11191767918271561,0.002,1.9357207852901632,0.3081836006709271,-0.6451978480592022,-0.00450883318970241
POST-OUTCOME EXPLORATORY -- NOT PART OF CONFIRMATORY YAX v1.1,rebuilt_corrected_preperiod_weight,SOC2_x_calendar_month,2017Q1,5,2022Q4,True,3,-0.7485993774416935,0.32008392394711427,-0.2142577267472896,0.15923719669652694,0.15797974715907054,-0.5205168506679543,0.09200139717337502,0.1768,1.9232888437764386,0.4461165764387371,-0.68674441768271,0.2582289641881308
POST-OUTCOME EXPLORATORY -- NOT PART OF CONFIRMATORY YAX v1.1,rebuilt_corrected_preperiod_weight,SOC2_x_calendar_month,2017Q2,5,2022Q4,True,3,-0.7374646982737265,0.3218530564033786,-0.207805820935174,0.1578417005734343,0.1576992205759265,-0.5125477409456674,0.09693609907531939,0.1911,1.930680668691321,0.4422069751283468,-0.6761518125924614,0.26054017072211333
POST-OUTCOME EXPLORATORY -- NOT PART OF CONFIRMATORY YAX v1.1,rebuilt_corrected_preperiod_weight,SOC2_x_calendar_month,2017Q3,5,2022Q4,True,3,-0.7118050442715498,0.26969377469182526,-0.2210556347898623,0.14624643267988902,0.14698628650299142,-0.5083588812079984,0.06624761162827392,0.132,1.9645145604816145,0.40972184399773043,-0.6549962872978301,0.21288501771810547
POST-OUTCOME EXPLORATORY -- NOT PART OF CONFIRMATORY YAX v1.1,rebuilt_corrected_preperiod_weight,SOC2_x_calendar_month,2017Q4,5,2022Q4,True,3,-0.6785086803958035,0.28446286365073026,-0.19702290837253658,0.1434858100367265,0.14310282506180005,-0.47419147111705406,0.08014565437198087,0.1777,1.9316792557645501,0.40198772440785835,-0.6227722746443172,0.22872645789924403
POST-OUTCOME EXPLORATORY -- NOT PART OF CONFIRMATORY YAX v1.1,rebuilt_corrected_preperiod_weight,SOC2_x_calendar_month,2018Q1,5,2022Q4,True,3,-0.6549214608178611,0.40472979245852886,-0.12509583417966613,0.15789139292100196,0.15556065078120074,-0.4252467407968507,0.17505507243751844,0.4306,1.9009960015195986,0.44234619247474566,-0.5935892723717716,0.34339760401243935
POST-OUTCOME EXPLORATORY -- NOT PART OF CONFIRMATORY YAX v1.1,rebuilt_corrected_preperiod_weight,SOC2_x_calendar_month,2018Q2,5,2022Q4,True,3,-0.7765958044173198,0.1896375699735789,-0.2934791172218704,0.14397183308907632,0.14432167949974006,-0.5703674028801179,-0.016590831563622954,0.0371,1.9232115040650686,0.40334935940698374,-0.7206706052371075,0.13371237079336667
POST-OUTCOME EXPLORATORY -- NOT PART OF CONFIRMATORY YAX v1.1,rebuilt_corrected_preperiod_weight,SOC2_x_calendar_month,2018Q3,5,2022Q4,True,3,-0.7783713514309047,0.3191181555118572,-0.2296265979595238,0.1635294125605855,0.16315514595502864,-0.5455183044276616,0.08626510850861399,0.1638,1.931711864684306,0.45814158495643353,-0.7148491000776452,0.25559590415859756
POST-OUTCOME EXPLORATORY -- NOT PART OF CONFIRMATORY YAX v1.1,rebuilt_corrected_preperiod_weight,SOC2_x_calendar_month,2018Q4,5,2022Q4,True,3,-0.8672130285003256,0.07518416202409461,-0.39601443323811547,0.14042016619776393,0.1417248104361413,-0.6717283964678877,-0.12030047000834326,0.0052,1.9634926427979311,0.3933990619446217,-0.8126674580576005,0.02063859158136966
POST-OUTCOME EXPLORATORY -- NOT PART OF CONFIRMATORY YAX v1.1,rebuilt_corrected_preperiod_weight,SOC2_x_calendar_month,2019Q1,5,2022Q4,True,3,-0.6081118000841687,0.48756264838508023,-0.060274575849544196,0.16325896309928406,0.1626972374421611,-0.37603831682906746,0.25548916512997905,0.7193,1.9341280563413548,0.45738389774340477,-0.5446946035855076,0.42414545188641917
POST-OUTCOME EXPLORATORY -- NOT PART OF CONFIRMATORY YAX v1.1,rebuilt_corrected_preperiod_weight,SOC2_x_calendar_month,2019Q2,5,2022Q4,True,3,-0.7102489410968755,0.2973352130536416,-0.20645686402161695,0.15013323024160985,0.14839434123786316,-0.48924543523339936,0.07633170719016547,0.1648,1.8835841389457213,0.42061103859244503,-0.6519303754116287,0.23901664736839479
POST-OUTCOME EXPLORATORY -- NOT PART OF CONFIRMATORY YAX v1.1,rebuilt_corrected_preperiod_weight,SOC2_x_calendar_month,2019Q3,5,2022Q4,True,3,-0.578074004166976,0.4382253095700256,-0.06992434729847519,0.15143181662310487,0.149123470441127,-0.3558967808884942,0.21604808629154382,0.6504,1.8884567323244172,0.42424913900328426,-0.5192510085492931,0.3794023139523427
POST-OUTCOME EXPLORATORY -- NOT PART OF CONFIRMATORY YAX v1.1,rebuilt_corrected_preperiod_weight,SOC2_x_calendar_month,2019Q4,5,2022Q4,True,3,-0.6518751051294782,0.3297016740477746,-0.16108671554085177,0.14625804899867648,0.14599664155476189,-0.4411675130325833,0.11899408195087971,0.2857,1.9149769835523103,0.40975438810473425,-0.5950618358499274,0.27288840476822396
POST-OUTCOME EXPLORATORY -- NOT PART OF CONFIRMATORY YAX v1.1,rebuilt_corrected_preperiod_weight,SOC2_x_calendar_month,2020Q1,5,2022Q4,True,3,-0.5729541557929507,0.31149915370128484,-0.13072750104583292,0.13178634440137868,0.13320773951797152,-0.388867780037523,0.12741277794585715,0.3319,1.9587786592325382,0.36921067442404726,-0.5217623538845928,0.260307351792927
POST-OUTCOME EXPLORATORY -- NOT PART OF CONFIRMATORY YAX v1.1,rebuilt_corrected_preperiod_weight,SOC2_x_calendar_month,2020Q2,5,2022Q4,True,3,-0.5877835808475292,0.2944970710685132,-0.14664325488950805,0.13146261154087333,0.13340551300511436,-0.404395899495548,0.11110938971653186,0.2767,1.9606536153885965,0.36830370922743805,-0.5367175314861558,0.24343102170713962
POST-OUTCOME EXPLORATORY -- NOT PART OF CONFIRMATORY YAX v1.1,rebuilt_corrected_preperiod_weight,SOC2_x_calendar_month,2020Q3,5,2022Q4,True,3,-0.5875147221153884,0.42493183746389407,-0.08129144232574714,0.15085774405096047,0.1514563405444745,-0.3788191297960726,0.2162362451445783,0.595,1.9722400685629977,0.42264082577104045,-0.5289147223591335,0.3663318377076393
POST-OUTCOME EXPLORATORY -- NOT PART OF CONFIRMATORY YAX v1.1,rebuilt_corrected_preperiod_weight,SOC2_x_calendar_month,2020Q4,5,2022Q4,True,3,-0.6645991155991632,0.35980033135135525,-0.152399392123904,0.15263876212708405,0.1522736285824343,-0.4471231941674072,0.14232440991959924,0.3233,1.930858177414476,0.42763049968630024,-0.6053072875282051,0.300508503280397
POST-OUTCOME EXPLORATORY -- NOT PART OF CONFIRMATORY YAX v1.1,rebuilt_corrected_preperiod_weight,SOC2_x_calendar_month,2021Q1,5,2022Q4,True,3,-0.6845988059218954,0.14223728055589158,-0.2711807626830019,0.12320119568364839,0.1241152128164913,-0.5132704814457845,-0.02909104392021933,0.0267,1.964994880280317,0.34515864868115254,-0.6367418657134213,0.09438034034741749
POST-OUTCOME EXPLORATORY -- NOT PART OF CONFIRMATORY YAX v1.1,rebuilt_corrected_preperiod_weight,SOC2_x_calendar_month,2021Q2,5,2022Q4,True,3,-0.6908491084848492,0.5076994489390463,-0.09157482977290149,0.17858753116177975,0.17652530590505677,-0.43214178462602515,0.24899212508022217,0.6181,1.907002984125522,0.5003281874421313,-0.6214775999263276,0.43832794038052464
POST-OUTCOME EXPLORATORY -- NOT PART OF CONFIRMATORY YAX v1.1,rebuilt_corrected_preperiod_weight,SOC2_x_calendar_month,2021Q3,5,2022Q4,True,3,-0.8923023699995288,0.07982099907053608,-0.4062406854644964,0.14484946095137105,0.14325513392512165,-0.6805504792082231,-0.13193089172076972,0.0033,1.8937577809545187,0.40580810865299277,-0.8360362602956966,0.023554889366703857
POST-OUTCOME EXPLORATORY -- NOT PART OF CONFIRMATORY YAX v1.1,rebuilt_corrected_preperiod_weight,SOC2_x_calendar_month,2021Q4,5,2022Q4,True,3,-0.665859887916344,0.19183511005994375,-0.23701238892820015,0.12779927123488205,0.12732398129918254,-0.4828299404643266,0.008805162607926298,0.0599,1.9234659881928342,0.3580405491772554,-0.6162168463189316,0.1421920684625313
POST-OUTCOME EXPLORATORY -- NOT PART OF CONFIRMATORY YAX v1.1,rebuilt_corrected_preperiod_weight,SOC2_x_calendar_month,2022Q1,5,2022Q4,True,3,-0.6006044174330123,0.3505076921529261,-0.12504836264004313,0.14171871674027717,0.14028780416338402,-0.39986135572338044,0.14976463044329416,0.3783,1.9391439564540882,0.3970370619494994,-0.5455544309793396,0.29545770569925345
POST-OUTCOME EXPLORATORY -- NOT PART OF CONFIRMATORY YAX v1.1,rebuilt_corrected_preperiod_weight,SOC2_x_calendar_month,2022Q2,5,2022Q4,True,3,-0.5831979965530132,0.3206480182993099,-0.13127498912685165,0.13467591892132344,0.13383211404287032,-0.38954330498639517,0.12699332673269187,0.3335,1.917702273191258,0.37730606368576036,-0.5308837526564785,0.26833377440277517
POST-OUTCOME EXPLORATORY -- NOT PART OF CONFIRMATORY YAX v1.1,rebuilt_corrected_preperiod_weight,SOC2_x_calendar_month,2022Q3,5,2022Q4,True,3,-0.6207059397866819,0.13979398074221136,-0.24045597952223527,0.11331689685389218,0.11231543754898106,-0.4612011921975615,-0.019710766846909034,0.0316,1.9480343956113562,0.31746694318829627,-0.5766885101890705,0.09577655114459996
POST-OUTCOME EXPLORATORY -- NOT PART OF CONFIRMATORY YAX v1.1,rebuilt_corrected_preperiod_weight,SOC2_x_calendar_month,2023Q1,5,2022Q4,True,3,-0.6557251744848424,0.2381576943445244,-0.20878374007015896,0.13319137860810631,0.1322256209897319,-0.46603298433216,0.04846550419184212,0.1161,1.9314256444399047,0.37314699748855845,-0.6039875934738622,0.18642011333354427
POST-OUTCOME EXPLORATORY -- NOT PART OF CONFIRMATORY YAX v1.1,rebuilt_corrected_preperiod_weight,SOC2_x_calendar_month,2023Q2,5,2022Q4,True,3,-0.6765036241097895,0.2066452157372332,-0.2349292041862781,0.13159197429235953,0.13125731681117175,-0.49238249206891027,0.022524083696354058,0.0741,1.9564512901876903,0.36866612999977616,-0.6253873243800755,0.15552891600751928
POST-OUTCOME EXPLORATORY -- NOT PART OF CONFIRMATORY YAX v1.1,rebuilt_corrected_preperiod_weight,SOC2_x_calendar_month,2023Q3,5,2022Q4,True,3,-0.5792723328561629,0.28295019537478194,-0.14816106874069043,0.12847388758265635,0.12865079925114847,-0.40023722648234505,0.10391508900096422,0.2512,1.9620808748351777,0.35993054436507727,-0.529367239628164,0.23304510214678312
POST-OUTCOME EXPLORATORY -- NOT PART OF CONFIRMATORY YAX v1.1,rebuilt_corrected_preperiod_weight,SOC2_x_calendar_month,2023Q4,5,2022Q4,True,3,-0.7046794724407337,0.2270852394541413,-0.23879711649329619,0.1388358932062199,0.13898463535328887,-0.5088959628891413,0.03130172990254895,0.0852,1.945454018829654,0.38896058615005635,-0.6507493055856891,0.1731550725990967
POST-OUTCOME EXPLORATORY -- NOT PART OF CONFIRMATORY YAX v1.1,rebuilt_corrected_preperiod_weight,SOC2_x_calendar_month,2024Q1,5,2022Q4,True,3,-0.6232961025884246,0.22731700953068656,-0.19798954652886902,0.12674404781204376,0.1259065364493045,-0.4437948762342654,0.04781578317652738,0.1154,1.9393836156307367,0.3550842508340251,-0.5740629576967473,0.17808386463900922
POST-OUTCOME EXPLORATORY -- NOT PART OF CONFIRMATORY YAX v1.1,rebuilt_corrected_preperiod_weight,SOC2_x_calendar_month,2024Q2,5,2022Q4,True,3,-0.5130364786873005,0.380164596442851,-0.06643594112222473,0.1330897891875106,0.13321990434885608,-0.3271025829068085,0.19423070066235903,0.6238,1.9585773136760307,0.3728623860695009,-0.4613383596214766,0.32846647737702717
POST-OUTCOME EXPLORATORY -- NOT PART OF CONFIRMATORY YAX v1.1,rebuilt_corrected_preperiod_weight,SOC2_x_calendar_month,2024Q3,5,2022Q4,True,3,-0.7234639548301403,0.3449003674339159,-0.1892817936981122,0.15918966779665156,0.1597160229609599,-0.4990722445070685,0.12050865711084408,0.2419,1.9460462170489718,0.44598342017541304,-0.6616274574546336,0.28306387005840916
POST-OUTCOME EXPLORATORY -- NOT PART OF CONFIRMATORY YAX v1.1,rebuilt_corrected_preperiod_weight,SOC2_x_calendar_month,2024Q4,5,2022Q4,True,3,-0.8353398668118295,0.22363468355077876,-0.30585259163052536,0.15779056204355965,0.15860759483488468,-0.6136260341361351,0.0019208508750844233,0.052,1.950518703524523,0.44206370617897395,-0.7740468456582824,0.1623416623972317
POST-OUTCOME EXPLORATORY -- NOT PART OF CONFIRMATORY YAX v1.1,rebuilt_corrected_preperiod_weight,SOC2_x_calendar_month,2025Q1,5,2022Q4,True,3,-0.666167225169068,0.18384988372791883,-0.24115867072057462,0.12665524144425466,0.1253593371467867,-0.4866203097693763,0.004302968328227075,0.0549,1.9380298537178016,0.3548354522267529,-0.6169685767042299,0.1346512352630807
POST-OUTCOME EXPLORATORY -- NOT PART OF CONFIRMATORY YAX v1.1,rebuilt_corrected_preperiod_weight,SOC2_x_calendar_month,2025Q2,5,2022Q4,True,3,-0.8290721052479618,0.40961175248266735,-0.20973017638264727,0.18456781802610336,0.18173394110181604,-0.5610950580495232,0.14163470528422864,0.257,1.903716939521832,0.5170824707212954,-0.7573775816463854,0.3379172288810909
POST-OUTCOME EXPLORATORY -- NOT PART OF CONFIRMATORY YAX v1.1,rebuilt_corrected_preperiod_weight,SOC2_x_calendar_month,2025Q3,5,2022Q4,True,3,-0.8008582500496408,0.2865732007224846,-0.2571425246635781,0.16203073033475962,0.15998931940203043,-0.5704052997985285,0.05612025047137231,0.1098,1.9333540896084438,0.4539428989859111,-0.7379181549431195,0.22363310561596322
POST-OUTCOME EXPLORATORY -- NOT PART OF CONFIRMATORY YAX v1.1,rebuilt_corrected_preperiod_weight,SOC2_x_calendar_month,2025Q4,5,2022Q4,True,2,-0.6168269499248761,0.3884933247600551,-0.1141668125824105,0.14979590503096019,0.1483287075711841,-0.4047749901498763,0.17644136498505525,0.4449,1.9400275161554126,0.4196659932685921,-0.5586394166727748,0.3303057915079538
POST-OUTCOME EXPLORATORY -- NOT PART OF CONFIRMATORY YAX v1.1,rebuilt_corrected_preperiod_weight,SOC2_x_calendar_month,2026Q1,5,2022Q4,True,3,-0.78025065650888,0.28096355698621595,-0.24964354976133202,0.15812427894387837,0.156640566582825,-0.5564089555030303,0.057121855980366176,0.112,1.9400272228313256,0.44299864251394133,-0.7188280045538095,0.21954090503114543
POST-OUTCOME EXPLORATORY -- NOT PART OF CONFIRMATORY YAX v1.1,rebuilt_corrected_preperiod_weight,SOC2_x_calendar_month,2026Q2,5,2022Q4,True,3,-0.7927394914315824,0.2771983201092605,-0.25777058566116096,0.15942412268253026,0.1572146620202668,-0.5646587797289753,0.0491176084066533,0.1008,1.9249796637045766,0.4466402655180052,-0.7308119211294468,0.21527074980712496
POST-OUTCOME EXPLORATORY -- NOT PART OF CONFIRMATORY YAX v1.1,rebuilt_corrected_preperiod_weight,SOC2_x_calendar_month,2026Q3,5,2022Q4,True,1,-0.6495420048078244,0.5158384224767865,-0.06685179116551895,0.17364537471919148,0.17177848494727035,-0.40200069759473567,0.2682971152636977,0.6943,1.9300767841999749,0.48648231500697414,-0.5820902542846161,0.4483866719535782
