analysis_status,model_id,target,SOC2,SOC2_name,conditional_information,conditional_information_share,treatment_contract
POST-OUTCOME EXPLORATORY -- NOT PART OF CONFIRMATORY YAX v1.1,profile_baseline,Q2_x_post,11,Management,20563.898949984043,0.0006808524144898522,rebuilt_corrected_preperiod_weight
POST-OUTCOME EXPLORATORY -- NOT PART OF CONFIRMATORY YAX v1.1,profile_baseline,Q2_x_post,13,Business and Financial Operations,22963.389567414924,0.0007602974158680966,rebuilt_corrected_preperiod_weight
POST-OUTCOME EXPLORATORY -- NOT PART OF CONFIRMATORY YAX v1.1,profile_baseline,Q2_x_post,15,Computer and Mathematical,71153.03864668758,0.0023558138599453,rebuilt_corrected_preperiod_weight
POST-OUTCOME EXPLORATORY -- NOT PART OF CONFIRMATORY YAX v1.1,profile_baseline,Q2_x_post,17,Architecture and Engineering,15275.124433187915,0.0005057457915575392,rebuilt_corrected_preperiod_weight
POST-OUTCOME EXPLORATORY -- NOT PART OF CONFIRMATORY YAX v1.1,profile_baseline,Q2_x_post,19,"Life, Physical, and Social Science",14072.435314129732,0.0004659258239247925,rebuilt_corrected_preperiod_weight
POST-OUTCOME EXPLORATORY -- NOT PART OF CONFIRMATORY YAX v1.1,profile_baseline,Q2_x_post,21,Community and Social Service,290053.76153039944,0.009603422208510197,rebuilt_corrected_preperiod_weight
POST-OUTCOME EXPLORATORY -- NOT PART OF CONFIRMATORY YAX v1.1,profile_baseline,Q2_x_post,23,Legal,4147.840225272754,0.00013733130274389324,rebuilt_corrected_preperiod_weight
POST-OUTCOME EXPLORATORY -- NOT PART OF CONFIRMATORY YAX v1.1,profile_baseline,Q2_x_post,25,Educational Instruction and Library,1602476.486432211,0.05305657198589922,rebuilt_corrected_preperiod_weight
POST-OUTCOME EXPLORATORY -- NOT PART OF CONFIRMATORY YAX v1.1,profile_baseline,Q2_x_post,27,"Arts, Design, Entertainment, Sports, and Media",321936.1612092113,0.01065902012084415,rebuilt_corrected_preperiod_weight
POST-OUTCOME EXPLORATORY -- NOT PART OF CONFIRMATORY YAX v1.1,profile_baseline,Q2_x_post,29,Healthcare Practitioners and Technical,1566738.1993688405,0.05187330906985352,rebuilt_corrected_preperiod_weight
POST-OUTCOME EXPLORATORY -- NOT PART OF CONFIRMATORY YAX v1.1,profile_baseline,Q2_x_post,31,Healthcare Support,2574437.426798156,0.08523733472197045,rebuilt_corrected_preperiod_weight
POST-OUTCOME EXPLORATORY -- NOT PART OF CONFIRMATORY YAX v1.1,profile_baseline,Q2_x_post,33,Protective Service,1197213.0186480144,0.03963865881600326,rebuilt_corrected_preperiod_weight
POST-OUTCOME EXPLORATORY -- NOT PART OF CONFIRMATORY YAX v1.1,profile_baseline,Q2_x_post,35,Food Preparation and Serving Related,4061806.852688504,0.1344828142547618,rebuilt_corrected_preperiod_weight
POST-OUTCOME EXPLORATORY -- NOT PART OF CONFIRMATORY YAX v1.1,profile_baseline,Q2_x_post,37,Building and Grounds Cleaning and Maintenance,1250594.6741744196,0.04140607797824567,rebuilt_corrected_preperiod_weight
POST-OUTCOME EXPLORATORY -- NOT PART OF CONFIRMATORY YAX v1.1,profile_baseline,Q2_x_post,39,Personal Care and Service,2156914.025642943,0.07141350605630964,rebuilt_corrected_preperiod_weight
POST-OUTCOME EXPLORATORY -- NOT PART OF CONFIRMATORY YAX v1.1,profile_baseline,Q2_x_post,41,Sales and Related,2366471.326496035,0.07835176200703316,rebuilt_corrected_preperiod_weight
POST-OUTCOME EXPLORATORY -- NOT PART OF CONFIRMATORY YAX v1.1,profile_baseline,Q2_x_post,43,Office and Administrative Support,687782.3983895598,0.022771863824370554,rebuilt_corrected_preperiod_weight
POST-OUTCOME EXPLORATORY -- NOT PART OF CONFIRMATORY YAX v1.1,profile_baseline,Q2_x_post,45,"Farming, Fishing, and Forestry",95125.93940755221,0.0031495352940497487,rebuilt_corrected_preperiod_weight
POST-OUTCOME EXPLORATORY -- NOT PART OF CONFIRMATORY YAX v1.1,profile_baseline,Q2_x_post,47,Construction and Extraction,3117337.8140961356,0.10321228394820132,rebuilt_corrected_preperiod_weight
POST-OUTCOME EXPLORATORY -- NOT PART OF CONFIRMATORY YAX v1.1,profile_baseline,Q2_x_post,49,"Installation, Maintenance, and Repair",2033037.2121295691,0.06731205487795927,rebuilt_corrected_preperiod_weight
POST-OUTCOME EXPLORATORY -- NOT PART OF CONFIRMATORY YAX v1.1,profile_baseline,Q2_x_post,51,Production,1707330.308988454,0.05652818884365294,rebuilt_corrected_preperiod_weight
POST-OUTCOME EXPLORATORY -- NOT PART OF CONFIRMATORY YAX v1.1,profile_baseline,Q2_x_post,53,Transportation and Material Moving,5025735.333154902,0.16639762938380573,rebuilt_corrected_preperiod_weight
POST-OUTCOME EXPLORATORY -- NOT PART OF CONFIRMATORY YAX v1.1,profile_baseline,Q3_x_post,11,Management,2684318.68844206,0.1080945400267487,rebuilt_corrected_preperiod_weight
POST-OUTCOME EXPLORATORY -- NOT PART OF CONFIRMATORY YAX v1.1,profile_baseline,Q3_x_post,13,Business and Financial Operations,487005.90548564174,0.019611188332609553,rebuilt_corrected_preperiod_weight
POST-OUTCOME EXPLORATORY -- NOT PART OF CONFIRMATORY YAX v1.1,profile_baseline,Q3_x_post,15,Computer and Mathematical,37692.12393731561,0.0015178200774662895,rebuilt_corrected_preperiod_weight
POST-OUTCOME EXPLORATORY -- NOT PART OF CONFIRMATORY YAX v1.1,profile_baseline,Q3_x_post,17,Architecture and Engineering,93490.58233841266,0.003764762186478263,rebuilt_corrected_preperiod_weight
POST-OUTCOME EXPLORATORY -- NOT PART OF CONFIRMATORY YAX v1.1,profile_baseline,Q3_x_post,19,"Life, Physical, and Social Science",1138214.8000431806,0.04583464913911284,rebuilt_corrected_preperiod_weight
POST-OUTCOME EXPLORATORY -- NOT PART OF CONFIRMATORY YAX v1.1,profile_baseline,Q3_x_post,21,Community and Social Service,345105.3741812065,0.013897011127440769,rebuilt_corrected_preperiod_weight
POST-OUTCOME EXPLORATORY -- NOT PART OF CONFIRMATORY YAX v1.1,profile_baseline,Q3_x_post,23,Legal,89779.93314420262,0.003615338453902921,rebuilt_corrected_preperiod_weight
POST-OUTCOME EXPLORATORY -- NOT PART OF CONFIRMATORY YAX v1.1,profile_baseline,Q3_x_post,25,Educational Instruction and Library,416494.22329594643,0.016771761000219647,rebuilt_corrected_preperiod_weight
POST-OUTCOME EXPLORATORY -- NOT PART OF CONFIRMATORY YAX v1.1,profile_baseline,Q3_x_post,27,"Arts, Design, Entertainment, Sports, and Media",331874.70731330843,0.013364226828955468,rebuilt_corrected_preperiod_weight
POST-OUTCOME EXPLORATORY -- NOT PART OF CONFIRMATORY YAX v1.1,profile_baseline,Q3_x_post,29,Healthcare Practitioners and Technical,3360854.6349981534,0.13533789316116565,rebuilt_corrected_preperiod_weight
POST-OUTCOME EXPLORATORY -- NOT PART OF CONFIRMATORY YAX v1.1,profile_baseline,Q3_x_post,31,Healthcare Support,1757651.7814692243,0.07077869019918057,rebuilt_corrected_preperiod_weight
POST-OUTCOME EXPLORATORY -- NOT PART OF CONFIRMATORY YAX v1.1,profile_baseline,Q3_x_post,33,Protective Service,675727.7376904158,0.027210807458690315,rebuilt_corrected_preperiod_weight
POST-OUTCOME EXPLORATORY -- NOT PART OF CONFIRMATORY YAX v1.1,profile_baseline,Q3_x_post,35,Food Preparation and Serving Related,1420850.4379950583,0.057216073189513675,rebuilt_corrected_preperiod_weight
POST-OUTCOME EXPLORATORY -- NOT PART OF CONFIRMATORY YAX v1.1,profile_baseline,Q3_x_post,37,Building and Grounds Cleaning and Maintenance,835918.4903581473,0.03366151161714734,rebuilt_corrected_preperiod_weight
POST-OUTCOME EXPLORATORY -- NOT PART OF CONFIRMATORY YAX v1.1,profile_baseline,Q3_x_post,39,Personal Care and Service,1288198.4051103264,0.05187432277067262,rebuilt_corrected_preperiod_weight
POST-OUTCOME EXPLORATORY -- NOT PART OF CONFIRMATORY YAX v1.1,profile_baseline,Q3_x_post,41,Sales and Related,2791805.9890188174,0.11242293455180596,rebuilt_corrected_preperiod_weight
POST-OUTCOME EXPLORATORY -- NOT PART OF CONFIRMATORY YAX v1.1,profile_baseline,Q3_x_post,43,Office and Administrative Support,73457.47804344966,0.0029580512682121775,rebuilt_corrected_preperiod_weight
POST-OUTCOME EXPLORATORY -- NOT PART OF CONFIRMATORY YAX v1.1,profile_baseline,Q3_x_post,45,"Farming, Fishing, and Forestry",36940.16611507666,0.0014875395689467848,rebuilt_corrected_preperiod_weight
POST-OUTCOME EXPLORATORY -- NOT PART OF CONFIRMATORY YAX v1.1,profile_baseline,Q3_x_post,47,Construction and Extraction,2406290.028582161,0.09689863388072709,rebuilt_corrected_preperiod_weight
POST-OUTCOME EXPLORATORY -- NOT PART OF CONFIRMATORY YAX v1.1,profile_baseline,Q3_x_post,49,"Installation, Maintenance, and Repair",1341035.828123889,0.05400202726471861,rebuilt_corrected_preperiod_weight
POST-OUTCOME EXPLORATORY -- NOT PART OF CONFIRMATORY YAX v1.1,profile_baseline,Q3_x_post,51,Production,1811415.4931347335,0.07294369531114323,rebuilt_corrected_preperiod_weight
POST-OUTCOME EXPLORATORY -- NOT PART OF CONFIRMATORY YAX v1.1,profile_baseline,Q3_x_post,53,Transportation and Material Moving,1408941.726888546,0.056736522585141516,rebuilt_corrected_preperiod_weight
POST-OUTCOME EXPLORATORY -- NOT PART OF CONFIRMATORY YAX v1.1,profile_baseline,Q4_x_post,11,Management,3329177.821562606,0.14197857699462987,rebuilt_corrected_preperiod_weight
POST-OUTCOME EXPLORATORY -- NOT PART OF CONFIRMATORY YAX v1.1,profile_baseline,Q4_x_post,13,Business and Financial Operations,2301505.132836011,0.09815168826053305,rebuilt_corrected_preperiod_weight
POST-OUTCOME EXPLORATORY -- NOT PART OF CONFIRMATORY YAX v1.1,profile_baseline,Q4_x_post,15,Computer and Mathematical,51576.353576000205,0.002199563279517268,rebuilt_corrected_preperiod_weight
POST-OUTCOME EXPLORATORY -- NOT PART OF CONFIRMATORY YAX v1.1,profile_baseline,Q4_x_post,17,Architecture and Engineering,1609362.2263459591,0.06863405051108407,rebuilt_corrected_preperiod_weight
POST-OUTCOME EXPLORATORY -- NOT PART OF CONFIRMATORY YAX v1.1,profile_baseline,Q4_x_post,19,"Life, Physical, and Social Science",308943.9649627109,0.01317545257942889,rebuilt_corrected_preperiod_weight
POST-OUTCOME EXPLORATORY -- NOT PART OF CONFIRMATORY YAX v1.1,profile_baseline,Q4_x_post,21,Community and Social Service,9376.460878413844,0.0003998754780056077,rebuilt_corrected_preperiod_weight
POST-OUTCOME EXPLORATORY -- NOT PART OF CONFIRMATORY YAX v1.1,profile_baseline,Q4_x_post,23,Legal,386366.1832973638,0.016477257702521456,rebuilt_corrected_preperiod_weight
POST-OUTCOME EXPLORATORY -- NOT PART OF CONFIRMATORY YAX v1.1,profile_baseline,Q4_x_post,25,Educational Instruction and Library,1220.4969790061816,5.205021587708654e-05,rebuilt_corrected_preperiod_weight
POST-OUTCOME EXPLORATORY -- NOT PART OF CONFIRMATORY YAX v1.1,profile_baseline,Q4_x_post,27,"Arts, Design, Entertainment, Sports, and Media",609589.1579142016,0.02599698959648542,rebuilt_corrected_preperiod_weight
POST-OUTCOME EXPLORATORY -- NOT PART OF CONFIRMATORY YAX v1.1,profile_baseline,Q4_x_post,29,Healthcare Practitioners and Technical,135376.71706709042,0.0057733754931626365,rebuilt_corrected_preperiod_weight
POST-OUTCOME EXPLORATORY -- NOT PART OF CONFIRMATORY YAX v1.1,profile_baseline,Q4_x_post,31,Healthcare Support,723251.4254795279,0.030844314633432065,rebuilt_corrected_preperiod_weight
POST-OUTCOME EXPLORATORY -- NOT PART OF CONFIRMATORY YAX v1.1,profile_baseline,Q4_x_post,33,Protective Service,97385.65306389309,0.004153180509659431,rebuilt_corrected_preperiod_weight
POST-OUTCOME EXPLORATORY -- NOT PART OF CONFIRMATORY YAX v1.1,profile_baseline,Q4_x_post,35,Food Preparation and Serving Related,1672080.8583446064,0.07130879562819477,rebuilt_corrected_preperiod_weight
POST-OUTCOME EXPLORATORY -- NOT PART OF CONFIRMATORY YAX v1.1,profile_baseline,Q4_x_post,37,Building and Grounds Cleaning and Maintenance,640106.3335811374,0.027298447616247497,rebuilt_corrected_preperiod_weight
POST-OUTCOME EXPLORATORY -- NOT PART OF CONFIRMATORY YAX v1.1,profile_baseline,Q4_x_post,39,Personal Care and Service,900739.8602082722,0.038413617550379746,rebuilt_corrected_preperiod_weight
POST-OUTCOME EXPLORATORY -- NOT PART OF CONFIRMATORY YAX v1.1,profile_baseline,Q4_x_post,41,Sales and Related,2527414.0581911462,0.10778596719407876,rebuilt_corrected_preperiod_weight
POST-OUTCOME EXPLORATORY -- NOT PART OF CONFIRMATORY YAX v1.1,profile_baseline,Q4_x_post,43,Office and Administrative Support,2987144.8694958766,0.1273919870248236,rebuilt_corrected_preperiod_weight
POST-OUTCOME EXPLORATORY -- NOT PART OF CONFIRMATORY YAX v1.1,profile_baseline,Q4_x_post,45,"Farming, Fishing, and Forestry",31646.103974701437,0.0013496031304339618,rebuilt_corrected_preperiod_weight
POST-OUTCOME EXPLORATORY -- NOT PART OF CONFIRMATORY YAX v1.1,profile_baseline,Q4_x_post,47,Construction and Extraction,2002208.1800217333,0.08538764928845591,rebuilt_corrected_preperiod_weight
POST-OUTCOME EXPLORATORY -- NOT PART OF CONFIRMATORY YAX v1.1,profile_baseline,Q4_x_post,49,"Installation, Maintenance, and Repair",1019619.6824017795,0.04348345427676002,rebuilt_corrected_preperiod_weight
POST-OUTCOME EXPLORATORY -- NOT PART OF CONFIRMATORY YAX v1.1,profile_baseline,Q4_x_post,51,Production,735662.2403625507,0.03137359541411692,rebuilt_corrected_preperiod_weight
POST-OUTCOME EXPLORATORY -- NOT PART OF CONFIRMATORY YAX v1.1,profile_baseline,Q4_x_post,53,Transportation and Material Moving,1368698.0354538704,0.05837050762217198,rebuilt_corrected_preperiod_weight
POST-OUTCOME EXPLORATORY -- NOT PART OF CONFIRMATORY YAX v1.1,profile_baseline,Q5_x_post,11,Management,123183.87910609508,0.004685716292109078,rebuilt_corrected_preperiod_weight
POST-OUTCOME EXPLORATORY -- NOT PART OF CONFIRMATORY YAX v1.1,profile_baseline,Q5_x_post,13,Business and Financial Operations,1916451.8815284555,0.07289874186042464,rebuilt_corrected_preperiod_weight
POST-OUTCOME EXPLORATORY -- NOT PART OF CONFIRMATORY YAX v1.1,profile_baseline,Q5_x_post,15,Computer and Mathematical,3988445.3279815973,0.15171403424804958,rebuilt_corrected_preperiod_weight
POST-OUTCOME EXPLORATORY -- NOT PART OF CONFIRMATORY YAX v1.1,profile_baseline,Q5_x_post,17,Architecture and Engineering,591988.452777324,0.022518286954822015,rebuilt_corrected_preperiod_weight
POST-OUTCOME EXPLORATORY -- NOT PART OF CONFIRMATORY YAX v1.1,profile_baseline,Q5_x_post,19,"Life, Physical, and Social Science",35103.41305568911,0.0013352772753812262,rebuilt_corrected_preperiod_weight
POST-OUTCOME EXPLORATORY -- NOT PART OF CONFIRMATORY YAX v1.1,profile_baseline,Q5_x_post,21,Community and Social Service,15375.285069177988,0.0005848510719687511,rebuilt_corrected_preperiod_weight
POST-OUTCOME EXPLORATORY -- NOT PART OF CONFIRMATORY YAX v1.1,profile_baseline,Q5_x_post,23,Legal,34080.43073050352,0.0012963646759205994,rebuilt_corrected_preperiod_weight
POST-OUTCOME EXPLORATORY -- NOT PART OF CONFIRMATORY YAX v1.1,profile_baseline,Q5_x_post,25,Educational Instruction and Library,167106.112884579,0.006356447299243619,rebuilt_corrected_preperiod_weight
POST-OUTCOME EXPLORATORY -- NOT PART OF CONFIRMATORY YAX v1.1,profile_baseline,Q5_x_post,27,"Arts, Design, Entertainment, Sports, and Media",453136.67696789716,0.017236589115625485,rebuilt_corrected_preperiod_weight
POST-OUTCOME EXPLORATORY -- NOT PART OF CONFIRMATORY YAX v1.1,profile_baseline,Q5_x_post,29,Healthcare Practitioners and Technical,249393.68419153278,0.00948653393321781,rebuilt_corrected_preperiod_weight
POST-OUTCOME EXPLORATORY -- NOT PART OF CONFIRMATORY YAX v1.1,profile_baseline,Q5_x_post,31,Healthcare Support,1036018.4368875369,0.0394084721464914,rebuilt_corrected_preperiod_weight
POST-OUTCOME EXPLORATORY -- NOT PART OF CONFIRMATORY YAX v1.1,profile_baseline,Q5_x_post,33,Protective Service,134997.9453361154,0.005135104337133899,rebuilt_corrected_preperiod_weight
POST-OUTCOME EXPLORATORY -- NOT PART OF CONFIRMATORY YAX v1.1,profile_baseline,Q5_x_post,35,Food Preparation and Serving Related,1532492.1061931404,0.05829353062776255,rebuilt_corrected_preperiod_weight
POST-OUTCOME EXPLORATORY -- NOT PART OF CONFIRMATORY YAX v1.1,profile_baseline,Q5_x_post,37,Building and Grounds Cleaning and Maintenance,819188.9304944563,0.03116062707058686,rebuilt_corrected_preperiod_weight
POST-OUTCOME EXPLORATORY -- NOT PART OF CONFIRMATORY YAX v1.1,profile_baseline,Q5_x_post,39,Personal Care and Service,1217574.4973280074,0.046314572169566255,rebuilt_corrected_preperiod_weight
POST-OUTCOME EXPLORATORY -- NOT PART OF CONFIRMATORY YAX v1.1,profile_baseline,Q5_x_post,41,Sales and Related,1352232.4355027939,0.05143674318208955,rebuilt_corrected_preperiod_weight
POST-OUTCOME EXPLORATORY -- NOT PART OF CONFIRMATORY YAX v1.1,profile_baseline,Q5_x_post,43,Office and Administrative Support,6376227.451037134,0.2425414191071657,rebuilt_corrected_preperiod_weight
POST-OUTCOME EXPLORATORY -- NOT PART OF CONFIRMATORY YAX v1.1,profile_baseline,Q5_x_post,45,"Farming, Fishing, and Forestry",40917.212436993905,0.0015564248368780587,rebuilt_corrected_preperiod_weight
POST-OUTCOME EXPLORATORY -- NOT PART OF CONFIRMATORY YAX v1.1,profile_baseline,Q5_x_post,47,Construction and Extraction,2411019.81276982,0.09171130913618336,rebuilt_corrected_preperiod_weight
POST-OUTCOME EXPLORATORY -- NOT PART OF CONFIRMATORY YAX v1.1,profile_baseline,Q5_x_post,49,"Installation, Maintenance, and Repair",1293490.3617760367,0.04920228934047385,rebuilt_corrected_preperiod_weight
POST-OUTCOME EXPLORATORY -- NOT PART OF CONFIRMATORY YAX v1.1,profile_baseline,Q5_x_post,51,Production,917709.6489839215,0.034908196469166854,rebuilt_corrected_preperiod_weight
POST-OUTCOME EXPLORATORY -- NOT PART OF CONFIRMATORY YAX v1.1,profile_baseline,Q5_x_post,53,Transportation and Material Moving,1583097.2522242721,0.06021846884973888,rebuilt_corrected_preperiod_weight
POST-OUTCOME EXPLORATORY -- NOT PART OF CONFIRMATORY YAX v1.1,profile_SOC2_x_post,Q2_x_post,11,Management,18542.556123621634,0.0009175690787923147,rebuilt_corrected_preperiod_weight
POST-OUTCOME EXPLORATORY -- NOT PART OF CONFIRMATORY YAX v1.1,profile_SOC2_x_post,Q2_x_post,13,Business and Financial Operations,10226.534417818008,0.0005060549204994087,rebuilt_corrected_preperiod_weight
POST-OUTCOME EXPLORATORY -- NOT PART OF CONFIRMATORY YAX v1.1,profile_SOC2_x_post,Q2_x_post,15,Computer and Mathematical,1453.2826874237708,7.191496403376123e-05,rebuilt_corrected_preperiod_weight
POST-OUTCOME EXPLORATORY -- NOT PART OF CONFIRMATORY YAX v1.1,profile_SOC2_x_post,Q2_x_post,17,Architecture and Engineering,2635.4385044779997,0.0001304133510313121,rebuilt_corrected_preperiod_weight
POST-OUTCOME EXPLORATORY -- NOT PART OF CONFIRMATORY YAX v1.1,profile_SOC2_x_post,Q2_x_post,19,"Life, Physical, and Social Science",2814.7372623677265,0.00013928586003215582,rebuilt_corrected_preperiod_weight
POST-OUTCOME EXPLORATORY -- NOT PART OF CONFIRMATORY YAX v1.1,profile_SOC2_x_post,Q2_x_post,21,Community and Social Service,87081.8056230033,0.0043091994238744795,rebuilt_corrected_preperiod_weight
POST-OUTCOME EXPLORATORY -- NOT PART OF CONFIRMATORY YAX v1.1,profile_SOC2_x_post,Q2_x_post,23,Legal,770.9873022234779,3.815191950588505e-05,rebuilt_corrected_preperiod_weight
POST-OUTCOME EXPLORATORY -- NOT PART OF CONFIRMATORY YAX v1.1,profile_SOC2_x_post,Q2_x_post,25,Educational Instruction and Library,98025.09780028263,0.004850722742187087,rebuilt_corrected_preperiod_weight
POST-OUTCOME EXPLORATORY -- NOT PART OF CONFIRMATORY YAX v1.1,profile_SOC2_x_post,Q2_x_post,27,"Arts, Design, Entertainment, Sports, and Media",179927.6452300143,0.008903629175087484,rebuilt_corrected_preperiod_weight
POST-OUTCOME EXPLORATORY -- NOT PART OF CONFIRMATORY YAX v1.1,profile_SOC2_x_post,Q2_x_post,29,Healthcare Practitioners and Technical,800780.116209406,0.03962620194577337,rebuilt_corrected_preperiod_weight
POST-OUTCOME EXPLORATORY -- NOT PART OF CONFIRMATORY YAX v1.1,profile_SOC2_x_post,Q2_x_post,31,Healthcare Support,2613177.6749019306,0.12931178505782445,rebuilt_corrected_preperiod_weight
POST-OUTCOME EXPLORATORY -- NOT PART OF CONFIRMATORY YAX v1.1,profile_SOC2_x_post,Q2_x_post,33,Protective Service,563552.4583361875,0.027887110417745522,rebuilt_corrected_preperiod_weight
POST-OUTCOME EXPLORATORY -- NOT PART OF CONFIRMATORY YAX v1.1,profile_SOC2_x_post,Q2_x_post,35,Food Preparation and Serving Related,4027416.963647288,0.19929470611329128,rebuilt_corrected_preperiod_weight
POST-OUTCOME EXPLORATORY -- NOT PART OF CONFIRMATORY YAX v1.1,profile_SOC2_x_post,Q2_x_post,37,Building and Grounds Cleaning and Maintenance,590212.7286414388,0.02920638050657541,rebuilt_corrected_preperiod_weight
POST-OUTCOME EXPLORATORY -- NOT PART OF CONFIRMATORY YAX v1.1,profile_SOC2_x_post,Q2_x_post,39,Personal Care and Service,1809624.3220682554,0.08954835089025605,rebuilt_corrected_preperiod_weight
POST-OUTCOME EXPLORATORY -- NOT PART OF CONFIRMATORY YAX v1.1,profile_SOC2_x_post,Q2_x_post,41,Sales and Related,502368.84031707706,0.024859469802897487,rebuilt_corrected_preperiod_weight
POST-OUTCOME EXPLORATORY -- NOT PART OF CONFIRMATORY YAX v1.1,profile_SOC2_x_post,Q2_x_post,43,Office and Administrative Support,88181.03930060723,0.004363594450439972,rebuilt_corrected_preperiod_weight
POST-OUTCOME EXPLORATORY -- NOT PART OF CONFIRMATORY YAX v1.1,profile_SOC2_x_post,Q2_x_post,45,"Farming, Fishing, and Forestry",81062.92261399433,0.004011358020504015,rebuilt_corrected_preperiod_weight
POST-OUTCOME EXPLORATORY -- NOT PART OF CONFIRMATORY YAX v1.1,profile_SOC2_x_post,Q2_x_post,47,Construction and Extraction,445062.44503487454,0.022023691608271282,rebuilt_corrected_preperiod_weight
POST-OUTCOME EXPLORATORY -- NOT PART OF CONFIRMATORY YAX v1.1,profile_SOC2_x_post,Q2_x_post,49,"Installation, Maintenance, and Repair",1151466.1781288157,0.05697972562586506,rebuilt_corrected_preperiod_weight
POST-OUTCOME EXPLORATORY -- NOT PART OF CONFIRMATORY YAX v1.1,profile_SOC2_x_post,Q2_x_post,51,Production,1757394.5328874341,0.0869637859993826,rebuilt_corrected_preperiod_weight
POST-OUTCOME EXPLORATORY -- NOT PART OF CONFIRMATORY YAX v1.1,profile_SOC2_x_post,Q2_x_post,53,Transportation and Material Moving,5376570.636048075,0.2660568981261296,rebuilt_corrected_preperiod_weight
POST-OUTCOME EXPLORATORY -- NOT PART OF CONFIRMATORY YAX v1.1,profile_SOC2_x_post,Q3_x_post,11,Management,260914.36716379577,0.02036880065341236,rebuilt_corrected_preperiod_weight
POST-OUTCOME EXPLORATORY -- NOT PART OF CONFIRMATORY YAX v1.1,profile_SOC2_x_post,Q3_x_post,13,Business and Financial Operations,93048.5765169604,0.007264022777894543,rebuilt_corrected_preperiod_weight
POST-OUTCOME EXPLORATORY -- NOT PART OF CONFIRMATORY YAX v1.1,profile_SOC2_x_post,Q3_x_post,15,Computer and Mathematical,4098.1266561996135,0.00031992843406803415,rebuilt_corrected_preperiod_weight
POST-OUTCOME EXPLORATORY -- NOT PART OF CONFIRMATORY YAX v1.1,profile_SOC2_x_post,Q3_x_post,17,Architecture and Engineering,18868.125145953556,0.001472977835522171,rebuilt_corrected_preperiod_weight
POST-OUTCOME EXPLORATORY -- NOT PART OF CONFIRMATORY YAX v1.1,profile_SOC2_x_post,Q3_x_post,19,"Life, Physical, and Social Science",47276.64955339609,0.003690745974558897,rebuilt_corrected_preperiod_weight
POST-OUTCOME EXPLORATORY -- NOT PART OF CONFIRMATORY YAX v1.1,profile_SOC2_x_post,Q3_x_post,21,Community and Social Service,193451.99255287828,0.015102215777337055,rebuilt_corrected_preperiod_weight
POST-OUTCOME EXPLORATORY -- NOT PART OF CONFIRMATORY YAX v1.1,profile_SOC2_x_post,Q3_x_post,23,Legal,16858.07087647534,0.0013160589384809838,rebuilt_corrected_preperiod_weight
POST-OUTCOME EXPLORATORY -- NOT PART OF CONFIRMATORY YAX v1.1,profile_SOC2_x_post,Q3_x_post,25,Educational Instruction and Library,351430.717581418,0.027435140148521605,rebuilt_corrected_preperiod_weight
POST-OUTCOME EXPLORATORY -- NOT PART OF CONFIRMATORY YAX v1.1,profile_SOC2_x_post,Q3_x_post,27,"Arts, Design, Entertainment, Sports, and Media",259697.36744900342,0.02027379314249862,rebuilt_corrected_preperiod_weight
POST-OUTCOME EXPLORATORY -- NOT PART OF CONFIRMATORY YAX v1.1,profile_SOC2_x_post,Q3_x_post,29,Healthcare Practitioners and Technical,1377848.1484456155,0.10756446481440195,rebuilt_corrected_preperiod_weight
POST-OUTCOME EXPLORATORY -- NOT PART OF CONFIRMATORY YAX v1.1,profile_SOC2_x_post,Q3_x_post,31,Healthcare Support,1776024.2510120657,0.13864887670896503,rebuilt_corrected_preperiod_weight
POST-OUTCOME EXPLORATORY -- NOT PART OF CONFIRMATORY YAX v1.1,profile_SOC2_x_post,Q3_x_post,33,Protective Service,539768.6992395173,0.04213812046179646,rebuilt_corrected_preperiod_weight
POST-OUTCOME EXPLORATORY -- NOT PART OF CONFIRMATORY YAX v1.1,profile_SOC2_x_post,Q3_x_post,35,Food Preparation and Serving Related,1279465.6759529943,0.09988404080488772,rebuilt_corrected_preperiod_weight
POST-OUTCOME EXPLORATORY -- NOT PART OF CONFIRMATORY YAX v1.1,profile_SOC2_x_post,Q3_x_post,37,Building and Grounds Cleaning and Maintenance,369183.8845906089,0.02882107655251401,rebuilt_corrected_preperiod_weight
POST-OUTCOME EXPLORATORY -- NOT PART OF CONFIRMATORY YAX v1.1,profile_SOC2_x_post,Q3_x_post,39,Personal Care and Service,715829.1020706594,0.0558826270875114,rebuilt_corrected_preperiod_weight
POST-OUTCOME EXPLORATORY -- NOT PART OF CONFIRMATORY YAX v1.1,profile_SOC2_x_post,Q3_x_post,41,Sales and Related,996014.3879488773,0.07775585046002899,rebuilt_corrected_preperiod_weight
POST-OUTCOME EXPLORATORY -- NOT PART OF CONFIRMATORY YAX v1.1,profile_SOC2_x_post,Q3_x_post,43,Office and Administrative Support,260061.36850141836,0.020302209610916465,rebuilt_corrected_preperiod_weight
POST-OUTCOME EXPLORATORY -- NOT PART OF CONFIRMATORY YAX v1.1,profile_SOC2_x_post,Q3_x_post,45,"Farming, Fishing, and Forestry",20611.034262456797,0.0016090415131838267,rebuilt_corrected_preperiod_weight
POST-OUTCOME EXPLORATORY -- NOT PART OF CONFIRMATORY YAX v1.1,profile_SOC2_x_post,Q3_x_post,47,Construction and Extraction,747133.3512895862,0.058326455761555894,rebuilt_corrected_preperiod_weight
POST-OUTCOME EXPLORATORY -- NOT PART OF CONFIRMATORY YAX v1.1,profile_SOC2_x_post,Q3_x_post,49,"Installation, Maintenance, and Repair",651585.3464393792,0.050867310123924654,rebuilt_corrected_preperiod_weight
POST-OUTCOME EXPLORATORY -- NOT PART OF CONFIRMATORY YAX v1.1,profile_SOC2_x_post,Q3_x_post,51,Production,1807675.8844300169,0.14111982462361322,rebuilt_corrected_preperiod_weight
POST-OUTCOME EXPLORATORY -- NOT PART OF CONFIRMATORY YAX v1.1,profile_SOC2_x_post,Q3_x_post,53,Transportation and Material Moving,1022665.4371995216,0.07983641779440602,rebuilt_corrected_preperiod_weight
POST-OUTCOME EXPLORATORY -- NOT PART OF CONFIRMATORY YAX v1.1,profile_SOC2_x_post,Q4_x_post,11,Management,844185.8823399179,0.09267070102461622,rebuilt_corrected_preperiod_weight
POST-OUTCOME EXPLORATORY -- NOT PART OF CONFIRMATORY YAX v1.1,profile_SOC2_x_post,Q4_x_post,13,Business and Financial Operations,321415.0089053639,0.03528340714788201,rebuilt_corrected_preperiod_weight
POST-OUTCOME EXPLORATORY -- NOT PART OF CONFIRMATORY YAX v1.1,profile_SOC2_x_post,Q4_x_post,15,Computer and Mathematical,5397.513128679732,0.0005925132555378538,rebuilt_corrected_preperiod_weight
POST-OUTCOME EXPLORATORY -- NOT PART OF CONFIRMATORY YAX v1.1,profile_SOC2_x_post,Q4_x_post,17,Architecture and Engineering,94225.50024710495,0.010343626143203354,rebuilt_corrected_preperiod_weight
POST-OUTCOME EXPLORATORY -- NOT PART OF CONFIRMATORY YAX v1.1,profile_SOC2_x_post,Q4_x_post,19,"Life, Physical, and Social Science",127982.01614466621,0.01404925550495569,rebuilt_corrected_preperiod_weight
POST-OUTCOME EXPLORATORY -- NOT PART OF CONFIRMATORY YAX v1.1,profile_SOC2_x_post,Q4_x_post,21,Community and Social Service,28523.08028428888,0.0031311277535225755,rebuilt_corrected_preperiod_weight
POST-OUTCOME EXPLORATORY -- NOT PART OF CONFIRMATORY YAX v1.1,profile_SOC2_x_post,Q4_x_post,23,Legal,46612.017543771435,0.005116845036522065,rebuilt_corrected_preperiod_weight
POST-OUTCOME EXPLORATORY -- NOT PART OF CONFIRMATORY YAX v1.1,profile_SOC2_x_post,Q4_x_post,25,Educational Instruction and Library,114790.32209673541,0.012601134231314488,rebuilt_corrected_preperiod_weight
POST-OUTCOME EXPLORATORY -- NOT PART OF CONFIRMATORY YAX v1.1,profile_SOC2_x_post,Q4_x_post,27,"Arts, Design, Entertainment, Sports, and Media",384860.8244024387,0.04224818625896518,rebuilt_corrected_preperiod_weight
POST-OUTCOME EXPLORATORY -- NOT PART OF CONFIRMATORY YAX v1.1,profile_SOC2_x_post,Q4_x_post,29,Healthcare Practitioners and Technical,323523.638371703,0.035514882436600614,rebuilt_corrected_preperiod_weight
POST-OUTCOME EXPLORATORY -- NOT PART OF CONFIRMATORY YAX v1.1,profile_SOC2_x_post,Q4_x_post,31,Healthcare Support,632331.2685843357,0.06941431166447783,rebuilt_corrected_preperiod_weight
POST-OUTCOME EXPLORATORY -- NOT PART OF CONFIRMATORY YAX v1.1,profile_SOC2_x_post,Q4_x_post,33,Protective Service,128246.40639285985,0.014078279005770777,rebuilt_corrected_preperiod_weight
POST-OUTCOME EXPLORATORY -- NOT PART OF CONFIRMATORY YAX v1.1,profile_SOC2_x_post,Q4_x_post,35,Food Preparation and Serving Related,1386214.5273436487,0.15217202124178258,rebuilt_corrected_preperiod_weight
POST-OUTCOME EXPLORATORY -- NOT PART OF CONFIRMATORY YAX v1.1,profile_SOC2_x_post,Q4_x_post,37,Building and Grounds Cleaning and Maintenance,135202.65134302087,0.014841902408526047,rebuilt_corrected_preperiod_weight
POST-OUTCOME EXPLORATORY -- NOT PART OF CONFIRMATORY YAX v1.1,profile_SOC2_x_post,Q4_x_post,39,Personal Care and Service,304563.2288076679,0.03343349907924962,rebuilt_corrected_preperiod_weight
POST-OUTCOME EXPLORATORY -- NOT PART OF CONFIRMATORY YAX v1.1,profile_SOC2_x_post,Q4_x_post,41,Sales and Related,1664802.9578994522,0.1827541308186382,rebuilt_corrected_preperiod_weight
POST-OUTCOME EXPLORATORY -- NOT PART OF CONFIRMATORY YAX v1.1,profile_SOC2_x_post,Q4_x_post,43,Office and Administrative Support,874523.6702477596,0.09600103872839669,rebuilt_corrected_preperiod_weight
POST-OUTCOME EXPLORATORY -- NOT PART OF CONFIRMATORY YAX v1.1,profile_SOC2_x_post,Q4_x_post,45,"Farming, Fishing, and Forestry",10395.915871913163,0.0011412140759482733,rebuilt_corrected_preperiod_weight
POST-OUTCOME EXPLORATORY -- NOT PART OF CONFIRMATORY YAX v1.1,profile_SOC2_x_post,Q4_x_post,47,Construction and Extraction,221232.8591132264,0.02428588841935601,rebuilt_corrected_preperiod_weight
POST-OUTCOME EXPLORATORY -- NOT PART OF CONFIRMATORY YAX v1.1,profile_SOC2_x_post,Q4_x_post,49,"Installation, Maintenance, and Repair",236965.3157570539,0.026012922496236986,rebuilt_corrected_preperiod_weight
POST-OUTCOME EXPLORATORY -- NOT PART OF CONFIRMATORY YAX v1.1,profile_SOC2_x_post,Q4_x_post,51,Production,541227.2192023618,0.0594133435139476,rebuilt_corrected_preperiod_weight
POST-OUTCOME EXPLORATORY -- NOT PART OF CONFIRMATORY YAX v1.1,profile_SOC2_x_post,Q4_x_post,53,Transportation and Material Moving,682301.1752172379,0.07489976975454934,rebuilt_corrected_preperiod_weight
POST-OUTCOME EXPLORATORY -- NOT PART OF CONFIRMATORY YAX v1.1,profile_SOC2_x_post,Q5_x_post,11,Management,237893.1146001314,0.030400011337371923,rebuilt_corrected_preperiod_weight
POST-OUTCOME EXPLORATORY -- NOT PART OF CONFIRMATORY YAX v1.1,profile_SOC2_x_post,Q5_x_post,13,Business and Financial Operations,468651.89475157537,0.059888336565251964,rebuilt_corrected_preperiod_weight
POST-OUTCOME EXPLORATORY -- NOT PART OF CONFIRMATORY YAX v1.1,profile_SOC2_x_post,Q5_x_post,15,Computer and Mathematical,22045.433862996357,0.002817153579660611,rebuilt_corrected_preperiod_weight
POST-OUTCOME EXPLORATORY -- NOT PART OF CONFIRMATORY YAX v1.1,profile_SOC2_x_post,Q5_x_post,17,Architecture and Engineering,146438.6001099525,0.01871317339744885,rebuilt_corrected_preperiod_weight
POST-OUTCOME EXPLORATORY -- NOT PART OF CONFIRMATORY YAX v1.1,profile_SOC2_x_post,Q5_x_post,19,"Life, Physical, and Social Science",42868.82661596627,0.005478144322654078,rebuilt_corrected_preperiod_weight
POST-OUTCOME EXPLORATORY -- NOT PART OF CONFIRMATORY YAX v1.1,profile_SOC2_x_post,Q5_x_post,21,Community and Social Service,15743.99288524491,0.002011901702205398,rebuilt_corrected_preperiod_weight
POST-OUTCOME EXPLORATORY -- NOT PART OF CONFIRMATORY YAX v1.1,profile_SOC2_x_post,Q5_x_post,23,Legal,21821.349356277275,0.0027885181500213805,rebuilt_corrected_preperiod_weight
POST-OUTCOME EXPLORATORY -- NOT PART OF CONFIRMATORY YAX v1.1,profile_SOC2_x_post,Q5_x_post,25,Educational Instruction and Library,250627.3055091348,0.032027294870384894,rebuilt_corrected_preperiod_weight
POST-OUTCOME EXPLORATORY -- NOT PART OF CONFIRMATORY YAX v1.1,profile_SOC2_x_post,Q5_x_post,27,"Arts, Design, Entertainment, Sports, and Media",382585.0579943172,0.04888998204124532,rebuilt_corrected_preperiod_weight
POST-OUTCOME EXPLORATORY -- NOT PART OF CONFIRMATORY YAX v1.1,profile_SOC2_x_post,Q5_x_post,29,Healthcare Practitioners and Technical,281998.0677603489,0.03603611845362273,rebuilt_corrected_preperiod_weight
POST-OUTCOME EXPLORATORY -- NOT PART OF CONFIRMATORY YAX v1.1,profile_SOC2_x_post,Q5_x_post,31,Healthcare Support,568469.7297754743,0.0726439109394788,rebuilt_corrected_preperiod_weight
POST-OUTCOME EXPLORATORY -- NOT PART OF CONFIRMATORY YAX v1.1,profile_SOC2_x_post,Q5_x_post,33,Protective Service,111218.64494635798,0.014212467111456944,rebuilt_corrected_preperiod_weight
POST-OUTCOME EXPLORATORY -- NOT PART OF CONFIRMATORY YAX v1.1,profile_SOC2_x_post,Q5_x_post,35,Food Preparation and Serving Related,848146.0381662671,0.10838333517697935,rebuilt_corrected_preperiod_weight
POST-OUTCOME EXPLORATORY -- NOT PART OF CONFIRMATORY YAX v1.1,profile_SOC2_x_post,Q5_x_post,37,Building and Grounds Cleaning and Maintenance,101382.66103908878,0.012955541189923666,rebuilt_corrected_preperiod_weight
POST-OUTCOME EXPLORATORY -- NOT PART OF CONFIRMATORY YAX v1.1,profile_SOC2_x_post,Q5_x_post,39,Personal Care and Service,232333.6945536851,0.029689581223725052,rebuilt_corrected_preperiod_weight
POST-OUTCOME EXPLORATORY -- NOT PART OF CONFIRMATORY YAX v1.1,profile_SOC2_x_post,Q5_x_post,41,Sales and Related,1360065.0013366006,0.173800706799324,rebuilt_corrected_preperiod_weight
POST-OUTCOME EXPLORATORY -- NOT PART OF CONFIRMATORY YAX v1.1,profile_SOC2_x_post,Q5_x_post,43,Office and Administrative Support,1481107.1252468838,0.18926850184399047,rebuilt_corrected_preperiod_weight
POST-OUTCOME EXPLORATORY -- NOT PART OF CONFIRMATORY YAX v1.1,profile_SOC2_x_post,Q5_x_post,45,"Farming, Fishing, and Forestry",11456.632781749191,0.0014640262583416942,rebuilt_corrected_preperiod_weight
POST-OUTCOME EXPLORATORY -- NOT PART OF CONFIRMATORY YAX v1.1,profile_SOC2_x_post,Q5_x_post,47,Construction and Extraction,153930.01195980376,0.019670489903019856,rebuilt_corrected_preperiod_weight
POST-OUTCOME EXPLORATORY -- NOT PART OF CONFIRMATORY YAX v1.1,profile_SOC2_x_post,Q5_x_post,49,"Installation, Maintenance, and Repair",205984.18960212948,0.026322416727989847,rebuilt_corrected_preperiod_weight
POST-OUTCOME EXPLORATORY -- NOT PART OF CONFIRMATORY YAX v1.1,profile_SOC2_x_post,Q5_x_post,51,Production,443449.4238156355,0.05666774985987308,rebuilt_corrected_preperiod_weight
POST-OUTCOME EXPLORATORY -- NOT PART OF CONFIRMATORY YAX v1.1,profile_SOC2_x_post,Q5_x_post,53,Transportation and Material Moving,437211.68623624265,0.055870638546030166,rebuilt_corrected_preperiod_weight
POST-OUTCOME EXPLORATORY -- NOT PART OF CONFIRMATORY YAX v1.1,profile_SOC2_x_calendar_month,Q2_x_post,11,Management,18344.00397923973,0.0009102981576295259,rebuilt_corrected_preperiod_weight
POST-OUTCOME EXPLORATORY -- NOT PART OF CONFIRMATORY YAX v1.1,profile_SOC2_x_calendar_month,Q2_x_post,13,Business and Financial Operations,10111.942583599977,0.0005017924502373612,rebuilt_corrected_preperiod_weight
POST-OUTCOME EXPLORATORY -- NOT PART OF CONFIRMATORY YAX v1.1,profile_SOC2_x_calendar_month,Q2_x_post,15,Computer and Mathematical,1385.8969934955624,6.877339763287578e-05,rebuilt_corrected_preperiod_weight
POST-OUTCOME EXPLORATORY -- NOT PART OF CONFIRMATORY YAX v1.1,profile_SOC2_x_calendar_month,Q2_x_post,17,Architecture and Engineering,2591.3455708453334,0.00012859226925547712,rebuilt_corrected_preperiod_weight
POST-OUTCOME EXPLORATORY -- NOT PART OF CONFIRMATORY YAX v1.1,profile_SOC2_x_calendar_month,Q2_x_post,19,"Life, Physical, and Social Science",2760.2673714036346,0.00013697480144450778,rebuilt_corrected_preperiod_weight
POST-OUTCOME EXPLORATORY -- NOT PART OF CONFIRMATORY YAX v1.1,profile_SOC2_x_calendar_month,Q2_x_post,21,Community and Social Service,86167.3296777251,0.004275945510165551,rebuilt_corrected_preperiod_weight
POST-OUTCOME EXPLORATORY -- NOT PART OF CONFIRMATORY YAX v1.1,profile_SOC2_x_calendar_month,Q2_x_post,23,Legal,756.177299983262,3.752434876241023e-05,rebuilt_corrected_preperiod_weight
POST-OUTCOME EXPLORATORY -- NOT PART OF CONFIRMATORY YAX v1.1,profile_SOC2_x_calendar_month,Q2_x_post,25,Educational Instruction and Library,97882.7635799012,0.0048573092031221525,rebuilt_corrected_preperiod_weight
POST-OUTCOME EXPLORATORY -- NOT PART OF CONFIRMATORY YAX v1.1,profile_SOC2_x_calendar_month,Q2_x_post,27,"Arts, Design, Entertainment, Sports, and Media",177771.26225377555,0.008821675610855053,rebuilt_corrected_preperiod_weight
POST-OUTCOME EXPLORATORY -- NOT PART OF CONFIRMATORY YAX v1.1,profile_SOC2_x_calendar_month,Q2_x_post,29,Healthcare Practitioners and Technical,799802.4195062493,0.039689190526132366,rebuilt_corrected_preperiod_weight
POST-OUTCOME EXPLORATORY -- NOT PART OF CONFIRMATORY YAX v1.1,profile_SOC2_x_calendar_month,Q2_x_post,31,Healthcare Support,2607283.518987483,0.12938316991416718,rebuilt_corrected_preperiod_weight
POST-OUTCOME EXPLORATORY -- NOT PART OF CONFIRMATORY YAX v1.1,profile_SOC2_x_calendar_month,Q2_x_post,33,Protective Service,561860.1790898901,0.027881605697957335,rebuilt_corrected_preperiod_weight
POST-OUTCOME EXPLORATORY -- NOT PART OF CONFIRMATORY YAX v1.1,profile_SOC2_x_calendar_month,Q2_x_post,35,Food Preparation and Serving Related,4010894.1071085883,0.19903558243228156,rebuilt_corrected_preperiod_weight
POST-OUTCOME EXPLORATORY -- NOT PART OF CONFIRMATORY YAX v1.1,profile_SOC2_x_calendar_month,Q2_x_post,37,Building and Grounds Cleaning and Maintenance,588276.3661758726,0.02919247580369765,rebuilt_corrected_preperiod_weight
POST-OUTCOME EXPLORATORY -- NOT PART OF CONFIRMATORY YAX v1.1,profile_SOC2_x_calendar_month,Q2_x_post,39,Personal Care and Service,1803277.4767914324,0.0894853798917511,rebuilt_corrected_preperiod_weight
POST-OUTCOME EXPLORATORY -- NOT PART OF CONFIRMATORY YAX v1.1,profile_SOC2_x_calendar_month,Q2_x_post,41,Sales and Related,501875.5620434993,0.024904944416961186,rebuilt_corrected_preperiod_weight
POST-OUTCOME EXPLORATORY -- NOT PART OF CONFIRMATORY YAX v1.1,profile_SOC2_x_calendar_month,Q2_x_post,43,Office and Administrative Support,87441.8978275452,0.004339194353758672,rebuilt_corrected_preperiod_weight
POST-OUTCOME EXPLORATORY -- NOT PART OF CONFIRMATORY YAX v1.1,profile_SOC2_x_calendar_month,Q2_x_post,45,"Farming, Fishing, and Forestry",76656.23954307163,0.0038039696080439775,rebuilt_corrected_preperiod_weight
POST-OUTCOME EXPLORATORY -- NOT PART OF CONFIRMATORY YAX v1.1,profile_SOC2_x_calendar_month,Q2_x_post,47,Construction and Extraction,444607.5294411232,0.022063090227003077,rebuilt_corrected_preperiod_weight
POST-OUTCOME EXPLORATORY -- NOT PART OF CONFIRMATORY YAX v1.1,profile_SOC2_x_calendar_month,Q2_x_post,49,"Installation, Maintenance, and Repair",1149655.437177063,0.05705020711701902,rebuilt_corrected_preperiod_weight
POST-OUTCOME EXPLORATORY -- NOT PART OF CONFIRMATORY YAX v1.1,profile_SOC2_x_calendar_month,Q2_x_post,51,Production,1753586.0809132878,0.08701950678307174,rebuilt_corrected_preperiod_weight
POST-OUTCOME EXPLORATORY -- NOT PART OF CONFIRMATORY YAX v1.1,profile_SOC2_x_calendar_month,Q2_x_post,53,Transportation and Material Moving,5368655.726825096,0.26641279747905033,rebuilt_corrected_preperiod_weight
POST-OUTCOME EXPLORATORY -- NOT PART OF CONFIRMATORY YAX v1.1,profile_SOC2_x_calendar_month,Q3_x_post,11,Management,260248.38713159703,0.0203693537937039,rebuilt_corrected_preperiod_weight
POST-OUTCOME EXPLORATORY -- NOT PART OF CONFIRMATORY YAX v1.1,profile_SOC2_x_calendar_month,Q3_x_post,13,Business and Financial Operations,92653.43596460731,0.007251882089132984,rebuilt_corrected_preperiod_weight
POST-OUTCOME EXPLORATORY -- NOT PART OF CONFIRMATORY YAX v1.1,profile_SOC2_x_calendar_month,Q3_x_post,15,Computer and Mathematical,4041.351161003345,0.0003163120913462085,rebuilt_corrected_preperiod_weight
POST-OUTCOME EXPLORATORY -- NOT PART OF CONFIRMATORY YAX v1.1,profile_SOC2_x_calendar_month,Q3_x_post,17,Architecture and Engineering,18833.540126945354,0.0014740803824451155,rebuilt_corrected_preperiod_weight
POST-OUTCOME EXPLORATORY -- NOT PART OF CONFIRMATORY YAX v1.1,profile_SOC2_x_calendar_month,Q3_x_post,19,"Life, Physical, and Social Science",46529.76923775528,0.003641833642042835,rebuilt_corrected_preperiod_weight
POST-OUTCOME EXPLORATORY -- NOT PART OF CONFIRMATORY YAX v1.1,profile_SOC2_x_calendar_month,Q3_x_post,21,Community and Social Service,191465.4925602228,0.014985792612320302,rebuilt_corrected_preperiod_weight
POST-OUTCOME EXPLORATORY -- NOT PART OF CONFIRMATORY YAX v1.1,profile_SOC2_x_calendar_month,Q3_x_post,23,Legal,16770.872537966763,0.0013126376686523659,rebuilt_corrected_preperiod_weight
POST-OUTCOME EXPLORATORY -- NOT PART OF CONFIRMATORY YAX v1.1,profile_SOC2_x_calendar_month,Q3_x_post,25,Educational Instruction and Library,350967.51775831846,0.02746983994064984,rebuilt_corrected_preperiod_weight
POST-OUTCOME EXPLORATORY -- NOT PART OF CONFIRMATORY YAX v1.1,profile_SOC2_x_calendar_month,Q3_x_post,27,"Arts, Design, Entertainment, Sports, and Media",257490.36964025453,0.02015348681112786,rebuilt_corrected_preperiod_weight
POST-OUTCOME EXPLORATORY -- NOT PART OF CONFIRMATORY YAX v1.1,profile_SOC2_x_calendar_month,Q3_x_post,29,Healthcare Practitioners and Technical,1375812.2003882264,0.10768330121958154,rebuilt_corrected_preperiod_weight
POST-OUTCOME EXPLORATORY -- NOT PART OF CONFIRMATORY YAX v1.1,profile_SOC2_x_calendar_month,Q3_x_post,31,Healthcare Support,1770493.7766324875,0.13857459223192842,rebuilt_corrected_preperiod_weight
POST-OUTCOME EXPLORATORY -- NOT PART OF CONFIRMATORY YAX v1.1,profile_SOC2_x_calendar_month,Q3_x_post,33,Protective Service,538756.7999386598,0.042167899627232434,rebuilt_corrected_preperiod_weight
POST-OUTCOME EXPLORATORY -- NOT PART OF CONFIRMATORY YAX v1.1,profile_SOC2_x_calendar_month,Q3_x_post,35,Food Preparation and Serving Related,1276201.065668599,0.09988684773427943,rebuilt_corrected_preperiod_weight
POST-OUTCOME EXPLORATORY -- NOT PART OF CONFIRMATORY YAX v1.1,profile_SOC2_x_calendar_month,Q3_x_post,37,Building and Grounds Cleaning and Maintenance,367890.28538594814,0.02879436627018872,rebuilt_corrected_preperiod_weight
POST-OUTCOME EXPLORATORY -- NOT PART OF CONFIRMATORY YAX v1.1,profile_SOC2_x_calendar_month,Q3_x_post,39,Personal Care and Service,713186.4248509741,0.05582031369635549,rebuilt_corrected_preperiod_weight
POST-OUTCOME EXPLORATORY -- NOT PART OF CONFIRMATORY YAX v1.1,profile_SOC2_x_calendar_month,Q3_x_post,41,Sales and Related,993453.1300679381,0.07775647913461937,rebuilt_corrected_preperiod_weight
POST-OUTCOME EXPLORATORY -- NOT PART OF CONFIRMATORY YAX v1.1,profile_SOC2_x_calendar_month,Q3_x_post,43,Office and Administrative Support,259634.0799179462,0.020321272646647452,rebuilt_corrected_preperiod_weight
POST-OUTCOME EXPLORATORY -- NOT PART OF CONFIRMATORY YAX v1.1,profile_SOC2_x_calendar_month,Q3_x_post,45,"Farming, Fishing, and Forestry",19498.18220362548,0.0015261011836316136,rebuilt_corrected_preperiod_weight
POST-OUTCOME EXPLORATORY -- NOT PART OF CONFIRMATORY YAX v1.1,profile_SOC2_x_calendar_month,Q3_x_post,47,Construction and Extraction,746457.8191776287,0.05842442897914019,rebuilt_corrected_preperiod_weight
POST-OUTCOME EXPLORATORY -- NOT PART OF CONFIRMATORY YAX v1.1,profile_SOC2_x_calendar_month,Q3_x_post,49,"Installation, Maintenance, and Repair",651096.0282293217,0.050960566937047785,rebuilt_corrected_preperiod_weight
POST-OUTCOME EXPLORATORY -- NOT PART OF CONFIRMATORY YAX v1.1,profile_SOC2_x_calendar_month,Q3_x_post,51,Production,1803639.8109948344,0.1411688957287778,rebuilt_corrected_preperiod_weight
POST-OUTCOME EXPLORATORY -- NOT PART OF CONFIRMATORY YAX v1.1,profile_SOC2_x_calendar_month,Q3_x_post,53,Transportation and Material Moving,1021347.1795881132,0.07993971557914818,rebuilt_corrected_preperiod_weight
POST-OUTCOME EXPLORATORY -- NOT PART OF CONFIRMATORY YAX v1.1,profile_SOC2_x_calendar_month,Q4_x_post,11,Management,842324.0251336434,0.09271789621084357,rebuilt_corrected_preperiod_weight
POST-OUTCOME EXPLORATORY -- NOT PART OF CONFIRMATORY YAX v1.1,profile_SOC2_x_calendar_month,Q4_x_post,13,Business and Financial Operations,320687.83001108456,0.03529936230221008,rebuilt_corrected_preperiod_weight
POST-OUTCOME EXPLORATORY -- NOT PART OF CONFIRMATORY YAX v1.1,profile_SOC2_x_calendar_month,Q4_x_post,15,Computer and Mathematical,5346.532602507852,0.0005885137312194834,rebuilt_corrected_preperiod_weight
POST-OUTCOME EXPLORATORY -- NOT PART OF CONFIRMATORY YAX v1.1,profile_SOC2_x_calendar_month,Q4_x_post,17,Architecture and Engineering,93718.17384803406,0.010315925530597517,rebuilt_corrected_preperiod_weight
POST-OUTCOME EXPLORATORY -- NOT PART OF CONFIRMATORY YAX v1.1,profile_SOC2_x_calendar_month,Q4_x_post,19,"Life, Physical, and Social Science",126370.86289765427,0.013910134580763565,rebuilt_corrected_preperiod_weight
POST-OUTCOME EXPLORATORY -- NOT PART OF CONFIRMATORY YAX v1.1,profile_SOC2_x_calendar_month,Q4_x_post,21,Community and Social Service,28238.187879203724,0.0031082876599072547,rebuilt_corrected_preperiod_weight
POST-OUTCOME EXPLORATORY -- NOT PART OF CONFIRMATORY YAX v1.1,profile_SOC2_x_calendar_month,Q4_x_post,23,Legal,46318.1389081865,0.0050984185038379995,rebuilt_corrected_preperiod_weight
POST-OUTCOME EXPLORATORY -- NOT PART OF CONFIRMATORY YAX v1.1,profile_SOC2_x_calendar_month,Q4_x_post,25,Educational Instruction and Library,114473.40168858976,0.012600534544863413,rebuilt_corrected_preperiod_weight
POST-OUTCOME EXPLORATORY -- NOT PART OF CONFIRMATORY YAX v1.1,profile_SOC2_x_calendar_month,Q4_x_post,27,"Arts, Design, Entertainment, Sports, and Media",381827.18469035375,0.04202920992901977,rebuilt_corrected_preperiod_weight
POST-OUTCOME EXPLORATORY -- NOT PART OF CONFIRMATORY YAX v1.1,profile_SOC2_x_calendar_month,Q4_x_post,29,Healthcare Practitioners and Technical,323205.1536323856,0.035576453947805564,rebuilt_corrected_preperiod_weight
POST-OUTCOME EXPLORATORY -- NOT PART OF CONFIRMATORY YAX v1.1,profile_SOC2_x_calendar_month,Q4_x_post,31,Healthcare Support,630447.611894438,0.06939583165365419,rebuilt_corrected_preperiod_weight
POST-OUTCOME EXPLORATORY -- NOT PART OF CONFIRMATORY YAX v1.1,profile_SOC2_x_calendar_month,Q4_x_post,33,Protective Service,128071.74000203348,0.014097356768574498,rebuilt_corrected_preperiod_weight
POST-OUTCOME EXPLORATORY -- NOT PART OF CONFIRMATORY YAX v1.1,profile_SOC2_x_calendar_month,Q4_x_post,35,Food Preparation and Serving Related,1383016.0536552232,0.15223398014842374,rebuilt_corrected_preperiod_weight
POST-OUTCOME EXPLORATORY -- NOT PART OF CONFIRMATORY YAX v1.1,profile_SOC2_x_calendar_month,Q4_x_post,37,Building and Grounds Cleaning and Maintenance,134743.1169519966,0.014831701292977627,rebuilt_corrected_preperiod_weight
POST-OUTCOME EXPLORATORY -- NOT PART OF CONFIRMATORY YAX v1.1,profile_SOC2_x_calendar_month,Q4_x_post,39,Personal Care and Service,303421.1992474953,0.03339875679734462,rebuilt_corrected_preperiod_weight
POST-OUTCOME EXPLORATORY -- NOT PART OF CONFIRMATORY YAX v1.1,profile_SOC2_x_calendar_month,Q4_x_post,41,Sales and Related,1662496.842378608,0.18299752242975442,rebuilt_corrected_preperiod_weight
POST-OUTCOME EXPLORATORY -- NOT PART OF CONFIRMATORY YAX v1.1,profile_SOC2_x_calendar_month,Q4_x_post,43,Office and Administrative Support,871320.619573843,0.09590966464383797,rebuilt_corrected_preperiod_weight
POST-OUTCOME EXPLORATORY -- NOT PART OF CONFIRMATORY YAX v1.1,profile_SOC2_x_calendar_month,Q4_x_post,45,"Farming, Fishing, and Forestry",9837.905713703254,0.001082896716320636,rebuilt_corrected_preperiod_weight
POST-OUTCOME EXPLORATORY -- NOT PART OF CONFIRMATORY YAX v1.1,profile_SOC2_x_calendar_month,Q4_x_post,47,Construction and Extraction,221056.689503356,0.024332573430792204,rebuilt_corrected_preperiod_weight
POST-OUTCOME EXPLORATORY -- NOT PART OF CONFIRMATORY YAX v1.1,profile_SOC2_x_calendar_month,Q4_x_post,49,"Installation, Maintenance, and Repair",236729.32446895132,0.026057721590800997,rebuilt_corrected_preperiod_weight
POST-OUTCOME EXPLORATORY -- NOT PART OF CONFIRMATORY YAX v1.1,profile_SOC2_x_calendar_month,Q4_x_post,51,Production,540111.6908448531,0.059452203902258305,rebuilt_corrected_preperiod_weight
POST-OUTCOME EXPLORATORY -- NOT PART OF CONFIRMATORY YAX v1.1,profile_SOC2_x_calendar_month,Q4_x_post,53,Transportation and Material Moving,681042.9091276532,0.07496505368419254,rebuilt_corrected_preperiod_weight
POST-OUTCOME EXPLORATORY -- NOT PART OF CONFIRMATORY YAX v1.1,profile_SOC2_x_calendar_month,Q5_x_post,11,Management,237440.1066504924,0.030429245670563133,rebuilt_corrected_preperiod_weight
POST-OUTCOME EXPLORATORY -- NOT PART OF CONFIRMATORY YAX v1.1,profile_SOC2_x_calendar_month,Q5_x_post,13,Business and Financial Operations,467649.8829665832,0.059931885043948814,rebuilt_corrected_preperiod_weight
POST-OUTCOME EXPLORATORY -- NOT PART OF CONFIRMATORY YAX v1.1,profile_SOC2_x_calendar_month,Q5_x_post,15,Computer and Mathematical,21949.901581488964,0.002812999695333589,rebuilt_corrected_preperiod_weight
POST-OUTCOME EXPLORATORY -- NOT PART OF CONFIRMATORY YAX v1.1,profile_SOC2_x_calendar_month,Q5_x_post,17,Architecture and Engineering,145779.6929870352,0.018682463355743965,rebuilt_corrected_preperiod_weight
POST-OUTCOME EXPLORATORY -- NOT PART OF CONFIRMATORY YAX v1.1,profile_SOC2_x_calendar_month,Q5_x_post,19,"Life, Physical, and Social Science",42492.60488397262,0.005445659250397293,rebuilt_corrected_preperiod_weight
POST-OUTCOME EXPLORATORY -- NOT PART OF CONFIRMATORY YAX v1.1,profile_SOC2_x_calendar_month,Q5_x_post,21,Community and Social Service,15601.544092881211,0.0019994230323574567,rebuilt_corrected_preperiod_weight
POST-OUTCOME EXPLORATORY -- NOT PART OF CONFIRMATORY YAX v1.1,profile_SOC2_x_calendar_month,Q5_x_post,23,Legal,21733.877358934464,0.002785315012102801,rebuilt_corrected_preperiod_weight
POST-OUTCOME EXPLORATORY -- NOT PART OF CONFIRMATORY YAX v1.1,profile_SOC2_x_calendar_month,Q5_x_post,25,Educational Instruction and Library,249416.01837042492,0.03196402412478283,rebuilt_corrected_preperiod_weight
POST-OUTCOME EXPLORATORY -- NOT PART OF CONFIRMATORY YAX v1.1,profile_SOC2_x_calendar_month,Q5_x_post,27,"Arts, Design, Entertainment, Sports, and Media",379388.0267136727,0.048620646411407654,rebuilt_corrected_preperiod_weight
POST-OUTCOME EXPLORATORY -- NOT PART OF CONFIRMATORY YAX v1.1,profile_SOC2_x_calendar_month,Q5_x_post,29,Healthcare Practitioners and Technical,281706.9004833075,0.036102276918690335,rebuilt_corrected_preperiod_weight
POST-OUTCOME EXPLORATORY -- NOT PART OF CONFIRMATORY YAX v1.1,profile_SOC2_x_calendar_month,Q5_x_post,31,Healthcare Support,566597.2971986068,0.07261253625577296,rebuilt_corrected_preperiod_weight
POST-OUTCOME EXPLORATORY -- NOT PART OF CONFIRMATORY YAX v1.1,profile_SOC2_x_calendar_month,Q5_x_post,33,Protective Service,111081.82128165738,0.014235741707649418,rebuilt_corrected_preperiod_weight
POST-OUTCOME EXPLORATORY -- NOT PART OF CONFIRMATORY YAX v1.1,profile_SOC2_x_calendar_month,Q5_x_post,35,Food Preparation and Serving Related,846209.0909477744,0.10844631381090364,rebuilt_corrected_preperiod_weight
POST-OUTCOME EXPLORATORY -- NOT PART OF CONFIRMATORY YAX v1.1,profile_SOC2_x_calendar_month,Q5_x_post,37,Building and Grounds Cleaning and Maintenance,101006.7385561149,0.012944564864227362,rebuilt_corrected_preperiod_weight
POST-OUTCOME EXPLORATORY -- NOT PART OF CONFIRMATORY YAX v1.1,profile_SOC2_x_calendar_month,Q5_x_post,39,Personal Care and Service,231477.9468539862,0.029665162349786604,rebuilt_corrected_preperiod_weight
POST-OUTCOME EXPLORATORY -- NOT PART OF CONFIRMATORY YAX v1.1,profile_SOC2_x_calendar_month,Q5_x_post,41,Sales and Related,1358069.6738188248,0.17404404135988819,rebuilt_corrected_preperiod_weight
POST-OUTCOME EXPLORATORY -- NOT PART OF CONFIRMATORY YAX v1.1,profile_SOC2_x_calendar_month,Q5_x_post,43,Office and Administrative Support,1476147.517919535,0.18917636157771822,rebuilt_corrected_preperiod_weight
POST-OUTCOME EXPLORATORY -- NOT PART OF CONFIRMATORY YAX v1.1,profile_SOC2_x_calendar_month,Q5_x_post,45,"Farming, Fishing, and Forestry",10828.957851939094,0.0013877900556954832,rebuilt_corrected_preperiod_weight
POST-OUTCOME EXPLORATORY -- NOT PART OF CONFIRMATORY YAX v1.1,profile_SOC2_x_calendar_month,Q5_x_post,47,Construction and Extraction,153816.1559470383,0.019712379948951527,rebuilt_corrected_preperiod_weight
POST-OUTCOME EXPLORATORY -- NOT PART OF CONFIRMATORY YAX v1.1,profile_SOC2_x_calendar_month,Q5_x_post,49,"Installation, Maintenance, and Repair",205759.62005890833,0.02636921839439069,rebuilt_corrected_preperiod_weight
POST-OUTCOME EXPLORATORY -- NOT PART OF CONFIRMATORY YAX v1.1,profile_SOC2_x_calendar_month,Q5_x_post,51,Production,442582.057211831,0.05671930634745655,rebuilt_corrected_preperiod_weight
POST-OUTCOME EXPLORATORY -- NOT PART OF CONFIRMATORY YAX v1.1,profile_SOC2_x_calendar_month,Q5_x_post,53,Transportation and Material Moving,436287.65862475045,0.055912644812231356,rebuilt_corrected_preperiod_weight
POST-OUTCOME EXPLORATORY -- NOT PART OF CONFIRMATORY YAX v1.1,direct_baseline,Q5_x_post,27,"Arts, Design, Entertainment, Sports, and Media",533342.5331521602,0.24569912201536126,rebuilt_corrected_preperiod_weight
POST-OUTCOME EXPLORATORY -- NOT PART OF CONFIRMATORY YAX v1.1,direct_baseline,Q5_x_post,29,Healthcare Practitioners and Technical,185694.29324373262,0.08554525839819258,rebuilt_corrected_preperiod_weight
POST-OUTCOME EXPLORATORY -- NOT PART OF CONFIRMATORY YAX v1.1,direct_baseline,Q5_x_post,31,Healthcare Support,1008381.0478381449,0.4645388708199612,rebuilt_corrected_preperiod_weight
POST-OUTCOME EXPLORATORY -- NOT PART OF CONFIRMATORY YAX v1.1,direct_baseline,Q5_x_post,41,Sales and Related,443296.16323336255,0.2042167487664851,rebuilt_corrected_preperiod_weight
POST-OUTCOME EXPLORATORY -- NOT PART OF CONFIRMATORY YAX v1.1,direct_SOC2_x_post,Q5_x_post,27,"Arts, Design, Entertainment, Sports, and Media",199480.28651811014,0.29438517185252105,rebuilt_corrected_preperiod_weight
POST-OUTCOME EXPLORATORY -- NOT PART OF CONFIRMATORY YAX v1.1,direct_SOC2_x_post,Q5_x_post,29,Healthcare Practitioners and Technical,150258.18607828813,0.22174512932078178,rebuilt_corrected_preperiod_weight
POST-OUTCOME EXPLORATORY -- NOT PART OF CONFIRMATORY YAX v1.1,direct_SOC2_x_post,Q5_x_post,31,Healthcare Support,214660.95346493486,0.3167882038813083,rebuilt_corrected_preperiod_weight
POST-OUTCOME EXPLORATORY -- NOT PART OF CONFIRMATORY YAX v1.1,direct_SOC2_x_post,Q5_x_post,41,Sales and Related,113217.19865794572,0.167081494945389,rebuilt_corrected_preperiod_weight
POST-OUTCOME EXPLORATORY -- NOT PART OF CONFIRMATORY YAX v1.1,direct_SOC2_x_calendar_month,Q5_x_post,27,"Arts, Design, Entertainment, Sports, and Media",194901.34386674152,0.2913572497574355,rebuilt_corrected_preperiod_weight
POST-OUTCOME EXPLORATORY -- NOT PART OF CONFIRMATORY YAX v1.1,direct_SOC2_x_calendar_month,Q5_x_post,29,Healthcare Practitioners and Technical,148336.23845729427,0.22174725745262225,rebuilt_corrected_preperiod_weight
POST-OUTCOME EXPLORATORY -- NOT PART OF CONFIRMATORY YAX v1.1,direct_SOC2_x_calendar_month,Q5_x_post,31,Healthcare Support,213223.8399067484,0.3187474767768956,rebuilt_corrected_preperiod_weight
POST-OUTCOME EXPLORATORY -- NOT PART OF CONFIRMATORY YAX v1.1,direct_SOC2_x_calendar_month,Q5_x_post,41,Sales and Related,112481.41007904608,0.16814801601304658,rebuilt_corrected_preperiod_weight
POST-OUTCOME EXPLORATORY -- NOT PART OF CONFIRMATORY YAX v1.1,continuous_baseline,within_SOC2_beta_z_x_post,11,Management,2550978.9486677647,0.009418589181903116,rebuilt_corrected_preperiod_weight
POST-OUTCOME EXPLORATORY -- NOT PART OF CONFIRMATORY YAX v1.1,continuous_baseline,within_SOC2_beta_z_x_post,13,Business and Financial Operations,5072407.323805054,0.018728073303445572,rebuilt_corrected_preperiod_weight
POST-OUTCOME EXPLORATORY -- NOT PART OF CONFIRMATORY YAX v1.1,continuous_baseline,within_SOC2_beta_z_x_post,15,Computer and Mathematical,13187371.908288473,0.04868971516131289,rebuilt_corrected_preperiod_weight
POST-OUTCOME EXPLORATORY -- NOT PART OF CONFIRMATORY YAX v1.1,continuous_baseline,within_SOC2_beta_z_x_post,17,Architecture and Engineering,1488669.4980516394,0.005496386568419467,rebuilt_corrected_preperiod_weight
POST-OUTCOME EXPLORATORY -- NOT PART OF CONFIRMATORY YAX v1.1,continuous_baseline,within_SOC2_beta_z_x_post,19,"Life, Physical, and Social Science",999539.3981843846,0.0036904463549344217,rebuilt_corrected_preperiod_weight
POST-OUTCOME EXPLORATORY -- NOT PART OF CONFIRMATORY YAX v1.1,continuous_baseline,within_SOC2_beta_z_x_post,21,Community and Social Service,1141277.2785285276,0.004213763439605938,rebuilt_corrected_preperiod_weight
POST-OUTCOME EXPLORATORY -- NOT PART OF CONFIRMATORY YAX v1.1,continuous_baseline,within_SOC2_beta_z_x_post,23,Legal,698431.6326549888,0.0025787122324387114,rebuilt_corrected_preperiod_weight
POST-OUTCOME EXPLORATORY -- NOT PART OF CONFIRMATORY YAX v1.1,continuous_baseline,within_SOC2_beta_z_x_post,25,Educational Instruction and Library,3691139.4058792,0.01362822915307323,rebuilt_corrected_preperiod_weight
POST-OUTCOME EXPLORATORY -- NOT PART OF CONFIRMATORY YAX v1.1,continuous_baseline,within_SOC2_beta_z_x_post,27,"Arts, Design, Entertainment, Sports, and Media",16340941.787810419,0.060333158619422456,rebuilt_corrected_preperiod_weight
POST-OUTCOME EXPLORATORY -- NOT PART OF CONFIRMATORY YAX v1.1,continuous_baseline,within_SOC2_beta_z_x_post,29,Healthcare Practitioners and Technical,12725910.831605349,0.046985933047788635,rebuilt_corrected_preperiod_weight
POST-OUTCOME EXPLORATORY -- NOT PART OF CONFIRMATORY YAX v1.1,continuous_baseline,within_SOC2_beta_z_x_post,31,Healthcare Support,20382447.484455194,0.07525499160941937,rebuilt_corrected_preperiod_weight
POST-OUTCOME EXPLORATORY -- NOT PART OF CONFIRMATORY YAX v1.1,continuous_baseline,within_SOC2_beta_z_x_post,33,Protective Service,3521110.734475688,0.013000458310067717,rebuilt_corrected_preperiod_weight
POST-OUTCOME EXPLORATORY -- NOT PART OF CONFIRMATORY YAX v1.1,continuous_baseline,within_SOC2_beta_z_x_post,35,Food Preparation and Serving Related,24874839.821116664,0.09184156433870097,rebuilt_corrected_preperiod_weight
POST-OUTCOME EXPLORATORY -- NOT PART OF CONFIRMATORY YAX v1.1,continuous_baseline,within_SOC2_beta_z_x_post,37,Building and Grounds Cleaning and Maintenance,4970778.3677844945,0.01835284426196593,rebuilt_corrected_preperiod_weight
POST-OUTCOME EXPLORATORY -- NOT PART OF CONFIRMATORY YAX v1.1,continuous_baseline,within_SOC2_beta_z_x_post,39,Personal Care and Service,6396623.434311636,0.023617273796233913,rebuilt_corrected_preperiod_weight
POST-OUTCOME EXPLORATORY -- NOT PART OF CONFIRMATORY YAX v1.1,continuous_baseline,within_SOC2_beta_z_x_post,41,Sales and Related,50924555.033610225,0.1880209412873749,rebuilt_corrected_preperiod_weight
POST-OUTCOME EXPLORATORY -- NOT PART OF CONFIRMATORY YAX v1.1,continuous_baseline,within_SOC2_beta_z_x_post,43,Office and Administrative Support,44283712.811956696,0.16350197583677548,rebuilt_corrected_preperiod_weight
POST-OUTCOME EXPLORATORY -- NOT PART OF CONFIRMATORY YAX v1.1,continuous_baseline,within_SOC2_beta_z_x_post,45,"Farming, Fishing, and Forestry",327846.9528045382,0.0012104591316276214,rebuilt_corrected_preperiod_weight
POST-OUTCOME EXPLORATORY -- NOT PART OF CONFIRMATORY YAX v1.1,continuous_baseline,within_SOC2_beta_z_x_post,47,Construction and Extraction,9189491.751245476,0.033928954074932655,rebuilt_corrected_preperiod_weight
POST-OUTCOME EXPLORATORY -- NOT PART OF CONFIRMATORY YAX v1.1,continuous_baseline,within_SOC2_beta_z_x_post,49,"Installation, Maintenance, and Repair",6735754.945756399,0.0248693971767911,rebuilt_corrected_preperiod_weight
POST-OUTCOME EXPLORATORY -- NOT PART OF CONFIRMATORY YAX v1.1,continuous_baseline,within_SOC2_beta_z_x_post,51,Production,18321495.962400652,0.06764565570322262,rebuilt_corrected_preperiod_weight
POST-OUTCOME EXPLORATORY -- NOT PART OF CONFIRMATORY YAX v1.1,continuous_baseline,within_SOC2_beta_z_x_post,53,Transportation and Material Moving,23019798.027288713,0.08499247741054318,rebuilt_corrected_preperiod_weight
POST-OUTCOME EXPLORATORY -- NOT PART OF CONFIRMATORY YAX v1.1,continuous_SOC2_x_post,within_SOC2_beta_z_x_post,11,Management,2376593.84679577,0.00907349301815383,rebuilt_corrected_preperiod_weight
POST-OUTCOME EXPLORATORY -- NOT PART OF CONFIRMATORY YAX v1.1,continuous_SOC2_x_post,within_SOC2_beta_z_x_post,13,Business and Financial Operations,4583384.427800723,0.017498701623432505,rebuilt_corrected_preperiod_weight
POST-OUTCOME EXPLORATORY -- NOT PART OF CONFIRMATORY YAX v1.1,continuous_SOC2_x_post,within_SOC2_beta_z_x_post,15,Computer and Mathematical,12908229.241932852,0.049281760138071944,rebuilt_corrected_preperiod_weight
POST-OUTCOME EXPLORATORY -- NOT PART OF CONFIRMATORY YAX v1.1,continuous_SOC2_x_post,within_SOC2_beta_z_x_post,17,Architecture and Engineering,1288744.9639820505,0.004920242660998905,rebuilt_corrected_preperiod_weight
POST-OUTCOME EXPLORATORY -- NOT PART OF CONFIRMATORY YAX v1.1,continuous_SOC2_x_post,within_SOC2_beta_z_x_post,19,"Life, Physical, and Social Science",852986.8049016482,0.00325658076969579,rebuilt_corrected_preperiod_weight
POST-OUTCOME EXPLORATORY -- NOT PART OF CONFIRMATORY YAX v1.1,continuous_SOC2_x_post,within_SOC2_beta_z_x_post,21,Community and Social Service,1108809.2493560116,0.004233274017796749,rebuilt_corrected_preperiod_weight
POST-OUTCOME EXPLORATORY -- NOT PART OF CONFIRMATORY YAX v1.1,continuous_SOC2_x_post,within_SOC2_beta_z_x_post,23,Legal,193176.04956002333,0.0007375183350409613,rebuilt_corrected_preperiod_weight
POST-OUTCOME EXPLORATORY -- NOT PART OF CONFIRMATORY YAX v1.1,continuous_SOC2_x_post,within_SOC2_beta_z_x_post,25,Educational Instruction and Library,3655495.0460762014,0.013956153603270096,rebuilt_corrected_preperiod_weight
POST-OUTCOME EXPLORATORY -- NOT PART OF CONFIRMATORY YAX v1.1,continuous_SOC2_x_post,within_SOC2_beta_z_x_post,27,"Arts, Design, Entertainment, Sports, and Media",15508116.951324148,0.059207756963718466,rebuilt_corrected_preperiod_weight
POST-OUTCOME EXPLORATORY -- NOT PART OF CONFIRMATORY YAX v1.1,continuous_SOC2_x_post,within_SOC2_beta_z_x_post,29,Healthcare Practitioners and Technical,12605755.667115176,0.048126959593172584,rebuilt_corrected_preperiod_weight
POST-OUTCOME EXPLORATORY -- NOT PART OF CONFIRMATORY YAX v1.1,continuous_SOC2_x_post,within_SOC2_beta_z_x_post,31,Healthcare Support,19061151.379695628,0.07277273068548169,rebuilt_corrected_preperiod_weight
POST-OUTCOME EXPLORATORY -- NOT PART OF CONFIRMATORY YAX v1.1,continuous_SOC2_x_post,within_SOC2_beta_z_x_post,33,Protective Service,3479635.4472348075,0.013284746983071166,rebuilt_corrected_preperiod_weight
POST-OUTCOME EXPLORATORY -- NOT PART OF CONFIRMATORY YAX v1.1,continuous_SOC2_x_post,within_SOC2_beta_z_x_post,35,Food Preparation and Serving Related,25619894.14290283,0.09781306593252548,rebuilt_corrected_preperiod_weight
POST-OUTCOME EXPLORATORY -- NOT PART OF CONFIRMATORY YAX v1.1,continuous_SOC2_x_post,within_SOC2_beta_z_x_post,37,Building and Grounds Cleaning and Maintenance,4978811.578520861,0.019008385533489335,rebuilt_corrected_preperiod_weight
POST-OUTCOME EXPLORATORY -- NOT PART OF CONFIRMATORY YAX v1.1,continuous_SOC2_x_post,within_SOC2_beta_z_x_post,39,Personal Care and Service,6270507.347401256,0.02393989394260046,rebuilt_corrected_preperiod_weight
POST-OUTCOME EXPLORATORY -- NOT PART OF CONFIRMATORY YAX v1.1,continuous_SOC2_x_post,within_SOC2_beta_z_x_post,41,Sales and Related,46136427.71699194,0.17614223622479097,rebuilt_corrected_preperiod_weight
POST-OUTCOME EXPLORATORY -- NOT PART OF CONFIRMATORY YAX v1.1,continuous_SOC2_x_post,within_SOC2_beta_z_x_post,43,Office and Administrative Support,43858356.76524759,0.16744488943018418,rebuilt_corrected_preperiod_weight
POST-OUTCOME EXPLORATORY -- NOT PART OF CONFIRMATORY YAX v1.1,continuous_SOC2_x_post,within_SOC2_beta_z_x_post,45,"Farming, Fishing, and Forestry",338364.037465147,0.001291825162163765,rebuilt_corrected_preperiod_weight
POST-OUTCOME EXPLORATORY -- NOT PART OF CONFIRMATORY YAX v1.1,continuous_SOC2_x_post,within_SOC2_beta_z_x_post,47,Construction and Extraction,9234974.462274896,0.03525780242983221,rebuilt_corrected_preperiod_weight
POST-OUTCOME EXPLORATORY -- NOT PART OF CONFIRMATORY YAX v1.1,continuous_SOC2_x_post,within_SOC2_beta_z_x_post,49,"Installation, Maintenance, and Repair",7111796.97890688,0.02715181658895555,rebuilt_corrected_preperiod_weight
POST-OUTCOME EXPLORATORY -- NOT PART OF CONFIRMATORY YAX v1.1,continuous_SOC2_x_post,within_SOC2_beta_z_x_post,51,Production,18815784.292916164,0.07183595448715069,rebuilt_corrected_preperiod_weight
POST-OUTCOME EXPLORATORY -- NOT PART OF CONFIRMATORY YAX v1.1,continuous_SOC2_x_post,within_SOC2_beta_z_x_post,53,Transportation and Material Moving,21940118.334676474,0.08376421187640269,rebuilt_corrected_preperiod_weight
POST-OUTCOME EXPLORATORY -- NOT PART OF CONFIRMATORY YAX v1.1,continuous_SOC2_x_calendar_month,within_SOC2_beta_z_x_post,11,Management,2369857.2609340646,0.009070238647128328,rebuilt_corrected_preperiod_weight
POST-OUTCOME EXPLORATORY -- NOT PART OF CONFIRMATORY YAX v1.1,continuous_SOC2_x_calendar_month,within_SOC2_beta_z_x_post,13,Business and Financial Operations,4574678.154248604,0.01750882775804185,rebuilt_corrected_preperiod_weight
POST-OUTCOME EXPLORATORY -- NOT PART OF CONFIRMATORY YAX v1.1,continuous_SOC2_x_calendar_month,within_SOC2_beta_z_x_post,15,Computer and Mathematical,12893114.856386775,0.04934627522932378,rebuilt_corrected_preperiod_weight
POST-OUTCOME EXPLORATORY -- NOT PART OF CONFIRMATORY YAX v1.1,continuous_SOC2_x_calendar_month,within_SOC2_beta_z_x_post,17,Architecture and Engineering,1283126.0288491242,0.004910953705041491,rebuilt_corrected_preperiod_weight
POST-OUTCOME EXPLORATORY -- NOT PART OF CONFIRMATORY YAX v1.1,continuous_SOC2_x_calendar_month,within_SOC2_beta_z_x_post,19,"Life, Physical, and Social Science",847165.0689283744,0.0032423848791900147,rebuilt_corrected_preperiod_weight
POST-OUTCOME EXPLORATORY -- NOT PART OF CONFIRMATORY YAX v1.1,continuous_SOC2_x_calendar_month,within_SOC2_beta_z_x_post,21,Community and Social Service,1095145.220540365,0.0041914880981684,rebuilt_corrected_preperiod_weight
POST-OUTCOME EXPLORATORY -- NOT PART OF CONFIRMATORY YAX v1.1,continuous_SOC2_x_calendar_month,within_SOC2_beta_z_x_post,23,Legal,192198.56000516826,0.0007356083573549001,rebuilt_corrected_preperiod_weight
POST-OUTCOME EXPLORATORY -- NOT PART OF CONFIRMATORY YAX v1.1,continuous_SOC2_x_calendar_month,within_SOC2_beta_z_x_post,25,Educational Instruction and Library,3636789.729596013,0.013919214165607466,rebuilt_corrected_preperiod_weight
POST-OUTCOME EXPLORATORY -- NOT PART OF CONFIRMATORY YAX v1.1,continuous_SOC2_x_calendar_month,within_SOC2_beta_z_x_post,27,"Arts, Design, Entertainment, Sports, and Media",15416612.248164374,0.059004546191941704,rebuilt_corrected_preperiod_weight
POST-OUTCOME EXPLORATORY -- NOT PART OF CONFIRMATORY YAX v1.1,continuous_SOC2_x_calendar_month,within_SOC2_beta_z_x_post,29,Healthcare Practitioners and Technical,12588688.280914528,0.04818113261268661,rebuilt_corrected_preperiod_weight
POST-OUTCOME EXPLORATORY -- NOT PART OF CONFIRMATORY YAX v1.1,continuous_SOC2_x_calendar_month,within_SOC2_beta_z_x_post,31,Healthcare Support,18989223.991037544,0.07267812967545527,rebuilt_corrected_preperiod_weight
POST-OUTCOME EXPLORATORY -- NOT PART OF CONFIRMATORY YAX v1.1,continuous_SOC2_x_calendar_month,within_SOC2_beta_z_x_post,33,Protective Service,3470007.4213128327,0.013280882328840584,rebuilt_corrected_preperiod_weight
POST-OUTCOME EXPLORATORY -- NOT PART OF CONFIRMATORY YAX v1.1,continuous_SOC2_x_calendar_month,within_SOC2_beta_z_x_post,35,Food Preparation and Serving Related,25571074.276444923,0.09786907843529097,rebuilt_corrected_preperiod_weight
POST-OUTCOME EXPLORATORY -- NOT PART OF CONFIRMATORY YAX v1.1,continuous_SOC2_x_calendar_month,within_SOC2_beta_z_x_post,37,Building and Grounds Cleaning and Maintenance,4963165.704120069,0.018995699919862902,rebuilt_corrected_preperiod_weight
POST-OUTCOME EXPLORATORY -- NOT PART OF CONFIRMATORY YAX v1.1,continuous_SOC2_x_calendar_month,within_SOC2_beta_z_x_post,39,Personal Care and Service,6246369.969607158,0.023906953062760413,rebuilt_corrected_preperiod_weight
POST-OUTCOME EXPLORATORY -- NOT PART OF CONFIRMATORY YAX v1.1,continuous_SOC2_x_calendar_month,within_SOC2_beta_z_x_post,41,Sales and Related,46051593.305599816,0.17625489443936138,rebuilt_corrected_preperiod_weight
POST-OUTCOME EXPLORATORY -- NOT PART OF CONFIRMATORY YAX v1.1,continuous_SOC2_x_calendar_month,within_SOC2_beta_z_x_post,43,Office and Administrative Support,43753445.91020765,0.16745911350094844,rebuilt_corrected_preperiod_weight
POST-OUTCOME EXPLORATORY -- NOT PART OF CONFIRMATORY YAX v1.1,continuous_SOC2_x_calendar_month,within_SOC2_beta_z_x_post,45,"Farming, Fishing, and Forestry",320198.89259463863,0.0012255085646951072,rebuilt_corrected_preperiod_weight
POST-OUTCOME EXPLORATORY -- NOT PART OF CONFIRMATORY YAX v1.1,continuous_SOC2_x_calendar_month,within_SOC2_beta_z_x_post,47,Construction and Extraction,9224595.00831924,0.03530561925724864,rebuilt_corrected_preperiod_weight
POST-OUTCOME EXPLORATORY -- NOT PART OF CONFIRMATORY YAX v1.1,continuous_SOC2_x_calendar_month,within_SOC2_beta_z_x_post,49,"Installation, Maintenance, and Repair",7103572.737105345,0.027187755581272833,rebuilt_corrected_preperiod_weight
POST-OUTCOME EXPLORATORY -- NOT PART OF CONFIRMATORY YAX v1.1,continuous_SOC2_x_calendar_month,within_SOC2_beta_z_x_post,51,Production,18774932.153601564,0.07185796293473355,rebuilt_corrected_preperiod_weight
POST-OUTCOME EXPLORATORY -- NOT PART OF CONFIRMATORY YAX v1.1,continuous_SOC2_x_calendar_month,within_SOC2_beta_z_x_post,53,Transportation and Material Moving,21912825.33162044,0.08386773265504542,rebuilt_corrected_preperiod_weight
