analysis_status,section,sample,pair,bin_or_group,switches_raw,weight_sum,conflict_rate,mean_abs_dF,median_abs_dF,mean_abs_dG,median_abs_dG,mean_H,median_H,share_abs_dG_gt_abs_dF,share_H_gt_abs_dF,pair_residual_median
POST-OUTCOME EXPLORATORY — NOT PART OF CONFIRMATORY YAX v1.1,F_distance_bin,primary,all_six,1,21460,81166243.49759999,0.9459456414878961,0.08660529361311814,0.08151955718228354,0.23333702260071418,0.18307546845933778,0.3443499993098031,0.28276460858475183,0.7651911011840343,0.9301019001025007,
POST-OUTCOME EXPLORATORY — NOT PART OF CONFIRMATORY YAX v1.1,F_distance_bin,primary,all_six,2,21864,81452004.10390002,0.659636158462888,0.2825988110975078,0.2749715254375717,0.2516952210624806,0.20597395186432516,0.3640637649139965,0.3028431111709764,0.36418291774578554,0.5451704204006668,
POST-OUTCOME EXPLORATORY — NOT PART OF CONFIRMATORY YAX v1.1,F_distance_bin,primary,all_six,3,21780,80889817.77950001,0.5266658500063607,0.5402230579709015,0.5353027042201968,0.3434274571189718,0.27154943671156706,0.511684294419957,0.4327997567350607,0.20682445315434864,0.37291863155914823,
POST-OUTCOME EXPLORATORY — NOT PART OF CONFIRMATORY YAX v1.1,F_distance_bin,primary,all_six,4,21847,81107093.24790001,0.34058924064591894,0.9319763377821402,0.9274461287348381,0.34838883127789383,0.28373567338152833,0.5639690595150173,0.48573977987712336,0.05282017216553279,0.1361017223877125,
POST-OUTCOME EXPLORATORY — NOT PART OF CONFIRMATORY YAX v1.1,F_distance_bin,primary,all_six,5,21549,81147433.0843,0.1906154133037224,1.7532319049708467,1.6574525004590792,0.3632109829568962,0.30184586608300096,0.6742947484652235,0.6544182523650708,0.004659683897914413,0.024416973021705434,
POST-OUTCOME EXPLORATORY — NOT PART OF CONFIRMATORY YAX v1.1,direction_group,primary,all_six,conflict,58062,216201600.7926,1.0,0.4273253392256928,0.283558685047552,0.36291673933580193,0.2949327554167848,0.5641738298226137,0.4829247213077476,0.523283333659629,0.7126662281895266,
POST-OUTCOME EXPLORATORY — NOT PART OF CONFIRMATORY YAX v1.1,direction_group,primary,all_six,unanimous,49154,184868527.7952,0.0,1.0578769632350247,0.9324646146382778,0.24450587575781135,0.18710139617317306,0.40797586536731917,0.3443027520815185,0.0,0.044415204447867056,
POST-OUTCOME EXPLORATORY — NOT PART OF CONFIRMATORY YAX v1.1,F_distance_bin,persistent,all_six,1,8075,30599306.9502,0.9493776131066957,0.08623785849306997,0.08151955718228354,0.23265197753888212,0.1803197333983959,0.3457168387744268,0.28276460858475183,0.7629236629964723,0.9324847127563294,
POST-OUTCOME EXPLORATORY — NOT PART OF CONFIRMATORY YAX v1.1,F_distance_bin,persistent,all_six,2,8228,30550130.1327,0.668832516128276,0.2824758828410635,0.2740134637340986,0.25397937304214,0.20766038311297308,0.367259819466824,0.3115906031563941,0.36858968549358545,0.5556885723648354,
POST-OUTCOME EXPLORATORY — NOT PART OF CONFIRMATORY YAX v1.1,F_distance_bin,persistent,all_six,3,8172,30197511.0062,0.5351374293855592,0.5406457095778743,0.53599810957152,0.34447147196616773,0.27354783471954963,0.5162557558469062,0.43805235545105037,0.20597330619808252,0.3794965503497001,
POST-OUTCOME EXPLORATORY — NOT PART OF CONFIRMATORY YAX v1.1,F_distance_bin,persistent,all_six,4,7854,28768425.7619,0.3406664545155402,0.9301215825903018,0.923975256781121,0.35273685215651374,0.2845709119921427,0.5688050941429156,0.48747638116800884,0.05503101829772979,0.1402726992814598,
POST-OUTCOME EXPLORATORY — NOT PART OF CONFIRMATORY YAX v1.1,F_distance_bin,persistent,all_six,5,7564,28280009.0752,0.19010344875789187,1.740756984388355,1.6480853310382386,0.36054379268694353,0.30199218812251616,0.670756474695123,0.6491905761890727,0.005268851014290074,0.02350376101126832,
POST-OUTCOME EXPLORATORY — NOT PART OF CONFIRMATORY YAX v1.1,direction_group,persistent,all_six,conflict,21823,80819600.6759,1.0,0.41626538780930683,0.27436407236387045,0.36090693900192594,0.2932317588604687,0.5596744061380269,0.4772316916630865,0.5263660237483136,0.7209892326017869,
POST-OUTCOME EXPLORATORY — NOT PART OF CONFIRMATORY YAX v1.1,direction_group,persistent,all_six,unanimous,17615,65969152.320199996,0.0,1.0406935059050886,0.9151377970342403,0.24256032935676566,0.184324936890145,0.4058283198138112,0.3427913181840655,0.0,0.04737987682529197,
POST-OUTCOME EXPLORATORY — NOT PART OF CONFIRMATORY YAX v1.1,pair_by_F_distance_bin,primary,aioe_admin_equal__aioe_ability_direct,1,21460,81166243.49759999,0.19850847549420497,0.08660529361311814,0.08151955718228354,0.23333702260071418,0.18307546845933778,0.3443499993098031,0.28276460858475183,0.7651911011840343,0.9301019001025007,0.06821146239152714
POST-OUTCOME EXPLORATORY — NOT PART OF CONFIRMATORY YAX v1.1,pair_by_F_distance_bin,primary,aioe_admin_equal__aioe_ability_direct,2,21864,81452004.10390002,0.16184769935782087,0.2825988110975078,0.2749715254375717,0.2516952210624806,0.20597395186432516,0.3640637649139965,0.3028431111709764,0.36418291774578554,0.5451704204006668,0.05888419953856133
POST-OUTCOME EXPLORATORY — NOT PART OF CONFIRMATORY YAX v1.1,pair_by_F_distance_bin,primary,aioe_admin_equal__aioe_ability_direct,3,21780,80889817.77950001,0.04761609675768276,0.5402230579709015,0.5353027042201968,0.3434274571189718,0.27154943671156706,0.511684294419957,0.4327997567350607,0.20682445315434864,0.37291863155914823,0.07725957415671078
POST-OUTCOME EXPLORATORY — NOT PART OF CONFIRMATORY YAX v1.1,pair_by_F_distance_bin,primary,aioe_admin_equal__aioe_ability_direct,4,21847,81107093.24790001,0.020977998088275142,0.9319763377821402,0.9274461287348381,0.34838883127789383,0.28373567338152833,0.5639690595150173,0.48573977987712336,0.05282017216553279,0.1361017223877125,0.07762012492635928
POST-OUTCOME EXPLORATORY — NOT PART OF CONFIRMATORY YAX v1.1,pair_by_F_distance_bin,primary,aioe_admin_equal__aioe_ability_direct,5,21549,81147433.0843,0.002752958605208443,1.7532319049708467,1.6574525004590792,0.3632109829568962,0.30184586608300096,0.6742947484652235,0.6544182523650708,0.004659683897914413,0.024416973021705434,0.09310281162013867
POST-OUTCOME EXPLORATORY — NOT PART OF CONFIRMATORY YAX v1.1,pair_by_F_distance_bin,primary,aioe_admin_equal__aioe_oews2018_source_weighted,1,21460,81166243.49759999,0.09017826500639307,0.08660529361311814,0.08151955718228354,0.23333702260071418,0.18307546845933778,0.3443499993098031,0.28276460858475183,0.7651911011840343,0.9301019001025007,0.0024805854032383112
POST-OUTCOME EXPLORATORY — NOT PART OF CONFIRMATORY YAX v1.1,pair_by_F_distance_bin,primary,aioe_admin_equal__aioe_oews2018_source_weighted,2,21864,81452004.10390002,0.03731422790804571,0.2825988110975078,0.2749715254375717,0.2516952210624806,0.20597395186432516,0.3640637649139965,0.3028431111709764,0.36418291774578554,0.5451704204006668,0.003111921746193347
POST-OUTCOME EXPLORATORY — NOT PART OF CONFIRMATORY YAX v1.1,pair_by_F_distance_bin,primary,aioe_admin_equal__aioe_oews2018_source_weighted,3,21780,80889817.77950001,0.032123732533101794,0.5402230579709015,0.5353027042201968,0.3434274571189718,0.27154943671156706,0.511684294419957,0.4327997567350607,0.20682445315434864,0.37291863155914823,0.005938823563412021
POST-OUTCOME EXPLORATORY — NOT PART OF CONFIRMATORY YAX v1.1,pair_by_F_distance_bin,primary,aioe_admin_equal__aioe_oews2018_source_weighted,4,21847,81107093.24790001,0.010042297687953313,0.9319763377821402,0.9274461287348381,0.34838883127789383,0.28373567338152833,0.5639690595150173,0.48573977987712336,0.05282017216553279,0.1361017223877125,0.008733147188652451
POST-OUTCOME EXPLORATORY — NOT PART OF CONFIRMATORY YAX v1.1,pair_by_F_distance_bin,primary,aioe_admin_equal__aioe_oews2018_source_weighted,5,21549,81147433.0843,0.0011827388822058624,1.7532319049708467,1.6574525004590792,0.3632109829568962,0.30184586608300096,0.6742947484652235,0.6544182523650708,0.004659683897914413,0.024416973021705434,0.014816744648567692
POST-OUTCOME EXPLORATORY — NOT PART OF CONFIRMATORY YAX v1.1,pair_by_F_distance_bin,primary,aioe_admin_equal__dv_rating_alpha,1,20189,76153216.6971,0.6889529391093728,0.0861924566485304,0.08151955718228354,0.24237318232502597,0.18928245573330849,0.357962519777497,0.303662891292405,0.7754582143599567,0.939456434268054,0.2865452703390934
POST-OUTCOME EXPLORATORY — NOT PART OF CONFIRMATORY YAX v1.1,pair_by_F_distance_bin,primary,aioe_admin_equal__dv_rating_alpha,2,21508,80153759.04179999,0.45734367411493493,0.2829200072246761,0.27534712746237633,0.25131220555396727,0.20597395186432516,0.3649847338233416,0.3028431111709764,0.3623570336140252,0.5450818794239654,0.24735077574588177
POST-OUTCOME EXPLORATORY — NOT PART OF CONFIRMATORY YAX v1.1,pair_by_F_distance_bin,primary,aioe_admin_equal__dv_rating_alpha,3,21677,80503909.206,0.42060450985871356,0.5404379786246983,0.5361746247381671,0.34343798114105534,0.27133358312810635,0.5121094617156232,0.4327997567350607,0.20761165037007084,0.37199016517781797,0.40923586091773356
POST-OUTCOME EXPLORATORY — NOT PART OF CONFIRMATORY YAX v1.1,pair_by_F_distance_bin,primary,aioe_admin_equal__dv_rating_alpha,4,21816,81003806.8791,0.2930914990913299,0.9319698452004507,0.9274461287348381,0.34840245110409973,0.28373567338152833,0.5640691509466229,0.48573977987712336,0.0528875221333005,0.13627526303023857,0.4898451472253598
POST-OUTCOME EXPLORATORY — NOT PART OF CONFIRMATORY YAX v1.1,pair_by_F_distance_bin,primary,aioe_admin_equal__dv_rating_alpha,5,21121,79645268.2856,0.18931338261592764,1.7511194439072744,1.6480853310382386,0.3596854100860367,0.29640821364561104,0.6702669403110848,0.6440789628497968,0.004747568756301936,0.024877494006235092,0.7362568559774023
POST-OUTCOME EXPLORATORY — NOT PART OF CONFIRMATORY YAX v1.1,pair_by_F_distance_bin,primary,aioe_admin_equal__dv_rating_beta,1,21327,80688020.2121,0.7436257076586709,0.08675024890713798,0.08151955718228354,0.2339064148211665,0.18394697599651966,0.3444149843054086,0.28276460858475183,0.7645281858737342,0.9296876267209587,0.17314864817398667
POST-OUTCOME EXPLORATORY — NOT PART OF CONFIRMATORY YAX v1.1,pair_by_F_distance_bin,primary,aioe_admin_equal__dv_rating_beta,2,21769,81133365.873,0.3563618103390158,0.28268252882473227,0.2749715254375717,0.25147705467049014,0.20597395186432516,0.36370835327625844,0.30276475642614253,0.3640221681968774,0.543732216076848,0.20278877551051444
POST-OUTCOME EXPLORATORY — NOT PART OF CONFIRMATORY YAX v1.1,pair_by_F_distance_bin,primary,aioe_admin_equal__dv_rating_beta,3,21774,80866788.6348,0.1831875137925914,0.5402460217363835,0.5353871799584512,0.3433740349359924,0.27154943671156706,0.5116604467964382,0.4327997567350607,0.20677802525973094,0.3727400520975881,0.2674883786660015
POST-OUTCOME EXPLORATORY — NOT PART OF CONFIRMATORY YAX v1.1,pair_by_F_distance_bin,primary,aioe_admin_equal__dv_rating_beta,4,21845,81089552.5225,0.04497370631053972,0.9319729732425176,0.9274461287348381,0.34818802279023453,0.28373567338152833,0.5637695835219837,0.48573977987712336,0.052615284843459405,0.1359148499486653,0.2757844353151099
POST-OUTCOME EXPLORATORY — NOT PART OF CONFIRMATORY YAX v1.1,pair_by_F_distance_bin,primary,aioe_admin_equal__dv_rating_beta,5,21549,81147433.0843,0.0046348772882227815,1.7532319049708467,1.6574525004590792,0.3632109829568962,0.30184586608300096,0.6742947484652235,0.6544182523650708,0.004659683897914413,0.024416973021705434,0.2542739278928652
POST-OUTCOME EXPLORATORY — NOT PART OF CONFIRMATORY YAX v1.1,pair_by_F_distance_bin,primary,aioe_admin_equal__dv_rating_gamma,1,21066,79537806.5902,0.5507964235613936,0.08661135476368556,0.08151955718228354,0.23451434100232166,0.18588875859522513,0.3461917222261472,0.28276460858475183,0.767321411069937,0.9312448295943604,0.13389119270712008
POST-OUTCOME EXPLORATORY — NOT PART OF CONFIRMATORY YAX v1.1,pair_by_F_distance_bin,primary,aioe_admin_equal__dv_rating_gamma,2,21533,80277238.8624,0.3336861009671148,0.283032679182806,0.2758965089206269,0.2510161974865984,0.20597395186432516,0.36311632246578684,0.30276475642614253,0.3602437277778019,0.5417129437117251,0.15222652428484762
POST-OUTCOME EXPLORATORY — NOT PART OF CONFIRMATORY YAX v1.1,pair_by_F_distance_bin,primary,aioe_admin_equal__dv_rating_gamma,3,21045,78238384.47839999,0.16681764699785262,0.5407191301583945,0.53814568394175,0.3242871879360286,0.2613423484308169,0.4849745051919606,0.4222399231055432,0.1823187656352757,0.35223958723493815,0.20490525209115312
POST-OUTCOME EXPLORATORY — NOT PART OF CONFIRMATORY YAX v1.1,pair_by_F_distance_bin,primary,aioe_admin_equal__dv_rating_gamma,4,21554,79927014.52520001,0.05159808657934706,0.9331348806603994,0.9303092558726532,0.34043770023563674,0.2789879880164007,0.5512183601483143,0.4835089937399067,0.046271251172955594,0.12338703859995477,0.21273512006305606
POST-OUTCOME EXPLORATORY — NOT PART OF CONFIRMATORY YAX v1.1,pair_by_F_distance_bin,primary,aioe_admin_equal__dv_rating_gamma,5,21537,81084440.55579999,0.006366696419946789,1.7536072763903714,1.6581053714378706,0.36265303575655217,0.30184586608300096,0.6733678367906606,0.6534771116297602,0.004663303892931069,0.023659066310999878,0.19616437464752046
POST-OUTCOME EXPLORATORY — NOT PART OF CONFIRMATORY YAX v1.1,pair_by_F_distance_bin,primary,aioe_ability_direct__aioe_oews2018_source_weighted,1,21460,81166243.49759999,0.257156341244463,0.08660529361311814,0.08151955718228354,0.23333702260071418,0.18307546845933778,0.3443499993098031,0.28276460858475183,0.7651911011840343,0.9301019001025007,0.0792271054990728
POST-OUTCOME EXPLORATORY — NOT PART OF CONFIRMATORY YAX v1.1,pair_by_F_distance_bin,primary,aioe_ability_direct__aioe_oews2018_source_weighted,2,21864,81452004.10390002,0.18330066099484868,0.2825988110975078,0.2749715254375717,0.2516952210624806,0.20597395186432516,0.3640637649139965,0.3028431111709764,0.36418291774578554,0.5451704204006668,0.06017743912062712
POST-OUTCOME EXPLORATORY — NOT PART OF CONFIRMATORY YAX v1.1,pair_by_F_distance_bin,primary,aioe_ability_direct__aioe_oews2018_source_weighted,3,21780,80889817.77950001,0.05814477619075521,0.5402230579709015,0.5353027042201968,0.3434274571189718,0.27154943671156706,0.511684294419957,0.4327997567350607,0.20682445315434864,0.37291863155914823,0.08314049409407892
POST-OUTCOME EXPLORATORY — NOT PART OF CONFIRMATORY YAX v1.1,pair_by_F_distance_bin,primary,aioe_ability_direct__aioe_oews2018_source_weighted,4,21847,81107093.24790001,0.028843313283953384,0.9319763377821402,0.9274461287348381,0.34838883127789383,0.28373567338152833,0.5639690595150173,0.48573977987712336,0.05282017216553279,0.1361017223877125,0.08485838714169458
POST-OUTCOME EXPLORATORY — NOT PART OF CONFIRMATORY YAX v1.1,pair_by_F_distance_bin,primary,aioe_ability_direct__aioe_oews2018_source_weighted,5,21549,81147433.0843,0.003559946829123929,1.7532319049708467,1.6574525004590792,0.3632109829568962,0.30184586608300096,0.6742947484652235,0.6544182523650708,0.004659683897914413,0.024416973021705434,0.09499815714161336
POST-OUTCOME EXPLORATORY — NOT PART OF CONFIRMATORY YAX v1.1,pair_by_F_distance_bin,primary,aioe_ability_direct__dv_rating_alpha,1,20189,76153216.6971,0.7605421417924894,0.0861924566485304,0.08151955718228354,0.24237318232502597,0.18928245573330849,0.357962519777497,0.303662891292405,0.7754582143599567,0.939456434268054,0.30511724982268235
POST-OUTCOME EXPLORATORY — NOT PART OF CONFIRMATORY YAX v1.1,pair_by_F_distance_bin,primary,aioe_ability_direct__dv_rating_alpha,2,21508,80153759.04179999,0.49417358363621533,0.2829200072246761,0.27534712746237633,0.25131220555396727,0.20597395186432516,0.3649847338233416,0.3028431111709764,0.3623570336140252,0.5450818794239654,0.30340706292422004
POST-OUTCOME EXPLORATORY — NOT PART OF CONFIRMATORY YAX v1.1,pair_by_F_distance_bin,primary,aioe_ability_direct__dv_rating_alpha,3,21677,80503909.206,0.43457076341322043,0.5404379786246983,0.5361746247381671,0.34343798114105534,0.27133358312810635,0.5121094617156232,0.4327997567350607,0.20761165037007084,0.37199016517781797,0.41476551277554363
POST-OUTCOME EXPLORATORY — NOT PART OF CONFIRMATORY YAX v1.1,pair_by_F_distance_bin,primary,aioe_ability_direct__dv_rating_alpha,4,21816,81003806.8791,0.309832948113893,0.9319698452004507,0.9274461287348381,0.34840245110409973,0.28373567338152833,0.5640691509466229,0.48573977987712336,0.0528875221333005,0.13627526303023857,0.5097143034112294
POST-OUTCOME EXPLORATORY — NOT PART OF CONFIRMATORY YAX v1.1,pair_by_F_distance_bin,primary,aioe_ability_direct__dv_rating_alpha,5,21121,79645268.2856,0.19075669092883069,1.7511194439072744,1.6480853310382386,0.3596854100860367,0.29640821364561104,0.6702669403110848,0.6440789628497968,0.004747568756301936,0.024877494006235092,0.7540212179197749
POST-OUTCOME EXPLORATORY — NOT PART OF CONFIRMATORY YAX v1.1,pair_by_F_distance_bin,primary,aioe_ability_direct__dv_rating_beta,1,21327,80688020.2121,0.7352567875026805,0.08675024890713798,0.08151955718228354,0.2339064148211665,0.18394697599651966,0.3444149843054086,0.28276460858475183,0.7645281858737342,0.9296876267209587,0.21217737194329422
POST-OUTCOME EXPLORATORY — NOT PART OF CONFIRMATORY YAX v1.1,pair_by_F_distance_bin,primary,aioe_ability_direct__dv_rating_beta,2,21769,81133365.873,0.3947097924314905,0.28268252882473227,0.2749715254375717,0.25147705467049014,0.20597395186432516,0.36370835327625844,0.30276475642614253,0.3640221681968774,0.543732216076848,0.23039658212614755
POST-OUTCOME EXPLORATORY — NOT PART OF CONFIRMATORY YAX v1.1,pair_by_F_distance_bin,primary,aioe_ability_direct__dv_rating_beta,3,21774,80866788.6348,0.19312514008722795,0.5402460217363835,0.5353871799584512,0.3433740349359924,0.27154943671156706,0.5116604467964382,0.4327997567350607,0.20677802525973094,0.3727400520975881,0.2734559392828473
POST-OUTCOME EXPLORATORY — NOT PART OF CONFIRMATORY YAX v1.1,pair_by_F_distance_bin,primary,aioe_ability_direct__dv_rating_beta,4,21845,81089552.5225,0.06169745260478294,0.9319729732425176,0.9274461287348381,0.34818802279023453,0.28373567338152833,0.5637695835219837,0.48573977987712336,0.052615284843459405,0.1359148499486653,0.30129352217460437
POST-OUTCOME EXPLORATORY — NOT PART OF CONFIRMATORY YAX v1.1,pair_by_F_distance_bin,primary,aioe_ability_direct__dv_rating_beta,5,21549,81147433.0843,0.006051467726525142,1.7532319049708467,1.6574525004590792,0.3632109829568962,0.30184586608300096,0.6742947484652235,0.6544182523650708,0.004659683897914413,0.024416973021705434,0.27846962899798045
POST-OUTCOME EXPLORATORY — NOT PART OF CONFIRMATORY YAX v1.1,pair_by_F_distance_bin,primary,aioe_ability_direct__dv_rating_gamma,1,21066,79537806.5902,0.5112314408492887,0.08661135476368556,0.08151955718228354,0.23451434100232166,0.18588875859522513,0.3461917222261472,0.28276460858475183,0.767321411069937,0.9312448295943604,0.16275403105582148
POST-OUTCOME EXPLORATORY — NOT PART OF CONFIRMATORY YAX v1.1,pair_by_F_distance_bin,primary,aioe_ability_direct__dv_rating_gamma,2,21533,80277238.8624,0.35033986094248665,0.283032679182806,0.2758965089206269,0.2510161974865984,0.20597395186432516,0.36311632246578684,0.30276475642614253,0.3602437277778019,0.5417129437117251,0.18232787712201787
POST-OUTCOME EXPLORATORY — NOT PART OF CONFIRMATORY YAX v1.1,pair_by_F_distance_bin,primary,aioe_ability_direct__dv_rating_gamma,3,21045,78238384.47839999,0.17490792671694302,0.5407191301583945,0.53814568394175,0.3242871879360286,0.2613423484308169,0.4849745051919606,0.4222399231055432,0.1823187656352757,0.35223958723493815,0.20577675868780806
POST-OUTCOME EXPLORATORY — NOT PART OF CONFIRMATORY YAX v1.1,pair_by_F_distance_bin,primary,aioe_ability_direct__dv_rating_gamma,4,21554,79927014.52520001,0.05467612839488908,0.9331348806603994,0.9303092558726532,0.34043770023563674,0.2789879880164007,0.5512183601483143,0.4835089937399067,0.046271251172955594,0.12338703859995477,0.24858877550837327
POST-OUTCOME EXPLORATORY — NOT PART OF CONFIRMATORY YAX v1.1,pair_by_F_distance_bin,primary,aioe_ability_direct__dv_rating_gamma,5,21537,81084440.55579999,0.007007511710079333,1.7536072763903714,1.6581053714378706,0.36265303575655217,0.30184586608300096,0.6733678367906606,0.6534771116297602,0.004663303892931069,0.023659066310999878,0.2005551252117015
POST-OUTCOME EXPLORATORY — NOT PART OF CONFIRMATORY YAX v1.1,pair_by_F_distance_bin,primary,aioe_oews2018_source_weighted__dv_rating_alpha,1,20189,76153216.6971,0.6992329945837702,0.0861924566485304,0.08151955718228354,0.24237318232502597,0.18928245573330849,0.357962519777497,0.303662891292405,0.7754582143599567,0.939456434268054,0.28492273924957706
POST-OUTCOME EXPLORATORY — NOT PART OF CONFIRMATORY YAX v1.1,pair_by_F_distance_bin,primary,aioe_oews2018_source_weighted__dv_rating_alpha,2,21508,80153759.04179999,0.44255650413726877,0.2829200072246761,0.27534712746237633,0.25131220555396727,0.20597395186432516,0.3649847338233416,0.3028431111709764,0.3623570336140252,0.5450818794239654,0.23678210112166964
POST-OUTCOME EXPLORATORY — NOT PART OF CONFIRMATORY YAX v1.1,pair_by_F_distance_bin,primary,aioe_oews2018_source_weighted__dv_rating_alpha,3,21677,80503909.206,0.4361632460984022,0.5404379786246983,0.5361746247381671,0.34343798114105534,0.27133358312810635,0.5121094617156232,0.4327997567350607,0.20761165037007084,0.37199016517781797,0.4220456986333439
POST-OUTCOME EXPLORATORY — NOT PART OF CONFIRMATORY YAX v1.1,pair_by_F_distance_bin,primary,aioe_oews2018_source_weighted__dv_rating_alpha,4,21816,81003806.8791,0.29914739422391495,0.9319698452004507,0.9274461287348381,0.34840245110409973,0.28373567338152833,0.5640691509466229,0.48573977987712336,0.0528875221333005,0.13627526303023857,0.4859364582524381
POST-OUTCOME EXPLORATORY — NOT PART OF CONFIRMATORY YAX v1.1,pair_by_F_distance_bin,primary,aioe_oews2018_source_weighted__dv_rating_alpha,5,21121,79645268.2856,0.1901355911954151,1.7511194439072744,1.6480853310382386,0.3596854100860367,0.29640821364561104,0.6702669403110848,0.6440789628497968,0.004747568756301936,0.024877494006235092,0.7264837289662096
POST-OUTCOME EXPLORATORY — NOT PART OF CONFIRMATORY YAX v1.1,pair_by_F_distance_bin,primary,aioe_oews2018_source_weighted__dv_rating_beta,1,21327,80688020.2121,0.6774321204488182,0.08675024890713798,0.08151955718228354,0.2339064148211665,0.18394697599651966,0.3444149843054086,0.28276460858475183,0.7645281858737342,0.9296876267209587,0.16728485401050786
POST-OUTCOME EXPLORATORY — NOT PART OF CONFIRMATORY YAX v1.1,pair_by_F_distance_bin,primary,aioe_oews2018_source_weighted__dv_rating_beta,2,21769,81133365.873,0.34250695177614576,0.28268252882473227,0.2749715254375717,0.25147705467049014,0.20597395186432516,0.36370835327625844,0.30276475642614253,0.3640221681968774,0.543732216076848,0.18562283298830404
POST-OUTCOME EXPLORATORY — NOT PART OF CONFIRMATORY YAX v1.1,pair_by_F_distance_bin,primary,aioe_oews2018_source_weighted__dv_rating_beta,3,21774,80866788.6348,0.19311411026256123,0.5402460217363835,0.5353871799584512,0.3433740349359924,0.27154943671156706,0.5116604467964382,0.4327997567350607,0.20677802525973094,0.3727400520975881,0.27298654479913687
POST-OUTCOME EXPLORATORY — NOT PART OF CONFIRMATORY YAX v1.1,pair_by_F_distance_bin,primary,aioe_oews2018_source_weighted__dv_rating_beta,4,21845,81089552.5225,0.0510231978238131,0.9319729732425176,0.9274461287348381,0.34818802279023453,0.28373567338152833,0.5637695835219837,0.48573977987712336,0.052615284843459405,0.1359148499486653,0.26921644401730505
POST-OUTCOME EXPLORATORY — NOT PART OF CONFIRMATORY YAX v1.1,pair_by_F_distance_bin,primary,aioe_oews2018_source_weighted__dv_rating_beta,5,21549,81147433.0843,0.005441865512138267,1.7532319049708467,1.6574525004590792,0.3632109829568962,0.30184586608300096,0.6742947484652235,0.6544182523650708,0.004659683897914413,0.024416973021705434,0.25272349900089214
POST-OUTCOME EXPLORATORY — NOT PART OF CONFIRMATORY YAX v1.1,pair_by_F_distance_bin,primary,aioe_oews2018_source_weighted__dv_rating_gamma,1,21066,79537806.5902,0.5229629145371105,0.08661135476368556,0.08151955718228354,0.23451434100232166,0.18588875859522513,0.3461917222261472,0.28276460858475183,0.767321411069937,0.9312448295943604,0.13103469279288377
POST-OUTCOME EXPLORATORY — NOT PART OF CONFIRMATORY YAX v1.1,pair_by_F_distance_bin,primary,aioe_oews2018_source_weighted__dv_rating_gamma,2,21533,80277238.8624,0.31898502295516595,0.283032679182806,0.2758965089206269,0.2510161974865984,0.20597395186432516,0.36311632246578684,0.30276475642614253,0.3602437277778019,0.5417129437117251,0.1472643359535668
POST-OUTCOME EXPLORATORY — NOT PART OF CONFIRMATORY YAX v1.1,pair_by_F_distance_bin,primary,aioe_oews2018_source_weighted__dv_rating_gamma,3,21045,78238384.47839999,0.17779988541098365,0.5407191301583945,0.53814568394175,0.3242871879360286,0.2613423484308169,0.4849745051919606,0.4222399231055432,0.1823187656352757,0.35223958723493815,0.20368796088830443
POST-OUTCOME EXPLORATORY — NOT PART OF CONFIRMATORY YAX v1.1,pair_by_F_distance_bin,primary,aioe_oews2018_source_weighted__dv_rating_gamma,4,21554,79927014.52520001,0.05505512546215035,0.9331348806603994,0.9303092558726532,0.34043770023563674,0.2789879880164007,0.5512183601483143,0.4835089937399067,0.046271251172955594,0.12338703859995477,0.22078660510598808
POST-OUTCOME EXPLORATORY — NOT PART OF CONFIRMATORY YAX v1.1,pair_by_F_distance_bin,primary,aioe_oews2018_source_weighted__dv_rating_gamma,5,21537,81084440.55579999,0.007174311573373606,1.7536072763903714,1.6581053714378706,0.36265303575655217,0.30184586608300096,0.6733678367906606,0.6534771116297602,0.004663303892931069,0.023659066310999878,0.19435662585155772
POST-OUTCOME EXPLORATORY — NOT PART OF CONFIRMATORY YAX v1.1,pair_by_F_distance_bin,primary,dv_rating_alpha__dv_rating_beta,1,20130,75973681.12470001,0.2972940819167025,0.08621096047511338,0.08151955718228354,0.24228791918749823,0.18928245573330849,0.3573493466673286,0.3017291115863838,0.7751622308801552,0.9393133620413576,0.16196475272210586
POST-OUTCOME EXPLORATORY — NOT PART OF CONFIRMATORY YAX v1.1,pair_by_F_distance_bin,primary,dv_rating_alpha__dv_rating_beta,2,21438,79929373.59439999,0.1841374099913023,0.28302770480977557,0.27550504472064985,0.2511479362865825,0.20597395186432516,0.36457289057143993,0.3012859518136762,0.36175929206613794,0.5441580979942433,0.16344188306055313
POST-OUTCOME EXPLORATORY — NOT PART OF CONFIRMATORY YAX v1.1,pair_by_F_distance_bin,primary,dv_rating_alpha__dv_rating_beta,3,21675,80495391.741,0.2847991955957304,0.5404524518004458,0.5361746247381671,0.34341117254287457,0.2707362072954671,0.512082303048664,0.4327997567350607,0.2075278053214487,0.371923713525468,0.28542361275579486
POST-OUTCOME EXPLORATORY — NOT PART OF CONFIRMATORY YAX v1.1,pair_by_F_distance_bin,primary,dv_rating_alpha__dv_rating_beta,4,21814,80986266.1537,0.2501350748737352,0.9319664749636191,0.9274461287348381,0.3482013894639139,0.28373567338152833,0.5638694422292575,0.48573977987712336,0.05268238809408396,0.13608818984916832,0.3660452927455527
POST-OUTCOME EXPLORATORY — NOT PART OF CONFIRMATORY YAX v1.1,pair_by_F_distance_bin,primary,dv_rating_alpha__dv_rating_beta,5,21121,79645268.2856,0.18459108833911872,1.7511194439072744,1.6480853310382386,0.3596854100860367,0.29640821364561104,0.6702669403110848,0.6440789628497968,0.004747568756301936,0.024877494006235092,0.684133062454719
POST-OUTCOME EXPLORATORY — NOT PART OF CONFIRMATORY YAX v1.1,pair_by_F_distance_bin,primary,dv_rating_alpha__dv_rating_gamma,1,19869,74823467.5028,0.6019142027200842,0.08605502500715823,0.08151955718228354,0.24306299200151665,0.18928245573330849,0.35943686174907225,0.3038969798107804,0.7782949168764568,0.9411166485951065,0.22897233985438092
POST-OUTCOME EXPLORATORY — NOT PART OF CONFIRMATORY YAX v1.1,pair_by_F_distance_bin,primary,dv_rating_alpha__dv_rating_gamma,2,21202,79073246.5838,0.35746376563714927,0.2833869238837887,0.27641094622488005,0.25067649858822805,0.20597395186432516,0.3639812056833474,0.3012859518136762,0.3578988198253385,0.5421126906288204,0.24380031619527515
POST-OUTCOME EXPLORATORY — NOT PART OF CONFIRMATORY YAX v1.1,pair_by_F_distance_bin,primary,dv_rating_alpha__dv_rating_gamma,3,20946,77866987.5846,0.38422420102992466,0.540934784833027,0.5392796974404406,0.324234541884074,0.2607014157127405,0.4852833190963785,0.4222399231055432,0.18297719288832293,0.3512979134344988,0.35022889759674036
POST-OUTCOME EXPLORATORY — NOT PART OF CONFIRMATORY YAX v1.1,pair_by_F_distance_bin,primary,dv_rating_alpha__dv_rating_gamma,4,21523,79823728.1564,0.2910906390399785,0.9331297911693958,0.9303092558726532,0.3404412331991429,0.2789879880164007,0.55130343276664,0.4839056019580198,0.0463311229632599,0.12354669287153937,0.4412232608981028
POST-OUTCOME EXPLORATORY — NOT PART OF CONFIRMATORY YAX v1.1,pair_by_F_distance_bin,primary,dv_rating_alpha__dv_rating_gamma,5,21109,79582275.75710002,0.18649803911112534,1.7515002285983468,1.6482942874783912,0.3591141406555434,0.29596697749618067,0.6693193444339989,0.6438046974201439,0.00475132664532109,0.024105645857065726,0.8540275803236017
POST-OUTCOME EXPLORATORY — NOT PART OF CONFIRMATORY YAX v1.1,pair_by_F_distance_bin,primary,dv_rating_beta__dv_rating_gamma,1,21007,79358271.0178,0.2806417799791099,0.08663001710239696,0.08151955718228354,0.23441493490518375,0.18497340581005095,0.34557807106417526,0.28276460858475183,0.7670196429008269,0.9310892818648557,0.06871242211821627
POST-OUTCOME EXPLORATORY — NOT PART OF CONFIRMATORY YAX v1.1,pair_by_F_distance_bin,primary,dv_rating_beta__dv_rating_gamma,2,21463,80052853.41499999,0.16643313302812893,0.28314052646237275,0.27626146308227373,0.2508513519004318,0.20597395186432516,0.36269987737932446,0.3012859518136762,0.35964098470855244,0.5407811441820297,0.08566770225550724
POST-OUTCOME EXPLORATORY — NOT PART OF CONFIRMATORY YAX v1.1,pair_by_F_distance_bin,primary,dv_rating_beta__dv_rating_gamma,3,21043,78229867.0134,0.08928611380744858,0.5407340530861001,0.53814568394175,0.3242575178763435,0.2613423484308169,0.48494360563056793,0.4222399231055432,0.18222973862346106,0.3521690607614216,0.1127326120696924
POST-OUTCOME EXPLORATORY — NOT PART OF CONFIRMATORY YAX v1.1,pair_by_F_distance_bin,primary,dv_rating_beta__dv_rating_gamma,4,21552,79909473.79980001,0.037053098028376835,0.9331317207430835,0.9303092558726532,0.34023218093695634,0.2789879880164007,0.551013139481095,0.4835089937399067,0.04606190060044185,0.12319461551784913,0.13023776221594255
POST-OUTCOME EXPLORATORY — NOT PART OF CONFIRMATORY YAX v1.1,pair_by_F_distance_bin,primary,dv_rating_beta__dv_rating_gamma,5,21537,81084440.55579999,0.0017282184083586966,1.7536072763903714,1.6581053714378706,0.36265303575655217,0.30184586608300096,0.6733678367906606,0.6534771116297602,0.004663303892931069,0.023659066310999878,0.16463421168446685
