analysis_status,occupation_code,occupation_name,shared_F,shared_F_quintile,is_q1,is_q5
POST-OUTCOME EXPLORATORY — NOT PART OF CONFIRMATORY YAX v1.1,0010,Chief executives,0.8891365298502001,5,False,True
POST-OUTCOME EXPLORATORY — NOT PART OF CONFIRMATORY YAX v1.1,0020,General and operations managers,0.29711228996804534,3,False,False
POST-OUTCOME EXPLORATORY — NOT PART OF CONFIRMATORY YAX v1.1,0040,Advertising and promotions managers,0.7026250712636346,4,False,False
POST-OUTCOME EXPLORATORY — NOT PART OF CONFIRMATORY YAX v1.1,0051,Marketing managers,0.797078063941683,4,False,False
POST-OUTCOME EXPLORATORY — NOT PART OF CONFIRMATORY YAX v1.1,0052,Sales managers,0.6332326375450721,4,False,False
POST-OUTCOME EXPLORATORY — NOT PART OF CONFIRMATORY YAX v1.1,0101,Administrative services managers,0.2745834926123818,3,False,False
POST-OUTCOME EXPLORATORY — NOT PART OF CONFIRMATORY YAX v1.1,0110,Computer and information systems managers,0.7457036201638149,4,False,False
POST-OUTCOME EXPLORATORY — NOT PART OF CONFIRMATORY YAX v1.1,0120,Financial managers,0.8271690453296888,5,False,True
POST-OUTCOME EXPLORATORY — NOT PART OF CONFIRMATORY YAX v1.1,0135,Compensation and benefits managers,0.8451049037144631,5,False,True
POST-OUTCOME EXPLORATORY — NOT PART OF CONFIRMATORY YAX v1.1,0136,Human resources managers,0.7434496055046944,4,False,False
POST-OUTCOME EXPLORATORY — NOT PART OF CONFIRMATORY YAX v1.1,0137,Training and development managers,0.8053566055146932,4,False,False
POST-OUTCOME EXPLORATORY — NOT PART OF CONFIRMATORY YAX v1.1,0140,Industrial production managers,0.1945673566387272,3,False,False
POST-OUTCOME EXPLORATORY — NOT PART OF CONFIRMATORY YAX v1.1,0150,Purchasing managers,1.1333605133565183,5,False,True
POST-OUTCOME EXPLORATORY — NOT PART OF CONFIRMATORY YAX v1.1,0160,"Transportation, storage, and distribution managers",0.572083815405617,4,False,False
POST-OUTCOME EXPLORATORY — NOT PART OF CONFIRMATORY YAX v1.1,0205,"Farmers, ranchers, and other agricultural managers",-0.20724337779266733,2,False,False
POST-OUTCOME EXPLORATORY — NOT PART OF CONFIRMATORY YAX v1.1,0220,Construction managers,0.5112375598116228,4,False,False
POST-OUTCOME EXPLORATORY — NOT PART OF CONFIRMATORY YAX v1.1,0300,Architectural and engineering managers,0.43567432932098626,3,False,False
POST-OUTCOME EXPLORATORY — NOT PART OF CONFIRMATORY YAX v1.1,0310,Food service managers,-0.10209539757285405,3,False,False
POST-OUTCOME EXPLORATORY — NOT PART OF CONFIRMATORY YAX v1.1,0335,Entertainment and recreation managers,0.4258118187188948,3,False,False
POST-OUTCOME EXPLORATORY — NOT PART OF CONFIRMATORY YAX v1.1,0340,Lodging managers,0.2040967291843364,3,False,False
POST-OUTCOME EXPLORATORY — NOT PART OF CONFIRMATORY YAX v1.1,0350,Medical and health services managers,0.5917373005398632,4,False,False
POST-OUTCOME EXPLORATORY — NOT PART OF CONFIRMATORY YAX v1.1,0360,Natural sciences managers,0.9160209617649129,5,False,True
POST-OUTCOME EXPLORATORY — NOT PART OF CONFIRMATORY YAX v1.1,0410,"Property, real estate, and community association managers",0.6142241883675049,4,False,False
POST-OUTCOME EXPLORATORY — NOT PART OF CONFIRMATORY YAX v1.1,0420,Social and community service managers,0.49711200999306554,4,False,False
POST-OUTCOME EXPLORATORY — NOT PART OF CONFIRMATORY YAX v1.1,0425,Emergency management directors,0.4257956173195778,3,False,False
POST-OUTCOME EXPLORATORY — NOT PART OF CONFIRMATORY YAX v1.1,0426,"Personal service managers, all other",0.4212855793510602,3,False,False
POST-OUTCOME EXPLORATORY — NOT PART OF CONFIRMATORY YAX v1.1,0440,"Managers, all other",0.5769567814493044,4,False,False
POST-OUTCOME EXPLORATORY — NOT PART OF CONFIRMATORY YAX v1.1,0500,"Agents and business managers of artists, performers, and athletes",0.851003302838704,5,False,True
POST-OUTCOME EXPLORATORY — NOT PART OF CONFIRMATORY YAX v1.1,0540,"Claims adjusters, appraisers, examiners, and investigators",0.6667661026979936,4,False,False
POST-OUTCOME EXPLORATORY — NOT PART OF CONFIRMATORY YAX v1.1,0565,Compliance officers,0.6223654423493281,4,False,False
POST-OUTCOME EXPLORATORY — NOT PART OF CONFIRMATORY YAX v1.1,0600,Cost estimators,0.7761524922120601,4,False,False
POST-OUTCOME EXPLORATORY — NOT PART OF CONFIRMATORY YAX v1.1,0630,Human resources workers,0.9948733293992015,5,False,True
POST-OUTCOME EXPLORATORY — NOT PART OF CONFIRMATORY YAX v1.1,0640,"Compensation, benefits, and job analysis specialists",0.8187573772208615,4,False,False
POST-OUTCOME EXPLORATORY — NOT PART OF CONFIRMATORY YAX v1.1,0650,Training and development specialists,0.8811972336456455,5,False,True
POST-OUTCOME EXPLORATORY — NOT PART OF CONFIRMATORY YAX v1.1,0700,Logisticians,0.8778728643797813,5,False,True
POST-OUTCOME EXPLORATORY — NOT PART OF CONFIRMATORY YAX v1.1,0710,Management analysts,0.7164571752817452,4,False,False
POST-OUTCOME EXPLORATORY — NOT PART OF CONFIRMATORY YAX v1.1,0725,"Meeting, convention, and event planners",0.2968456106535889,3,False,False
POST-OUTCOME EXPLORATORY — NOT PART OF CONFIRMATORY YAX v1.1,0726,Fundraisers,0.8570825048791748,5,False,True
POST-OUTCOME EXPLORATORY — NOT PART OF CONFIRMATORY YAX v1.1,0735,Market research analysts and marketing specialists,0.9001368306241633,5,False,True
POST-OUTCOME EXPLORATORY — NOT PART OF CONFIRMATORY YAX v1.1,0750,"Business operations specialists, all other",0.9760704494419693,5,False,True
POST-OUTCOME EXPLORATORY — NOT PART OF CONFIRMATORY YAX v1.1,0800,Accountants and auditors,1.0416259277743956,5,False,True
POST-OUTCOME EXPLORATORY — NOT PART OF CONFIRMATORY YAX v1.1,0810,Property appraisers and assessors,0.5623852232031203,4,False,False
POST-OUTCOME EXPLORATORY — NOT PART OF CONFIRMATORY YAX v1.1,0820,Budget analysts,0.9577559090893817,5,False,True
POST-OUTCOME EXPLORATORY — NOT PART OF CONFIRMATORY YAX v1.1,0830,Credit analysts,0.9647474950883781,5,False,True
POST-OUTCOME EXPLORATORY — NOT PART OF CONFIRMATORY YAX v1.1,0850,Personal financial advisors,0.8610857163054967,5,False,True
POST-OUTCOME EXPLORATORY — NOT PART OF CONFIRMATORY YAX v1.1,0860,Insurance underwriters,0.9642591903327089,5,False,True
POST-OUTCOME EXPLORATORY — NOT PART OF CONFIRMATORY YAX v1.1,0900,Financial examiners,0.9220124134863592,5,False,True
POST-OUTCOME EXPLORATORY — NOT PART OF CONFIRMATORY YAX v1.1,0910,Credit counselors and loan officers,1.0684948146615514,5,False,True
POST-OUTCOME EXPLORATORY — NOT PART OF CONFIRMATORY YAX v1.1,0930,"Tax examiners and collectors, and revenue agents",1.061959434498015,5,False,True
POST-OUTCOME EXPLORATORY — NOT PART OF CONFIRMATORY YAX v1.1,0940,Tax preparers,1.1046330772903088,5,False,True
POST-OUTCOME EXPLORATORY — NOT PART OF CONFIRMATORY YAX v1.1,0960,Other financial specialists,0.9520402150477305,5,False,True
POST-OUTCOME EXPLORATORY — NOT PART OF CONFIRMATORY YAX v1.1,1005,Computer and information research scientists,1.1620890230046417,5,False,True
POST-OUTCOME EXPLORATORY — NOT PART OF CONFIRMATORY YAX v1.1,1006,Computer systems analysts,1.1017616773868641,5,False,True
POST-OUTCOME EXPLORATORY — NOT PART OF CONFIRMATORY YAX v1.1,1007,Information security analysts,1.205390371411653,5,False,True
POST-OUTCOME EXPLORATORY — NOT PART OF CONFIRMATORY YAX v1.1,1010,Computer programmers,2.0954018164777253,5,False,True
POST-OUTCOME EXPLORATORY — NOT PART OF CONFIRMATORY YAX v1.1,1031,Web developers,1.9641389777375564,5,False,True
POST-OUTCOME EXPLORATORY — NOT PART OF CONFIRMATORY YAX v1.1,1032,Web and digital interface designers,1.4444298189437634,5,False,True
POST-OUTCOME EXPLORATORY — NOT PART OF CONFIRMATORY YAX v1.1,1050,Computer support specialists,0.8076724071436365,4,False,False
POST-OUTCOME EXPLORATORY — NOT PART OF CONFIRMATORY YAX v1.1,1065,Database administrators and architects,1.3853863892711131,5,False,True
POST-OUTCOME EXPLORATORY — NOT PART OF CONFIRMATORY YAX v1.1,1105,Network and computer systems administrators,1.2351492345473019,5,False,True
POST-OUTCOME EXPLORATORY — NOT PART OF CONFIRMATORY YAX v1.1,1106,Computer network architects,0.8604884436699158,5,False,True
POST-OUTCOME EXPLORATORY — NOT PART OF CONFIRMATORY YAX v1.1,1108,"Computer occupations, all other",1.398557438934557,5,False,True
POST-OUTCOME EXPLORATORY — NOT PART OF CONFIRMATORY YAX v1.1,1200,Actuaries,0.8853200127182052,5,False,True
POST-OUTCOME EXPLORATORY — NOT PART OF CONFIRMATORY YAX v1.1,1220,Operations research analysts,1.2197838876581462,5,False,True
POST-OUTCOME EXPLORATORY — NOT PART OF CONFIRMATORY YAX v1.1,1240,Other mathematical science occupations,1.3075036565103324,5,False,True
POST-OUTCOME EXPLORATORY — NOT PART OF CONFIRMATORY YAX v1.1,1305,"Architects, except landscape and naval",0.6640518279359344,4,False,False
POST-OUTCOME EXPLORATORY — NOT PART OF CONFIRMATORY YAX v1.1,1306,Landscape architects,0.48402382191839677,4,False,False
POST-OUTCOME EXPLORATORY — NOT PART OF CONFIRMATORY YAX v1.1,1310,"Surveyors, cartographers, and photogrammetrists",0.34812840643357523,3,False,False
POST-OUTCOME EXPLORATORY — NOT PART OF CONFIRMATORY YAX v1.1,1320,Aerospace engineers,1.0604976922456915,5,False,True
POST-OUTCOME EXPLORATORY — NOT PART OF CONFIRMATORY YAX v1.1,1340,Bioengineers and biomedical engineers,0.8939352380863579,5,False,True
POST-OUTCOME EXPLORATORY — NOT PART OF CONFIRMATORY YAX v1.1,1350,Chemical engineers,0.7539438074517976,4,False,False
POST-OUTCOME EXPLORATORY — NOT PART OF CONFIRMATORY YAX v1.1,1360,Civil engineers,0.7628918814863009,4,False,False
POST-OUTCOME EXPLORATORY — NOT PART OF CONFIRMATORY YAX v1.1,1400,Computer hardware engineers,1.4326529048320684,5,False,True
POST-OUTCOME EXPLORATORY — NOT PART OF CONFIRMATORY YAX v1.1,1410,Electrical and electronics engineers,0.8738687659320575,5,False,True
POST-OUTCOME EXPLORATORY — NOT PART OF CONFIRMATORY YAX v1.1,1420,Environmental engineers,0.9809494902824146,5,False,True
POST-OUTCOME EXPLORATORY — NOT PART OF CONFIRMATORY YAX v1.1,1430,"Industrial engineers, including health and safety",0.8190283956982761,4,False,False
POST-OUTCOME EXPLORATORY — NOT PART OF CONFIRMATORY YAX v1.1,1440,Marine engineers and naval architects,0.25915196033611265,3,False,False
POST-OUTCOME EXPLORATORY — NOT PART OF CONFIRMATORY YAX v1.1,1450,Materials engineers,0.6602128532670868,4,False,False
POST-OUTCOME EXPLORATORY — NOT PART OF CONFIRMATORY YAX v1.1,1460,Mechanical engineers,0.7849926475250416,4,False,False
POST-OUTCOME EXPLORATORY — NOT PART OF CONFIRMATORY YAX v1.1,1520,Petroleum engineers,0.9199228241258619,5,False,True
POST-OUTCOME EXPLORATORY — NOT PART OF CONFIRMATORY YAX v1.1,1530,"Engineers, all other",0.644026315205235,4,False,False
POST-OUTCOME EXPLORATORY — NOT PART OF CONFIRMATORY YAX v1.1,1541,Architectural and civil drafters,0.7037502294554214,4,False,False
POST-OUTCOME EXPLORATORY — NOT PART OF CONFIRMATORY YAX v1.1,1551,Electrical and electronic engineering technologists and technicians,0.20721345661420854,3,False,False
POST-OUTCOME EXPLORATORY — NOT PART OF CONFIRMATORY YAX v1.1,1560,Surveying and mapping technicians,0.1713776948525674,3,False,False
POST-OUTCOME EXPLORATORY — NOT PART OF CONFIRMATORY YAX v1.1,1600,Agricultural and food scientists,0.3327236515587262,3,False,False
POST-OUTCOME EXPLORATORY — NOT PART OF CONFIRMATORY YAX v1.1,1610,Biological scientists,0.5439894310990723,4,False,False
POST-OUTCOME EXPLORATORY — NOT PART OF CONFIRMATORY YAX v1.1,1640,Conservation scientists and foresters,-0.05706678336199372,3,False,False
POST-OUTCOME EXPLORATORY — NOT PART OF CONFIRMATORY YAX v1.1,1650,Medical scientists,0.9264618400412072,5,False,True
POST-OUTCOME EXPLORATORY — NOT PART OF CONFIRMATORY YAX v1.1,1700,Astronomers and physicists,1.512334381848436,5,False,True
POST-OUTCOME EXPLORATORY — NOT PART OF CONFIRMATORY YAX v1.1,1710,Atmospheric and space scientists,1.0093377539711224,5,False,True
POST-OUTCOME EXPLORATORY — NOT PART OF CONFIRMATORY YAX v1.1,1720,Chemists and materials scientists,0.2836412157398249,3,False,False
POST-OUTCOME EXPLORATORY — NOT PART OF CONFIRMATORY YAX v1.1,1745,"Environmental scientists and specialists, including health",0.6598882331083453,4,False,False
POST-OUTCOME EXPLORATORY — NOT PART OF CONFIRMATORY YAX v1.1,1750,"Geoscientists and hydrologists, except geographers",0.5598579488357924,4,False,False
POST-OUTCOME EXPLORATORY — NOT PART OF CONFIRMATORY YAX v1.1,1760,"Physical scientists, all other",0.5985216384696812,4,False,False
POST-OUTCOME EXPLORATORY — NOT PART OF CONFIRMATORY YAX v1.1,1800,Economists,0.9936520092705006,5,False,True
POST-OUTCOME EXPLORATORY — NOT PART OF CONFIRMATORY YAX v1.1,1821,Clinical and counseling psychologists,0.6876186091238041,4,False,False
POST-OUTCOME EXPLORATORY — NOT PART OF CONFIRMATORY YAX v1.1,1822,School psychologists,0.6394277905038956,4,False,False
POST-OUTCOME EXPLORATORY — NOT PART OF CONFIRMATORY YAX v1.1,1825,Other psychologists,0.6742089177488844,4,False,False
POST-OUTCOME EXPLORATORY — NOT PART OF CONFIRMATORY YAX v1.1,1840,Urban and regional planners,0.6895083669536508,4,False,False
POST-OUTCOME EXPLORATORY — NOT PART OF CONFIRMATORY YAX v1.1,1860,Miscellaneous social scientists and related workers,0.7610978456794488,4,False,False
POST-OUTCOME EXPLORATORY — NOT PART OF CONFIRMATORY YAX v1.1,1900,Agricultural and food science technicians,0.030471216904916706,3,False,False
POST-OUTCOME EXPLORATORY — NOT PART OF CONFIRMATORY YAX v1.1,1910,Biological technicians,0.17504980877686696,3,False,False
POST-OUTCOME EXPLORATORY — NOT PART OF CONFIRMATORY YAX v1.1,1920,Chemical technicians,0.00455366326418595,3,False,False
POST-OUTCOME EXPLORATORY — NOT PART OF CONFIRMATORY YAX v1.1,1970,"Other life, physical, and social science technicians",0.18148182955315087,3,False,False
POST-OUTCOME EXPLORATORY — NOT PART OF CONFIRMATORY YAX v1.1,1980,Occupational health and safety specialists and technicians,0.1355878004703565,3,False,False
POST-OUTCOME EXPLORATORY — NOT PART OF CONFIRMATORY YAX v1.1,2002,"Educational, guidance, and career counselors and advisors",0.19751553169024544,3,False,False
POST-OUTCOME EXPLORATORY — NOT PART OF CONFIRMATORY YAX v1.1,2003,Marriage and family therapists,0.13261017497952887,3,False,False
POST-OUTCOME EXPLORATORY — NOT PART OF CONFIRMATORY YAX v1.1,2005,Rehabilitation counselors,0.18769737069320486,3,False,False
POST-OUTCOME EXPLORATORY — NOT PART OF CONFIRMATORY YAX v1.1,2011,"Child, family, and school social workers",-0.005084936369922632,3,False,False
POST-OUTCOME EXPLORATORY — NOT PART OF CONFIRMATORY YAX v1.1,2012,Healthcare social workers,0.2734436824611759,3,False,False
POST-OUTCOME EXPLORATORY — NOT PART OF CONFIRMATORY YAX v1.1,2013,Mental health and substance abuse social workers,0.22372659307800136,3,False,False
POST-OUTCOME EXPLORATORY — NOT PART OF CONFIRMATORY YAX v1.1,2015,Probation officers and correctional treatment specialists,0.16251258230890697,3,False,False
POST-OUTCOME EXPLORATORY — NOT PART OF CONFIRMATORY YAX v1.1,2016,Social and human service assistants,0.2509827044175269,3,False,False
POST-OUTCOME EXPLORATORY — NOT PART OF CONFIRMATORY YAX v1.1,2040,Clergy,0.5476885657574048,4,False,False
POST-OUTCOME EXPLORATORY — NOT PART OF CONFIRMATORY YAX v1.1,2050,"Directors, religious activities and education",0.6848951010933059,4,False,False
POST-OUTCOME EXPLORATORY — NOT PART OF CONFIRMATORY YAX v1.1,2100,Lawyers,0.6350539124619139,4,False,False
POST-OUTCOME EXPLORATORY — NOT PART OF CONFIRMATORY YAX v1.1,2105,Judicial law clerks,0.9764556561817483,5,False,True
POST-OUTCOME EXPLORATORY — NOT PART OF CONFIRMATORY YAX v1.1,2145,Paralegals and legal assistants,0.9044576796566868,5,False,True
POST-OUTCOME EXPLORATORY — NOT PART OF CONFIRMATORY YAX v1.1,2170,"Title examiners, abstractors, and searchers",0.9703420949128247,5,False,True
POST-OUTCOME EXPLORATORY — NOT PART OF CONFIRMATORY YAX v1.1,2300,Preschool and kindergarten teachers,-0.30442220007860554,2,False,False
POST-OUTCOME EXPLORATORY — NOT PART OF CONFIRMATORY YAX v1.1,2310,Elementary and middle school teachers,0.24204510489771525,3,False,False
POST-OUTCOME EXPLORATORY — NOT PART OF CONFIRMATORY YAX v1.1,2320,Secondary school teachers,0.24571295008460103,3,False,False
POST-OUTCOME EXPLORATORY — NOT PART OF CONFIRMATORY YAX v1.1,2330,Special education teachers,0.10554995107514821,3,False,False
POST-OUTCOME EXPLORATORY — NOT PART OF CONFIRMATORY YAX v1.1,2400,"Archivists, curators, and museum technicians",0.13651051490643326,3,False,False
POST-OUTCOME EXPLORATORY — NOT PART OF CONFIRMATORY YAX v1.1,2440,Library technicians,0.38986992144445753,3,False,False
POST-OUTCOME EXPLORATORY — NOT PART OF CONFIRMATORY YAX v1.1,2631,Commercial and industrial designers,0.4532154016914625,4,False,False
POST-OUTCOME EXPLORATORY — NOT PART OF CONFIRMATORY YAX v1.1,2632,Fashion designers,0.1862914245743399,3,False,False
POST-OUTCOME EXPLORATORY — NOT PART OF CONFIRMATORY YAX v1.1,2633,Floral designers,-0.5993107025465784,2,False,False
POST-OUTCOME EXPLORATORY — NOT PART OF CONFIRMATORY YAX v1.1,2634,Graphic designers,0.44728564654860475,4,False,False
POST-OUTCOME EXPLORATORY — NOT PART OF CONFIRMATORY YAX v1.1,2635,Interior designers,0.6668328802743932,4,False,False
POST-OUTCOME EXPLORATORY — NOT PART OF CONFIRMATORY YAX v1.1,2636,Merchandise displayers and window trimmers,-0.7592891589822651,2,False,False
POST-OUTCOME EXPLORATORY — NOT PART OF CONFIRMATORY YAX v1.1,2700,Actors,-0.34486765000130587,2,False,False
POST-OUTCOME EXPLORATORY — NOT PART OF CONFIRMATORY YAX v1.1,2710,Producers and directors,0.5563144357346412,4,False,False
POST-OUTCOME EXPLORATORY — NOT PART OF CONFIRMATORY YAX v1.1,2721,Athletes and sports competitors,-1.66137577528625,1,True,False
POST-OUTCOME EXPLORATORY — NOT PART OF CONFIRMATORY YAX v1.1,2722,Coaches and scouts,-0.19915436010280954,2,False,False
POST-OUTCOME EXPLORATORY — NOT PART OF CONFIRMATORY YAX v1.1,2723,"Umpires, referees, and other sports officials",-0.14038207424039037,3,False,False
POST-OUTCOME EXPLORATORY — NOT PART OF CONFIRMATORY YAX v1.1,2740,Dancers and choreographers,-1.5542404982343476,1,True,False
POST-OUTCOME EXPLORATORY — NOT PART OF CONFIRMATORY YAX v1.1,2751,Music directors and composers,1.2276459538700946,5,False,True
POST-OUTCOME EXPLORATORY — NOT PART OF CONFIRMATORY YAX v1.1,2752,Musicians and singers,0.035739580926162556,3,False,False
POST-OUTCOME EXPLORATORY — NOT PART OF CONFIRMATORY YAX v1.1,2805,Broadcast announcers and radio disc jockeys,0.9877931820168275,5,False,True
POST-OUTCOME EXPLORATORY — NOT PART OF CONFIRMATORY YAX v1.1,2810,"News analysts, reporters, and journalists",1.1378513482312445,5,False,True
POST-OUTCOME EXPLORATORY — NOT PART OF CONFIRMATORY YAX v1.1,2825,Public relations specialists,1.0847367152132479,5,False,True
POST-OUTCOME EXPLORATORY — NOT PART OF CONFIRMATORY YAX v1.1,2830,Editors,1.139106735145314,5,False,True
POST-OUTCOME EXPLORATORY — NOT PART OF CONFIRMATORY YAX v1.1,2840,Technical writers,1.3317077066298004,5,False,True
POST-OUTCOME EXPLORATORY — NOT PART OF CONFIRMATORY YAX v1.1,2850,Writers and authors,1.7818548073516933,5,False,True
POST-OUTCOME EXPLORATORY — NOT PART OF CONFIRMATORY YAX v1.1,2861,Interpreters and translators,1.8643201540653538,5,False,True
POST-OUTCOME EXPLORATORY — NOT PART OF CONFIRMATORY YAX v1.1,2862,Court reporters and simultaneous captioners,1.8788388025992298,5,False,True
POST-OUTCOME EXPLORATORY — NOT PART OF CONFIRMATORY YAX v1.1,2910,Photographers,-0.21705940104445054,2,False,False
POST-OUTCOME EXPLORATORY — NOT PART OF CONFIRMATORY YAX v1.1,2920,"Television, video, and film camera operators and editors",0.2429370219455191,3,False,False
POST-OUTCOME EXPLORATORY — NOT PART OF CONFIRMATORY YAX v1.1,3000,Chiropractors,0.0056359050314704895,3,False,False
POST-OUTCOME EXPLORATORY — NOT PART OF CONFIRMATORY YAX v1.1,3030,Dietitians and nutritionists,0.9746359209939272,5,False,True
POST-OUTCOME EXPLORATORY — NOT PART OF CONFIRMATORY YAX v1.1,3040,Optometrists,-0.011078538559752826,3,False,False
POST-OUTCOME EXPLORATORY — NOT PART OF CONFIRMATORY YAX v1.1,3050,Pharmacists,0.31243445308133616,3,False,False
POST-OUTCOME EXPLORATORY — NOT PART OF CONFIRMATORY YAX v1.1,3070,Radiologists,0.39502355430421265,3,False,False
POST-OUTCOME EXPLORATORY — NOT PART OF CONFIRMATORY YAX v1.1,3110,Physician assistants,-0.282494103411853,2,False,False
POST-OUTCOME EXPLORATORY — NOT PART OF CONFIRMATORY YAX v1.1,3140,Audiologists,0.41426954144158834,3,False,False
POST-OUTCOME EXPLORATORY — NOT PART OF CONFIRMATORY YAX v1.1,3150,Occupational therapists,-0.18491711602735078,2,False,False
POST-OUTCOME EXPLORATORY — NOT PART OF CONFIRMATORY YAX v1.1,3160,Physical therapists,-0.6111812146978619,2,False,False
POST-OUTCOME EXPLORATORY — NOT PART OF CONFIRMATORY YAX v1.1,3200,Radiation therapists,-0.3987840322604277,2,False,False
POST-OUTCOME EXPLORATORY — NOT PART OF CONFIRMATORY YAX v1.1,3210,Recreational therapists,-0.1678456116202694,2,False,False
POST-OUTCOME EXPLORATORY — NOT PART OF CONFIRMATORY YAX v1.1,3220,Respiratory therapists,-0.4990123016209207,2,False,False
POST-OUTCOME EXPLORATORY — NOT PART OF CONFIRMATORY YAX v1.1,3230,Speech-language pathologists,0.651554117912154,4,False,False
POST-OUTCOME EXPLORATORY — NOT PART OF CONFIRMATORY YAX v1.1,3250,Veterinarians,-0.3066180241115043,2,False,False
POST-OUTCOME EXPLORATORY — NOT PART OF CONFIRMATORY YAX v1.1,3255,Registered nurses,0.028670343762312023,3,False,False
POST-OUTCOME EXPLORATORY — NOT PART OF CONFIRMATORY YAX v1.1,3258,Nurse practitioners,0.16569850030679534,3,False,False
POST-OUTCOME EXPLORATORY — NOT PART OF CONFIRMATORY YAX v1.1,3261,Acupuncturists,-0.2098730959608317,2,False,False
POST-OUTCOME EXPLORATORY — NOT PART OF CONFIRMATORY YAX v1.1,3270,"Healthcare diagnosing or treating practitioners, all other",0.5915494521694658,4,False,False
POST-OUTCOME EXPLORATORY — NOT PART OF CONFIRMATORY YAX v1.1,3310,Dental hygienists,-0.6556716331543264,2,False,False
POST-OUTCOME EXPLORATORY — NOT PART OF CONFIRMATORY YAX v1.1,3321,Cardiovascular technologists and technicians,-0.16658688861140822,2,False,False
POST-OUTCOME EXPLORATORY — NOT PART OF CONFIRMATORY YAX v1.1,3322,Diagnostic medical sonographers,-0.345770985634461,2,False,False
POST-OUTCOME EXPLORATORY — NOT PART OF CONFIRMATORY YAX v1.1,3323,Radiologic technologists and technicians,-0.4225697046337701,2,False,False
POST-OUTCOME EXPLORATORY — NOT PART OF CONFIRMATORY YAX v1.1,3324,Magnetic resonance imaging technologists,-0.2561206997340624,2,False,False
POST-OUTCOME EXPLORATORY — NOT PART OF CONFIRMATORY YAX v1.1,3330,Nuclear medicine technologists and medical dosimetrists,-0.2862143886970805,2,False,False
POST-OUTCOME EXPLORATORY — NOT PART OF CONFIRMATORY YAX v1.1,3421,Pharmacy technicians,0.11859541620133644,3,False,False
POST-OUTCOME EXPLORATORY — NOT PART OF CONFIRMATORY YAX v1.1,3422,Psychiatric technicians,-0.7327218800609507,2,False,False
POST-OUTCOME EXPLORATORY — NOT PART OF CONFIRMATORY YAX v1.1,3423,Surgical technologists,-0.9089791884152079,1,True,False
POST-OUTCOME EXPLORATORY — NOT PART OF CONFIRMATORY YAX v1.1,3424,Veterinary technologists and technicians,-0.6544880509251263,2,False,False
POST-OUTCOME EXPLORATORY — NOT PART OF CONFIRMATORY YAX v1.1,3430,Dietetic technicians and ophthalmic medical technicians,-0.2577525552018084,2,False,False
POST-OUTCOME EXPLORATORY — NOT PART OF CONFIRMATORY YAX v1.1,3500,Licensed practical and licensed vocational nurses,-0.554339913820637,2,False,False
POST-OUTCOME EXPLORATORY — NOT PART OF CONFIRMATORY YAX v1.1,3520,"Opticians, dispensing",-0.18626677088599414,2,False,False
POST-OUTCOME EXPLORATORY — NOT PART OF CONFIRMATORY YAX v1.1,3601,Home health aides,-0.9487939129992086,1,True,False
POST-OUTCOME EXPLORATORY — NOT PART OF CONFIRMATORY YAX v1.1,3602,Personal care aides,-0.6632320420386693,2,False,False
POST-OUTCOME EXPLORATORY — NOT PART OF CONFIRMATORY YAX v1.1,3603,Nursing assistants,-1.081111464099414,1,True,False
POST-OUTCOME EXPLORATORY — NOT PART OF CONFIRMATORY YAX v1.1,3605,Orderlies and psychiatric aides,-1.10924692926335,1,True,False
POST-OUTCOME EXPLORATORY — NOT PART OF CONFIRMATORY YAX v1.1,3610,Occupational therapy assistants and aides,-0.4933107302458078,2,False,False
POST-OUTCOME EXPLORATORY — NOT PART OF CONFIRMATORY YAX v1.1,3620,Physical therapist assistants and aides,-0.8247677630684764,2,False,False
POST-OUTCOME EXPLORATORY — NOT PART OF CONFIRMATORY YAX v1.1,3630,Massage therapists,-1.3730719582252366,1,True,False
POST-OUTCOME EXPLORATORY — NOT PART OF CONFIRMATORY YAX v1.1,3640,Dental assistants,-0.5175881661967514,2,False,False
POST-OUTCOME EXPLORATORY — NOT PART OF CONFIRMATORY YAX v1.1,3645,Medical assistants,-0.00813003104798256,3,False,False
POST-OUTCOME EXPLORATORY — NOT PART OF CONFIRMATORY YAX v1.1,3646,Medical transcriptionists,1.8180630502220854,5,False,True
POST-OUTCOME EXPLORATORY — NOT PART OF CONFIRMATORY YAX v1.1,3647,Pharmacy aides,-0.10639685716181636,3,False,False
POST-OUTCOME EXPLORATORY — NOT PART OF CONFIRMATORY YAX v1.1,3648,Veterinary assistants and laboratory animal caretakers,-0.757246837804228,2,False,False
POST-OUTCOME EXPLORATORY — NOT PART OF CONFIRMATORY YAX v1.1,3649,Phlebotomists,-0.5670375709054624,2,False,False
POST-OUTCOME EXPLORATORY — NOT PART OF CONFIRMATORY YAX v1.1,3655,Other healthcare support workers,-0.19522541390518183,2,False,False
POST-OUTCOME EXPLORATORY — NOT PART OF CONFIRMATORY YAX v1.1,3700,First-line supervisors of correctional officers,-0.4512689409901031,2,False,False
POST-OUTCOME EXPLORATORY — NOT PART OF CONFIRMATORY YAX v1.1,3710,First-line supervisors of police and detectives,-0.2518695812027776,2,False,False
POST-OUTCOME EXPLORATORY — NOT PART OF CONFIRMATORY YAX v1.1,3720,First-line supervisors of firefighting and prevention workers,-0.2032679002605123,2,False,False
POST-OUTCOME EXPLORATORY — NOT PART OF CONFIRMATORY YAX v1.1,3740,Firefighters,-1.1133014726631543,1,True,False
POST-OUTCOME EXPLORATORY — NOT PART OF CONFIRMATORY YAX v1.1,3750,Fire inspectors,-0.2746481424536821,2,False,False
POST-OUTCOME EXPLORATORY — NOT PART OF CONFIRMATORY YAX v1.1,3801,Bailiffs,-1.014131264831987,1,True,False
POST-OUTCOME EXPLORATORY — NOT PART OF CONFIRMATORY YAX v1.1,3802,Correctional officers and jailers,-0.6260391220940396,2,False,False
POST-OUTCOME EXPLORATORY — NOT PART OF CONFIRMATORY YAX v1.1,3820,Detectives and criminal investigators,0.0848561496858816,3,False,False
POST-OUTCOME EXPLORATORY — NOT PART OF CONFIRMATORY YAX v1.1,3840,Parking enforcement workers,-0.4640835228580551,2,False,False
POST-OUTCOME EXPLORATORY — NOT PART OF CONFIRMATORY YAX v1.1,3870,Police officers,-0.3869324381708087,2,False,False
POST-OUTCOME EXPLORATORY — NOT PART OF CONFIRMATORY YAX v1.1,3900,Animal control workers,-0.3308250983657591,2,False,False
POST-OUTCOME EXPLORATORY — NOT PART OF CONFIRMATORY YAX v1.1,3910,Private detectives and investigators,0.2747680440817723,3,False,False
POST-OUTCOME EXPLORATORY — NOT PART OF CONFIRMATORY YAX v1.1,3930,Security guards and gambling surveillance officers,-0.45893057976144935,2,False,False
POST-OUTCOME EXPLORATORY — NOT PART OF CONFIRMATORY YAX v1.1,3940,Crossing guards and flaggers,-0.9368662990032782,1,True,False
POST-OUTCOME EXPLORATORY — NOT PART OF CONFIRMATORY YAX v1.1,3945,Transportation security screeners,-0.6122558966832419,2,False,False
POST-OUTCOME EXPLORATORY — NOT PART OF CONFIRMATORY YAX v1.1,3960,Other protective service workers,-0.6064636561292376,2,False,False
POST-OUTCOME EXPLORATORY — NOT PART OF CONFIRMATORY YAX v1.1,4000,Chefs and head cooks,-0.4294305555675431,2,False,False
POST-OUTCOME EXPLORATORY — NOT PART OF CONFIRMATORY YAX v1.1,4010,First-line supervisors of food preparation and serving workers,0.10574974569722692,3,False,False
POST-OUTCOME EXPLORATORY — NOT PART OF CONFIRMATORY YAX v1.1,4030,Food preparation workers,-1.3951342564627924,1,True,False
POST-OUTCOME EXPLORATORY — NOT PART OF CONFIRMATORY YAX v1.1,4040,Bartenders,-0.7086775689401026,2,False,False
POST-OUTCOME EXPLORATORY — NOT PART OF CONFIRMATORY YAX v1.1,4055,Fast food and counter workers,-0.9049525901077757,1,True,False
POST-OUTCOME EXPLORATORY — NOT PART OF CONFIRMATORY YAX v1.1,4110,Waiters and waitresses,-0.9175250103190875,1,True,False
POST-OUTCOME EXPLORATORY — NOT PART OF CONFIRMATORY YAX v1.1,4120,"Food servers, nonrestaurant",-0.9722280549158836,1,True,False
POST-OUTCOME EXPLORATORY — NOT PART OF CONFIRMATORY YAX v1.1,4130,Dining room and cafeteria attendants and bartender helpers,-1.8028829940246511,1,True,False
POST-OUTCOME EXPLORATORY — NOT PART OF CONFIRMATORY YAX v1.1,4140,Dishwashers,-1.6906998113075948,1,True,False
POST-OUTCOME EXPLORATORY — NOT PART OF CONFIRMATORY YAX v1.1,4150,"Hosts and hostesses, restaurant, lounge, and coffee shop",-0.46221650192856867,2,False,False
POST-OUTCOME EXPLORATORY — NOT PART OF CONFIRMATORY YAX v1.1,4200,First-line supervisors of housekeeping and janitorial workers,-0.5598339683208458,2,False,False
POST-OUTCOME EXPLORATORY — NOT PART OF CONFIRMATORY YAX v1.1,4210,"First-line supervisors of landscaping, lawn service, and groundskeeping workers",-0.377248030079562,2,False,False
POST-OUTCOME EXPLORATORY — NOT PART OF CONFIRMATORY YAX v1.1,4230,Maids and housekeeping cleaners,-1.6257225315640396,1,True,False
POST-OUTCOME EXPLORATORY — NOT PART OF CONFIRMATORY YAX v1.1,4240,Pest control workers,-0.6160967860426815,2,False,False
POST-OUTCOME EXPLORATORY — NOT PART OF CONFIRMATORY YAX v1.1,4251,Landscaping and groundskeeping workers,-1.676827360326235,1,True,False
POST-OUTCOME EXPLORATORY — NOT PART OF CONFIRMATORY YAX v1.1,4252,Tree trimmers and pruners,-1.496909228806079,1,True,False
POST-OUTCOME EXPLORATORY — NOT PART OF CONFIRMATORY YAX v1.1,4330,Supervisors of personal care and service workers,0.16216984380991478,3,False,False
POST-OUTCOME EXPLORATORY — NOT PART OF CONFIRMATORY YAX v1.1,4340,Animal trainers,-1.0414507261779105,1,True,False
POST-OUTCOME EXPLORATORY — NOT PART OF CONFIRMATORY YAX v1.1,4350,Animal caretakers,-0.6982830933502442,2,False,False
POST-OUTCOME EXPLORATORY — NOT PART OF CONFIRMATORY YAX v1.1,4420,"Ushers, lobby attendants, and ticket takers",-0.6837548730436434,2,False,False
POST-OUTCOME EXPLORATORY — NOT PART OF CONFIRMATORY YAX v1.1,4461,"Embalmers, crematory operators and funeral attendants",-0.720117796006737,2,False,False
POST-OUTCOME EXPLORATORY — NOT PART OF CONFIRMATORY YAX v1.1,4465,"Morticians, undertakers, and funeral arrangers",-0.6005644534505188,2,False,False
POST-OUTCOME EXPLORATORY — NOT PART OF CONFIRMATORY YAX v1.1,4500,Barbers,-0.8916283017035973,1,True,False
POST-OUTCOME EXPLORATORY — NOT PART OF CONFIRMATORY YAX v1.1,4510,"Hairdressers, hairstylists, and cosmetologists",-0.9818908004588813,1,True,False
POST-OUTCOME EXPLORATORY — NOT PART OF CONFIRMATORY YAX v1.1,4521,Manicurists and pedicurists,-0.6685914813885249,2,False,False
POST-OUTCOME EXPLORATORY — NOT PART OF CONFIRMATORY YAX v1.1,4522,Skincare specialists,-0.5886384657076971,2,False,False
POST-OUTCOME EXPLORATORY — NOT PART OF CONFIRMATORY YAX v1.1,4525,Other personal appearance workers,-0.7583720898351356,2,False,False
POST-OUTCOME EXPLORATORY — NOT PART OF CONFIRMATORY YAX v1.1,4530,"Baggage porters, bellhops, and concierges",-0.29403394414238426,2,False,False
POST-OUTCOME EXPLORATORY — NOT PART OF CONFIRMATORY YAX v1.1,4600,Childcare workers,-0.7068955115241038,2,False,False
POST-OUTCOME EXPLORATORY — NOT PART OF CONFIRMATORY YAX v1.1,4621,Exercise trainers and group fitness instructors,-1.8186498171392187,1,True,False
POST-OUTCOME EXPLORATORY — NOT PART OF CONFIRMATORY YAX v1.1,4622,Recreation workers,-0.46421564943890226,2,False,False
POST-OUTCOME EXPLORATORY — NOT PART OF CONFIRMATORY YAX v1.1,4640,Residential advisors,-0.15995820358859852,2,False,False
POST-OUTCOME EXPLORATORY — NOT PART OF CONFIRMATORY YAX v1.1,4700,First-Line supervisors of retail sales workers,0.09690822852016394,3,False,False
POST-OUTCOME EXPLORATORY — NOT PART OF CONFIRMATORY YAX v1.1,4710,First-Line supervisors of non-retail sales workers,0.8802076145448638,5,False,True
POST-OUTCOME EXPLORATORY — NOT PART OF CONFIRMATORY YAX v1.1,4720,Cashiers,-0.4948017810945915,2,False,False
POST-OUTCOME EXPLORATORY — NOT PART OF CONFIRMATORY YAX v1.1,4740,Counter and rental clerks,0.28119937055813155,3,False,False
POST-OUTCOME EXPLORATORY — NOT PART OF CONFIRMATORY YAX v1.1,4750,Parts salespersons,-0.16518728079417105,2,False,False
POST-OUTCOME EXPLORATORY — NOT PART OF CONFIRMATORY YAX v1.1,4760,Retail salespersons,-0.15099912526685721,2,False,False
POST-OUTCOME EXPLORATORY — NOT PART OF CONFIRMATORY YAX v1.1,4800,Advertising sales agents,0.8473882558071413,5,False,True
POST-OUTCOME EXPLORATORY — NOT PART OF CONFIRMATORY YAX v1.1,4810,Insurance sales agents,1.0013896128579352,5,False,True
POST-OUTCOME EXPLORATORY — NOT PART OF CONFIRMATORY YAX v1.1,4820,"Securities, commodities, and financial services sales agents",1.0443843297903816,5,False,True
POST-OUTCOME EXPLORATORY — NOT PART OF CONFIRMATORY YAX v1.1,4830,Travel agents,0.8267057663448641,5,False,True
POST-OUTCOME EXPLORATORY — NOT PART OF CONFIRMATORY YAX v1.1,4850,"Sales representatives, wholesale and manufacturing",0.7814654893714206,4,False,False
POST-OUTCOME EXPLORATORY — NOT PART OF CONFIRMATORY YAX v1.1,4900,"Models, demonstrators, and product promoters",-0.7534920820487236,2,False,False
POST-OUTCOME EXPLORATORY — NOT PART OF CONFIRMATORY YAX v1.1,4920,Real estate brokers and sales agents,0.4400877431596578,3,False,False
POST-OUTCOME EXPLORATORY — NOT PART OF CONFIRMATORY YAX v1.1,4930,Sales engineers,0.8068464839153324,4,False,False
POST-OUTCOME EXPLORATORY — NOT PART OF CONFIRMATORY YAX v1.1,4940,Telemarketers,1.5579587613021144,5,False,True
POST-OUTCOME EXPLORATORY — NOT PART OF CONFIRMATORY YAX v1.1,4950,"Door-to-door sales workers, news and street vendors, and related workers",0.27656718249167367,3,False,False
POST-OUTCOME EXPLORATORY — NOT PART OF CONFIRMATORY YAX v1.1,5000,First-Line supervisors of office and administrative support workers,0.6171675387355875,4,False,False
POST-OUTCOME EXPLORATORY — NOT PART OF CONFIRMATORY YAX v1.1,5010,"Switchboard operators, including answering service",1.1275239531998458,5,False,True
POST-OUTCOME EXPLORATORY — NOT PART OF CONFIRMATORY YAX v1.1,5020,Telephone operators,1.8431162806800991,5,False,True
POST-OUTCOME EXPLORATORY — NOT PART OF CONFIRMATORY YAX v1.1,5100,Bill and account collectors,1.3264052636454342,5,False,True
POST-OUTCOME EXPLORATORY — NOT PART OF CONFIRMATORY YAX v1.1,5110,Billing and posting clerks,1.6913053629997872,5,False,True
POST-OUTCOME EXPLORATORY — NOT PART OF CONFIRMATORY YAX v1.1,5120,"Bookkeeping, accounting, and auditing clerks",1.5312048078586638,5,False,True
POST-OUTCOME EXPLORATORY — NOT PART OF CONFIRMATORY YAX v1.1,5130,Gambling cage workers,0.33120385118433143,3,False,False
POST-OUTCOME EXPLORATORY — NOT PART OF CONFIRMATORY YAX v1.1,5140,Payroll and timekeeping clerks,1.7451396041210445,5,False,True
POST-OUTCOME EXPLORATORY — NOT PART OF CONFIRMATORY YAX v1.1,5150,Procurement clerks,1.228598503137398,5,False,True
POST-OUTCOME EXPLORATORY — NOT PART OF CONFIRMATORY YAX v1.1,5160,Tellers,0.5555517164411997,4,False,False
POST-OUTCOME EXPLORATORY — NOT PART OF CONFIRMATORY YAX v1.1,5200,Brokerage clerks,1.5016540361526616,5,False,True
POST-OUTCOME EXPLORATORY — NOT PART OF CONFIRMATORY YAX v1.1,5220,"Court, municipal, and license clerks",1.2976034612351226,5,False,True
POST-OUTCOME EXPLORATORY — NOT PART OF CONFIRMATORY YAX v1.1,5230,"Credit authorizers, checkers, and clerks",1.3113516045934253,5,False,True
POST-OUTCOME EXPLORATORY — NOT PART OF CONFIRMATORY YAX v1.1,5240,Customer service representatives,0.8253507311619841,4,False,False
POST-OUTCOME EXPLORATORY — NOT PART OF CONFIRMATORY YAX v1.1,5250,"Eligibility interviewers, government programs",1.2752705194932275,5,False,True
POST-OUTCOME EXPLORATORY — NOT PART OF CONFIRMATORY YAX v1.1,5260,File clerks,1.1554293382158956,5,False,True
POST-OUTCOME EXPLORATORY — NOT PART OF CONFIRMATORY YAX v1.1,5300,"Hotel, motel, and resort desk clerks",0.45742833513868825,4,False,False
POST-OUTCOME EXPLORATORY — NOT PART OF CONFIRMATORY YAX v1.1,5310,"Interviewers, except eligibility and loan",1.363294323365174,5,False,True
POST-OUTCOME EXPLORATORY — NOT PART OF CONFIRMATORY YAX v1.1,5320,"Library assistants, clerical",0.4075733382349248,3,False,False
POST-OUTCOME EXPLORATORY — NOT PART OF CONFIRMATORY YAX v1.1,5330,Loan interviewers and clerks,1.058772760848632,5,False,True
POST-OUTCOME EXPLORATORY — NOT PART OF CONFIRMATORY YAX v1.1,5340,New accounts clerks,0.9242689022463018,5,False,True
POST-OUTCOME EXPLORATORY — NOT PART OF CONFIRMATORY YAX v1.1,5350,Order clerks,1.1257166952812314,5,False,True
POST-OUTCOME EXPLORATORY — NOT PART OF CONFIRMATORY YAX v1.1,5360,"Human resources assistants, except payroll and timekeeping",1.1669213278995114,5,False,True
POST-OUTCOME EXPLORATORY — NOT PART OF CONFIRMATORY YAX v1.1,5400,Receptionists and information clerks,0.7636908566511476,4,False,False
POST-OUTCOME EXPLORATORY — NOT PART OF CONFIRMATORY YAX v1.1,5410,Reservation and transportation ticket agents and travel clerks,0.16624540699220264,3,False,False
POST-OUTCOME EXPLORATORY — NOT PART OF CONFIRMATORY YAX v1.1,5500,Cargo and freight agents,0.9946464360562981,5,False,True
POST-OUTCOME EXPLORATORY — NOT PART OF CONFIRMATORY YAX v1.1,5510,Couriers and messengers,-0.5993844687885005,2,False,False
POST-OUTCOME EXPLORATORY — NOT PART OF CONFIRMATORY YAX v1.1,5521,Public safety telecommunicators,1.0463187458026506,5,False,True
POST-OUTCOME EXPLORATORY — NOT PART OF CONFIRMATORY YAX v1.1,5522,"Dispatchers, except police, fire, and ambulance",1.2542493888434432,5,False,True
POST-OUTCOME EXPLORATORY — NOT PART OF CONFIRMATORY YAX v1.1,5530,"Meter readers, utilities",-0.3333851171063056,2,False,False
POST-OUTCOME EXPLORATORY — NOT PART OF CONFIRMATORY YAX v1.1,5540,Postal service clerks,-0.43786732811261825,2,False,False
POST-OUTCOME EXPLORATORY — NOT PART OF CONFIRMATORY YAX v1.1,5550,Postal service mail carriers,-0.8281844307210396,2,False,False
POST-OUTCOME EXPLORATORY — NOT PART OF CONFIRMATORY YAX v1.1,5600,"Production, planning, and expediting clerks",0.7097459284472848,4,False,False
POST-OUTCOME EXPLORATORY — NOT PART OF CONFIRMATORY YAX v1.1,5610,"Shipping, receiving, and inventory clerks",-0.12974076925982353,3,False,False
POST-OUTCOME EXPLORATORY — NOT PART OF CONFIRMATORY YAX v1.1,5630,"Weighers, measurers, checkers, and samplers, recordkeeping",-0.26909909972197943,2,False,False
POST-OUTCOME EXPLORATORY — NOT PART OF CONFIRMATORY YAX v1.1,5710,Executive secretaries and executive administrative assistants,1.1184652012556766,5,False,True
POST-OUTCOME EXPLORATORY — NOT PART OF CONFIRMATORY YAX v1.1,5720,Legal secretaries and administrative assistants,1.1777466243463264,5,False,True
POST-OUTCOME EXPLORATORY — NOT PART OF CONFIRMATORY YAX v1.1,5730,Medical secretaries and administrative assistants,1.2038499294262615,5,False,True
POST-OUTCOME EXPLORATORY — NOT PART OF CONFIRMATORY YAX v1.1,5740,"Secretaries and administrative assistants, except legal, medical, and executive",1.1251006758114632,5,False,True
POST-OUTCOME EXPLORATORY — NOT PART OF CONFIRMATORY YAX v1.1,5810,Data entry keyers,1.4695006093304082,5,False,True
POST-OUTCOME EXPLORATORY — NOT PART OF CONFIRMATORY YAX v1.1,5820,Word processors and typists,1.2610637799200652,5,False,True
POST-OUTCOME EXPLORATORY — NOT PART OF CONFIRMATORY YAX v1.1,5840,Insurance claims and policy processing clerks,1.7147230172802987,5,False,True
POST-OUTCOME EXPLORATORY — NOT PART OF CONFIRMATORY YAX v1.1,5850,"Mail clerks and mail machine operators, except postal service",-0.7938901295458975,2,False,False
POST-OUTCOME EXPLORATORY — NOT PART OF CONFIRMATORY YAX v1.1,5860,"Office clerks, general",0.927585000252787,5,False,True
POST-OUTCOME EXPLORATORY — NOT PART OF CONFIRMATORY YAX v1.1,5900,"Office machine operators, except computer",-0.19911393269598834,2,False,False
POST-OUTCOME EXPLORATORY — NOT PART OF CONFIRMATORY YAX v1.1,5910,Proofreaders and copy markers,2.156989145461608,5,False,True
POST-OUTCOME EXPLORATORY — NOT PART OF CONFIRMATORY YAX v1.1,5920,Statistical assistants,2.0281594583011806,5,False,True
POST-OUTCOME EXPLORATORY — NOT PART OF CONFIRMATORY YAX v1.1,6005,"First-line supervisors of farming, fishing, and forestry workers",-0.45298911275396814,2,False,False
POST-OUTCOME EXPLORATORY — NOT PART OF CONFIRMATORY YAX v1.1,6010,Agricultural inspectors,-0.18913496395449036,2,False,False
POST-OUTCOME EXPLORATORY — NOT PART OF CONFIRMATORY YAX v1.1,6040,"Graders and sorters, agricultural products",-1.3740579173774023,1,True,False
POST-OUTCOME EXPLORATORY — NOT PART OF CONFIRMATORY YAX v1.1,6120,Forest and conservation workers,-1.2143281281871792,1,True,False
POST-OUTCOME EXPLORATORY — NOT PART OF CONFIRMATORY YAX v1.1,6200,First-line supervisors of construction trades and extraction workers,-0.2092277783099822,2,False,False
POST-OUTCOME EXPLORATORY — NOT PART OF CONFIRMATORY YAX v1.1,6210,Boilermakers,-1.2973116681403856,1,True,False
POST-OUTCOME EXPLORATORY — NOT PART OF CONFIRMATORY YAX v1.1,6220,"Brickmasons, blockmasons, and stonemasons",-1.580961170219092,1,True,False
POST-OUTCOME EXPLORATORY — NOT PART OF CONFIRMATORY YAX v1.1,6230,Carpenters,-1.168582748095159,1,True,False
POST-OUTCOME EXPLORATORY — NOT PART OF CONFIRMATORY YAX v1.1,6240,"Carpet, floor, and tile installers and finishers",-1.408560593313554,1,True,False
POST-OUTCOME EXPLORATORY — NOT PART OF CONFIRMATORY YAX v1.1,6250,"Cement masons, concrete finishers, and terrazzo workers",-1.6735164943424814,1,True,False
POST-OUTCOME EXPLORATORY — NOT PART OF CONFIRMATORY YAX v1.1,6260,Construction laborers,-1.5296937246611537,1,True,False
POST-OUTCOME EXPLORATORY — NOT PART OF CONFIRMATORY YAX v1.1,6305,Construction equipment operators,-1.2269727506117758,1,True,False
POST-OUTCOME EXPLORATORY — NOT PART OF CONFIRMATORY YAX v1.1,6330,"Drywall installers, ceiling tile installers, and tapers",-1.5535205727626988,1,True,False
POST-OUTCOME EXPLORATORY — NOT PART OF CONFIRMATORY YAX v1.1,6355,Electricians,-0.8834733074783541,1,True,False
POST-OUTCOME EXPLORATORY — NOT PART OF CONFIRMATORY YAX v1.1,6360,Glaziers,-1.3747291969359183,1,True,False
POST-OUTCOME EXPLORATORY — NOT PART OF CONFIRMATORY YAX v1.1,6400,Insulation workers,-1.4459608597930926,1,True,False
POST-OUTCOME EXPLORATORY — NOT PART OF CONFIRMATORY YAX v1.1,6410,Painters and paperhangers,-1.4992494363183422,1,True,False
POST-OUTCOME EXPLORATORY — NOT PART OF CONFIRMATORY YAX v1.1,6441,Pipelayers,-1.3664778888455404,1,True,False
POST-OUTCOME EXPLORATORY — NOT PART OF CONFIRMATORY YAX v1.1,6442,"Plumbers, pipefitters, and steamfitters",-1.2006337627974482,1,True,False
POST-OUTCOME EXPLORATORY — NOT PART OF CONFIRMATORY YAX v1.1,6460,Plasterers and stucco masons,-1.4870565822309176,1,True,False
POST-OUTCOME EXPLORATORY — NOT PART OF CONFIRMATORY YAX v1.1,6500,Reinforcing iron and rebar workers,-1.6434603925041253,1,True,False
POST-OUTCOME EXPLORATORY — NOT PART OF CONFIRMATORY YAX v1.1,6515,Roofers,-1.5974075854510912,1,True,False
POST-OUTCOME EXPLORATORY — NOT PART OF CONFIRMATORY YAX v1.1,6520,Sheet metal workers,-1.2782894765990025,1,True,False
POST-OUTCOME EXPLORATORY — NOT PART OF CONFIRMATORY YAX v1.1,6530,Structural iron and steel workers,-1.5912767388756035,1,True,False
POST-OUTCOME EXPLORATORY — NOT PART OF CONFIRMATORY YAX v1.1,6660,Construction and building inspectors,-0.1181881764281805,3,False,False
POST-OUTCOME EXPLORATORY — NOT PART OF CONFIRMATORY YAX v1.1,6700,Elevator and escalator installers and repairers,-0.8025661302636418,2,False,False
POST-OUTCOME EXPLORATORY — NOT PART OF CONFIRMATORY YAX v1.1,6710,Fence erectors,-1.6290541981622926,1,True,False
POST-OUTCOME EXPLORATORY — NOT PART OF CONFIRMATORY YAX v1.1,6720,Hazardous materials removal workers,-0.9767532386505933,1,True,False
POST-OUTCOME EXPLORATORY — NOT PART OF CONFIRMATORY YAX v1.1,6730,Highway maintenance workers,-1.4031799069107902,1,True,False
POST-OUTCOME EXPLORATORY — NOT PART OF CONFIRMATORY YAX v1.1,6740,Rail-track laying and maintenance equipment operators,-1.4825396745967336,1,True,False
POST-OUTCOME EXPLORATORY — NOT PART OF CONFIRMATORY YAX v1.1,6800,"Derrick, rotary drill, and service unit operators, oil and gas",-1.1805613533873218,1,True,False
POST-OUTCOME EXPLORATORY — NOT PART OF CONFIRMATORY YAX v1.1,6821,"Excavating and loading machine and dragline operators, surface mining",-1.3738174365986255,1,True,False
POST-OUTCOME EXPLORATORY — NOT PART OF CONFIRMATORY YAX v1.1,6825,"Earth drillers, except oil and gas",-0.8673411408942169,2,False,False
POST-OUTCOME EXPLORATORY — NOT PART OF CONFIRMATORY YAX v1.1,7000,"First-line supervisors of mechanics, installers, and repairers",-0.06660787617825864,3,False,False
POST-OUTCOME EXPLORATORY — NOT PART OF CONFIRMATORY YAX v1.1,7010,"Computer, automated teller, and office machine repairers",-0.16460144043982938,2,False,False
POST-OUTCOME EXPLORATORY — NOT PART OF CONFIRMATORY YAX v1.1,7020,Radio and telecommunications equipment installers and repairers,-0.5868734487560081,2,False,False
POST-OUTCOME EXPLORATORY — NOT PART OF CONFIRMATORY YAX v1.1,7030,Avionics technicians,-0.4096796965359283,2,False,False
POST-OUTCOME EXPLORATORY — NOT PART OF CONFIRMATORY YAX v1.1,7040,"Electric motor, power tool, and related repairers",-0.9639467320981454,1,True,False
POST-OUTCOME EXPLORATORY — NOT PART OF CONFIRMATORY YAX v1.1,7100,"Electrical and electronics repairers, industrial and utility",-0.6238839504948259,2,False,False
POST-OUTCOME EXPLORATORY — NOT PART OF CONFIRMATORY YAX v1.1,7110,"Electronic equipment installers and repairers, motor vehicles",-0.7879181118860958,2,False,False
POST-OUTCOME EXPLORATORY — NOT PART OF CONFIRMATORY YAX v1.1,7120,Audiovisual equipment installers and repairers,-0.5614957687876215,2,False,False
POST-OUTCOME EXPLORATORY — NOT PART OF CONFIRMATORY YAX v1.1,7130,Security and fire alarm systems installers,-0.8275338375026672,2,False,False
POST-OUTCOME EXPLORATORY — NOT PART OF CONFIRMATORY YAX v1.1,7140,Aircraft mechanics and service technicians,-0.8279122283429394,2,False,False
POST-OUTCOME EXPLORATORY — NOT PART OF CONFIRMATORY YAX v1.1,7150,Automotive body and related repairers,-1.3363817955327937,1,True,False
POST-OUTCOME EXPLORATORY — NOT PART OF CONFIRMATORY YAX v1.1,7160,Automotive glass installers and repairers,-1.4390156954235187,1,True,False
POST-OUTCOME EXPLORATORY — NOT PART OF CONFIRMATORY YAX v1.1,7200,Automotive service technicians and mechanics,-1.099366358971519,1,True,False
POST-OUTCOME EXPLORATORY — NOT PART OF CONFIRMATORY YAX v1.1,7210,Bus and truck mechanics and diesel engine specialists,-1.3130103455915787,1,True,False
POST-OUTCOME EXPLORATORY — NOT PART OF CONFIRMATORY YAX v1.1,7220,Heavy vehicle and mobile equipment service technicians and mechanics,-1.1896197676616211,1,True,False
POST-OUTCOME EXPLORATORY — NOT PART OF CONFIRMATORY YAX v1.1,7240,Small engine mechanics,-0.9859764886221489,1,True,False
POST-OUTCOME EXPLORATORY — NOT PART OF CONFIRMATORY YAX v1.1,7260,"Miscellaneous vehicle and mobile equipment mechanics, installers, and repairers",-1.3845795310720381,1,True,False
POST-OUTCOME EXPLORATORY — NOT PART OF CONFIRMATORY YAX v1.1,7300,Control and valve installers and repairers,-1.0250997261850898,1,True,False
POST-OUTCOME EXPLORATORY — NOT PART OF CONFIRMATORY YAX v1.1,7315,"Heating, air conditioning, and refrigeration mechanics and installers",-0.9986396279017669,1,True,False
POST-OUTCOME EXPLORATORY — NOT PART OF CONFIRMATORY YAX v1.1,7320,Home appliance repairers,-0.9816791690567642,1,True,False
POST-OUTCOME EXPLORATORY — NOT PART OF CONFIRMATORY YAX v1.1,7330,Industrial and refractory machinery mechanics,-0.8384241047608032,2,False,False
POST-OUTCOME EXPLORATORY — NOT PART OF CONFIRMATORY YAX v1.1,7340,"Maintenance and repair workers, general",-1.056556986938528,1,True,False
POST-OUTCOME EXPLORATORY — NOT PART OF CONFIRMATORY YAX v1.1,7350,"Maintenance workers, machinery",-0.9760288224325011,1,True,False
POST-OUTCOME EXPLORATORY — NOT PART OF CONFIRMATORY YAX v1.1,7360,Millwrights,-1.368621517965014,1,True,False
POST-OUTCOME EXPLORATORY — NOT PART OF CONFIRMATORY YAX v1.1,7410,Electrical power-line installers and repairers,-1.320352130491091,1,True,False
POST-OUTCOME EXPLORATORY — NOT PART OF CONFIRMATORY YAX v1.1,7420,Telecommunications line installers and repairers,-1.283001047551016,1,True,False
POST-OUTCOME EXPLORATORY — NOT PART OF CONFIRMATORY YAX v1.1,7510,"Coin, vending, and amusement machine servicers and repairers",-0.4296520598317394,2,False,False
POST-OUTCOME EXPLORATORY — NOT PART OF CONFIRMATORY YAX v1.1,7540,Locksmiths and safe repairers,-1.0519248459098973,1,True,False
POST-OUTCOME EXPLORATORY — NOT PART OF CONFIRMATORY YAX v1.1,7550,Manufactured building and mobile home installers,-1.2948283877669393,1,True,False
POST-OUTCOME EXPLORATORY — NOT PART OF CONFIRMATORY YAX v1.1,7560,Riggers,-1.4118973449824055,1,True,False
POST-OUTCOME EXPLORATORY — NOT PART OF CONFIRMATORY YAX v1.1,7610,"Helpers--installation, maintenance, and repair workers",-1.4397561504452145,1,True,False
POST-OUTCOME EXPLORATORY — NOT PART OF CONFIRMATORY YAX v1.1,7700,First-line supervisors of production and operating workers,-0.05317876284846457,3,False,False
POST-OUTCOME EXPLORATORY — NOT PART OF CONFIRMATORY YAX v1.1,7710,"Aircraft structure, surfaces, rigging, and systems assemblers",-1.221830021057821,1,True,False
POST-OUTCOME EXPLORATORY — NOT PART OF CONFIRMATORY YAX v1.1,7720,"Electrical, electronics, and electromechanical assemblers",-0.9222342064162536,1,True,False
POST-OUTCOME EXPLORATORY — NOT PART OF CONFIRMATORY YAX v1.1,7730,Engine and other machine assemblers,-1.1405075946731482,1,True,False
POST-OUTCOME EXPLORATORY — NOT PART OF CONFIRMATORY YAX v1.1,7740,Structural metal fabricators and fitters,-1.3426421033290539,1,True,False
POST-OUTCOME EXPLORATORY — NOT PART OF CONFIRMATORY YAX v1.1,7800,Bakers,-0.488821773418513,2,False,False
POST-OUTCOME EXPLORATORY — NOT PART OF CONFIRMATORY YAX v1.1,7810,"Butchers and other meat, poultry, and fish processing workers",-1.359661593502484,1,True,False
POST-OUTCOME EXPLORATORY — NOT PART OF CONFIRMATORY YAX v1.1,7830,"Food and tobacco roasting, baking, and drying machine operators and tenders",-1.0505240191282632,1,True,False
POST-OUTCOME EXPLORATORY — NOT PART OF CONFIRMATORY YAX v1.1,7840,Food batchmakers,-0.7535781075514714,2,False,False
POST-OUTCOME EXPLORATORY — NOT PART OF CONFIRMATORY YAX v1.1,7850,Food cooking machine operators and tenders,-0.8141009918755573,2,False,False
POST-OUTCOME EXPLORATORY — NOT PART OF CONFIRMATORY YAX v1.1,7925,"Forming machine setters, operators, and tenders, metal and plastic",-1.2000405889939403,1,True,False
POST-OUTCOME EXPLORATORY — NOT PART OF CONFIRMATORY YAX v1.1,7950,"Cutting, punching, and press machine setters, operators, and tenders, metal and plastic",-1.323790412111278,1,True,False
POST-OUTCOME EXPLORATORY — NOT PART OF CONFIRMATORY YAX v1.1,8000,"Grinding, lapping, polishing, and buffing machine tool setters, operators, and tenders, metal and plastic",-1.1758256620482648,1,True,False
POST-OUTCOME EXPLORATORY — NOT PART OF CONFIRMATORY YAX v1.1,8030,Machinists,-0.7307705856560528,2,False,False
POST-OUTCOME EXPLORATORY — NOT PART OF CONFIRMATORY YAX v1.1,8040,"Metal furnace operators, tenders, pourers, and casters",-1.1938461842292756,1,True,False
POST-OUTCOME EXPLORATORY — NOT PART OF CONFIRMATORY YAX v1.1,8100,"Molders and molding machine setters, operators, and tenders, metal and plastic",-1.3331966693038315,1,True,False
POST-OUTCOME EXPLORATORY — NOT PART OF CONFIRMATORY YAX v1.1,8130,Tool and die makers,-0.7068231124795983,2,False,False
POST-OUTCOME EXPLORATORY — NOT PART OF CONFIRMATORY YAX v1.1,8140,"Welding, soldering, and brazing workers",-1.1941510292452706,1,True,False
POST-OUTCOME EXPLORATORY — NOT PART OF CONFIRMATORY YAX v1.1,8250,Prepress technicians and workers,0.21411598733305617,3,False,False
POST-OUTCOME EXPLORATORY — NOT PART OF CONFIRMATORY YAX v1.1,8255,Printing press operators,-0.5549053534905697,2,False,False
POST-OUTCOME EXPLORATORY — NOT PART OF CONFIRMATORY YAX v1.1,8300,Laundry and dry-cleaning workers,-1.2848437218531563,1,True,False
POST-OUTCOME EXPLORATORY — NOT PART OF CONFIRMATORY YAX v1.1,8310,"Pressers, textile, garment, and related materials",-1.855225408103591,1,True,False
POST-OUTCOME EXPLORATORY — NOT PART OF CONFIRMATORY YAX v1.1,8320,Sewing machine operators,-1.136522321866539,1,True,False
POST-OUTCOME EXPLORATORY — NOT PART OF CONFIRMATORY YAX v1.1,8335,Shoe and leather workers,-1.2154468681156452,1,True,False
POST-OUTCOME EXPLORATORY — NOT PART OF CONFIRMATORY YAX v1.1,8350,"Tailors, dressmakers, and sewers",-0.9123632426097865,1,True,False
POST-OUTCOME EXPLORATORY — NOT PART OF CONFIRMATORY YAX v1.1,8365,"Textile machine setters, operators, and tenders",-1.1001213399986383,1,True,False
POST-OUTCOME EXPLORATORY — NOT PART OF CONFIRMATORY YAX v1.1,8450,Upholsterers,-1.0343970011720403,1,True,False
POST-OUTCOME EXPLORATORY — NOT PART OF CONFIRMATORY YAX v1.1,8500,Cabinetmakers and bench carpenters,-1.213463841867823,1,True,False
POST-OUTCOME EXPLORATORY — NOT PART OF CONFIRMATORY YAX v1.1,8510,Furniture finishers,-1.3658431697795772,1,True,False
POST-OUTCOME EXPLORATORY — NOT PART OF CONFIRMATORY YAX v1.1,8530,"Sawing machine setters, operators, and tenders, wood",-1.3114193099303517,1,True,False
POST-OUTCOME EXPLORATORY — NOT PART OF CONFIRMATORY YAX v1.1,8540,"Woodworking machine setters, operators, and tenders, except sawing",-1.2622029987972532,1,True,False
POST-OUTCOME EXPLORATORY — NOT PART OF CONFIRMATORY YAX v1.1,8600,"Power plant operators, distributors, and dispatchers",-0.3317044126209124,2,False,False
POST-OUTCOME EXPLORATORY — NOT PART OF CONFIRMATORY YAX v1.1,8610,Stationary engineers and boiler operators,-0.6976063215366946,2,False,False
POST-OUTCOME EXPLORATORY — NOT PART OF CONFIRMATORY YAX v1.1,8620,Water and wastewater treatment plant and system operators,-0.7445298079499927,2,False,False
POST-OUTCOME EXPLORATORY — NOT PART OF CONFIRMATORY YAX v1.1,8630,Miscellaneous plant and system operators,-0.7435792755396791,2,False,False
POST-OUTCOME EXPLORATORY — NOT PART OF CONFIRMATORY YAX v1.1,8640,"Chemical processing machine setters, operators, and tenders",-0.8449407625618184,2,False,False
POST-OUTCOME EXPLORATORY — NOT PART OF CONFIRMATORY YAX v1.1,8650,"Crushing, grinding, polishing, mixing, and blending workers",-1.053423280455549,1,True,False
POST-OUTCOME EXPLORATORY — NOT PART OF CONFIRMATORY YAX v1.1,8710,Cutting workers,-1.2163284716220182,1,True,False
POST-OUTCOME EXPLORATORY — NOT PART OF CONFIRMATORY YAX v1.1,8720,"Extruding, forming, pressing, and compacting machine setters, operators, and tenders",-1.158486713968517,1,True,False
POST-OUTCOME EXPLORATORY — NOT PART OF CONFIRMATORY YAX v1.1,8730,"Furnace, kiln, oven, drier, and kettle operators and tenders",-0.9162816729061682,1,True,False
POST-OUTCOME EXPLORATORY — NOT PART OF CONFIRMATORY YAX v1.1,8740,"Inspectors, testers, sorters, samplers, and weighers",0.002486583260086217,3,False,False
POST-OUTCOME EXPLORATORY — NOT PART OF CONFIRMATORY YAX v1.1,8750,Jewelers and precious stone and metal workers,-0.47465232029884336,2,False,False
POST-OUTCOME EXPLORATORY — NOT PART OF CONFIRMATORY YAX v1.1,8760,Dental and ophthalmic laboratory technicians and medical appliance technicians,-0.8408015446273415,2,False,False
POST-OUTCOME EXPLORATORY — NOT PART OF CONFIRMATORY YAX v1.1,8800,Packaging and filling machine operators and tenders,-1.3100080029119168,1,True,False
POST-OUTCOME EXPLORATORY — NOT PART OF CONFIRMATORY YAX v1.1,8810,Painting workers,-1.3277380826691494,1,True,False
POST-OUTCOME EXPLORATORY — NOT PART OF CONFIRMATORY YAX v1.1,8830,Photographic process workers and processing machine operators,-0.2728792821060766,2,False,False
POST-OUTCOME EXPLORATORY — NOT PART OF CONFIRMATORY YAX v1.1,8850,Adhesive bonding machine operators and tenders,-1.3024473658024895,1,True,False
POST-OUTCOME EXPLORATORY — NOT PART OF CONFIRMATORY YAX v1.1,8910,Etchers and engravers,-0.9051675787412645,1,True,False
POST-OUTCOME EXPLORATORY — NOT PART OF CONFIRMATORY YAX v1.1,8920,"Molders, shapers, and casters, except metal and plastic",-1.2632212087433021,1,True,False
POST-OUTCOME EXPLORATORY — NOT PART OF CONFIRMATORY YAX v1.1,8930,"Paper goods machine setters, operators, and tenders",-1.267942250716433,1,True,False
POST-OUTCOME EXPLORATORY — NOT PART OF CONFIRMATORY YAX v1.1,8940,Tire builders,-1.5838255070881393,1,True,False
POST-OUTCOME EXPLORATORY — NOT PART OF CONFIRMATORY YAX v1.1,8950,Helpers--production workers,-1.330089310737431,1,True,False
POST-OUTCOME EXPLORATORY — NOT PART OF CONFIRMATORY YAX v1.1,9030,Aircraft pilots and flight engineers,-0.2784932782963904,2,False,False
POST-OUTCOME EXPLORATORY — NOT PART OF CONFIRMATORY YAX v1.1,9040,Air traffic controllers and airfield operations specialists,0.2944365393573787,3,False,False
POST-OUTCOME EXPLORATORY — NOT PART OF CONFIRMATORY YAX v1.1,9050,Flight attendants,-0.7963479213809992,2,False,False
POST-OUTCOME EXPLORATORY — NOT PART OF CONFIRMATORY YAX v1.1,9110,"Ambulance drivers and attendants, except emergency medical technicians",-0.9987968859609657,1,True,False
POST-OUTCOME EXPLORATORY — NOT PART OF CONFIRMATORY YAX v1.1,9122,"Bus drivers, transit and intercity",-0.5515901409657453,2,False,False
POST-OUTCOME EXPLORATORY — NOT PART OF CONFIRMATORY YAX v1.1,9130,Driver/sales workers and truck drivers,-0.6470930455076717,2,False,False
POST-OUTCOME EXPLORATORY — NOT PART OF CONFIRMATORY YAX v1.1,9210,Locomotive engineers and operators,-0.47545605632056837,2,False,False
POST-OUTCOME EXPLORATORY — NOT PART OF CONFIRMATORY YAX v1.1,9240,Railroad conductors and yardmasters,-0.4927385616434468,2,False,False
POST-OUTCOME EXPLORATORY — NOT PART OF CONFIRMATORY YAX v1.1,9300,Sailors and marine oilers,-1.272238706817272,1,True,False
POST-OUTCOME EXPLORATORY — NOT PART OF CONFIRMATORY YAX v1.1,9310,Ship and boat captains and operators,-0.5371726199424294,2,False,False
POST-OUTCOME EXPLORATORY — NOT PART OF CONFIRMATORY YAX v1.1,9350,Parking attendants,-1.0430199642085103,1,True,False
POST-OUTCOME EXPLORATORY — NOT PART OF CONFIRMATORY YAX v1.1,9410,Transportation inspectors,-0.05973387321117997,3,False,False
POST-OUTCOME EXPLORATORY — NOT PART OF CONFIRMATORY YAX v1.1,9415,Passenger attendants,-0.5298298996730608,2,False,False
POST-OUTCOME EXPLORATORY — NOT PART OF CONFIRMATORY YAX v1.1,9510,Crane and tower operators,-0.9115731926143639,1,True,False
POST-OUTCOME EXPLORATORY — NOT PART OF CONFIRMATORY YAX v1.1,9570,"Conveyor, dredge, and hoist and winch operators",-1.1940405872937592,1,True,False
POST-OUTCOME EXPLORATORY — NOT PART OF CONFIRMATORY YAX v1.1,9600,Industrial truck and tractor operators,-1.4588924778393757,1,True,False
POST-OUTCOME EXPLORATORY — NOT PART OF CONFIRMATORY YAX v1.1,9610,Cleaners of vehicles and equipment,-1.4927001710919519,1,True,False
POST-OUTCOME EXPLORATORY — NOT PART OF CONFIRMATORY YAX v1.1,9620,"Laborers and freight, stock, and material movers, hand",-1.51927740455196,1,True,False
POST-OUTCOME EXPLORATORY — NOT PART OF CONFIRMATORY YAX v1.1,9630,Machine feeders and offbearers,-1.1408939734986379,1,True,False
POST-OUTCOME EXPLORATORY — NOT PART OF CONFIRMATORY YAX v1.1,9640,"Packers and packagers, hand",-1.3594569173241422,1,True,False
POST-OUTCOME EXPLORATORY — NOT PART OF CONFIRMATORY YAX v1.1,9645,Stockers and order fillers,-0.8719328388261787,2,False,False
POST-OUTCOME EXPLORATORY — NOT PART OF CONFIRMATORY YAX v1.1,9650,Pumping station operators,-1.0028057649522841,1,True,False
POST-OUTCOME EXPLORATORY — NOT PART OF CONFIRMATORY YAX v1.1,9720,Refuse and recyclable material collectors,-0.9869161744451689,1,True,False
